mode,control_gain,phase,interval_start_s,frequency_hz,driver_frequency_hz
presynaptic,0.3533467394426889,pre,216.6343269777181,0.013254724653092744,3.6715587289066898
presynaptic,0.3533467394426889,pre,292.07912316717864,0.013654375200445655,3.686681304120327
presynaptic,0.3533467394426889,pre,365.31572208291385,0.013466346195705645,3.6897788576233466
presynaptic,0.3533467394426889,pre,439.57491499738796,0.013498005331136285,3.684955455400206
presynaptic,0.3533467394426889,pre,513.6599353739371,0.01318996848285108,3.6800012067154513
presynaptic,0.3533467394426889,pre,589.4751279045446,0.013453394554608734,3.6862301079627935
presynaptic,0.3533467394426889,pre,663.8058104650609,0.013260483698227448,3.6731539844090033
presynaptic,0.3533467394426889,pre,739.2178408824484,0.01323768574957762,3.6933143241321558
presynaptic,0.3533467394426889,pre,814.7597459342364,0.013270369108489596,3.675892243051618
presynaptic,0.4016087331226659,pre,187.1157876576898,0.015424491700016545,3.686453516303954
presynaptic,0.4016087331226659,pre,251.94774578302156,0.015088065122440316,3.681487889875437
presynaptic,0.4016087331226659,pre,318.2252964089604,0.015445100164721,3.6759338392035983
presynaptic,0.4016087331226659,pre,382.97074896899977,0.016557985982879442,3.692430874182116
presynaptic,0.4016087331226659,pre,443.3645674583967,0.015432586910705703,3.6729556847479574
presynaptic,0.4016087331226659,pre,508.16251778170204,0.015369026241711034,3.6885662980106484
presynaptic,0.4016087331226659,pre,573.228448717914,0.015137761868038902,3.678476133933453
presynaptic,0.4016087331226659,pre,639.2884124508189,0.01541077077755894,3.6831742158365866
presynaptic,0.4016087331226659,pre,704.1780934689931,0.015073738798053184,3.69306600552303
presynaptic,0.4498707268026429,pre,167.0209727451441,0.016594398487655846,3.683956464259598
presynaptic,0.4498707268026429,pre,227.28227120340847,0.01659162389452819,3.6833405045852587
presynaptic,0.4498707268026429,pre,287.5536470709505,0.01659119990912117,3.6832463798249
presynaptic,0.4498707268026429,pre,347.82656316367024,0.016591059182147594,3.683215138436766
presynaptic,0.4498707268026429,pre,408.0999904971117,0.016590996797368533,3.6832012890158143
presynaptic,0.4498707268026429,pre,468.3736444681985,0.01659099577420335,3.6832010618731443
presynaptic,0.4498707268026429,pre,528.647302156356,0.01659101630563377,3.6832056198506966
presynaptic,0.4498707268026429,pre,588.9208852556886,0.01659110035881681,3.6832242796573325
presynaptic,0.4498707268026429,pre,649.1941629993545,0.01659132832043172,3.6832748871358416
presynaptic,0.4981327204826199,pre,150.23215429181434,0.018871556464585763,3.6799535105942236
presynaptic,0.4981327204826199,pre,203.2219541462457,0.018823523351586574,3.689410576910969
presynaptic,0.4981327204826199,pre,256.34697124968363,0.018895424435396838,3.6846077649023834
presynaptic,0.4981327204826199,pre,309.2698364342676,0.018799276714693582,3.6846582360799425
presynaptic,0.4981327204826199,pre,362.4633722908038,0.019778033738801295,3.6787142754170405
presynaptic,0.4981327204826199,pre,413.0245156889042,0.018848830551620694,3.675521957566035
presynaptic,0.4981327204826199,pre,466.07820500195373,0.01881287021470705,3.6873225620825814
presynaptic,0.4981327204826199,pre,519.2333051321957,0.0188979447712559,3.6850992303949
presynaptic,0.4981327204826199,pre,572.1491122267861,0.019305753644968015,3.687398946188891
presynaptic,0.546394714162597,pre,144.5292830492547,0.019694735152721708,3.682915473558959
presynaptic,0.546394714162597,pre,195.304274042815,0.019698952131260397,3.683704048545694
presynaptic,0.546394714162597,pre,246.06839557256345,0.020232469687223337,3.6823094830746474
presynaptic,0.546394714162597,pre,295.49389900635794,0.019696350550492573,3.683217552942111
presynaptic,0.546394714162597,pre,346.2647256849576,0.020184803122197927,3.6938189713622203
presynaptic,0.546394714162597,pre,395.80694781841333,0.020192373117263,3.675011907341866
presynaptic,0.546394714162597,pre,445.33059688099297,0.019769617381994297,3.6771488330509388
presynaptic,0.546394714162597,pre,495.91326525932874,0.020253538020042334,3.686143919647705
presynaptic,0.546394714162597,pre,545.2873548139748,0.020751545038300723,3.6937750168175287
presynaptic,0.594656707842574,pre,139.6314922911558,0.02069126195018306,3.6830446271325847
presynaptic,0.594656707842574,pre,187.96107230457557,0.020691735704085817,3.6831289553272755
presynaptic,0.594656707842574,pre,236.28954577345613,0.02069184895072265,3.6831491132286316
presynaptic,0.594656707842574,pre,284.6177547402568,0.020691880730799157,3.68315477008225
presynaptic,0.594656707842574,pre,332.9458894811233,0.020691890746481777,3.683156552873756
presynaptic,0.594656707842574,pre,381.27400082928654,0.020691887763171754,3.683156021844572
presynaptic,0.594656707842574,pre,429.6021191452886,0.02069188971840911,3.6831563698768215
presynaptic,0.594656707842574,pre,477.930232894625,0.02069189061099682,3.6831565287574337
presynaptic,0.594656707842574,pre,526.2583445592278,0.020691889383087796,3.6831563101896276
presynaptic,0.642918701522551,pre,127.60826539755439,0.022983764836762677,3.6774023738820283
presynaptic,0.642918701522551,pre,171.11723823565504,0.023632516334298727,3.6866725481506015
presynaptic,0.642918701522551,pre,213.4318181074846,0.022977577655538355,3.676412424886137
presynaptic,0.642918701522551,pre,256.95250662353305,0.02363983465714964,3.687814206515344
presynaptic,0.642918701522551,pre,299.25398692164333,0.02306454524242569,3.6903272387881105
presynaptic,0.642918701522551,pre,342.6105755510418,0.021357804375282306,3.6735423525485564
presynaptic,0.642918701522551,pre,389.4318677788756,0.02314160946453135,3.679515904860485
presynaptic,0.642918701522551,pre,432.64407397968796,0.021805962694261716,3.68520769533023
presynaptic,0.642918701522551,pre,478.50309034236165,0.023065439978960104,3.690470396633617
presynaptic,0.691180695202528,pre,119.23642331957197,0.023567517628551617,3.6765327500540526
presynaptic,0.691180695202528,pre,161.66770589082242,0.024395680785619277,3.6837477986285108
presynaptic,0.691180695202528,pre,202.65856852702638,0.023623689900337523,3.6852956244526536
presynaptic,0.691180695202528,pre,244.9889582425514,0.023783496518720366,3.6864419604016567
presynaptic,0.691180695202528,pre,287.03492062713536,0.02578990564155706,3.687956506742659
presynaptic,0.691180695202528,pre,325.8097813768634,0.024306159067514092,3.670230019194628
presynaptic,0.691180695202528,pre,366.9516169594557,0.024315481378586936,3.695953169545214
presynaptic,0.691180695202528,pre,408.07767917595925,0.023809899932900506,3.666724589666678
presynaptic,0.691180695202528,pre,450.0770157048037,0.025080030577747412,3.6867644949288696
presynaptic,0.739442688882505,pre,120.10140405148552,0.02594127575658903,3.6836611574356426
presynaptic,0.739442688882505,pre,158.65000934689016,0.02592634182325191,3.6815405389017712
presynaptic,0.739442688882505,pre,197.2208191748758,0.02511427346487808,3.691798199337078
presynaptic,0.739442688882505,pre,237.03881356752603,0.024555692595937678,3.6833538893906517
presynaptic,0.739442688882505,pre,277.7625681956253,0.024555006343567352,3.683250951535103
presynaptic,0.739442688882505,pre,318.4874609530637,0.024554591975722857,3.6831887963584284
presynaptic,0.739442688882505,pre,359.2130409581683,0.02455445837523869,3.683168756285803
presynaptic,0.739442688882505,pre,399.9388425506165,0.02455440844491113,3.6831612667366693
presynaptic,0.739442688882505,pre,440.66472695722086,0.02455439347717122,3.6831590215756833
presynaptic,0.787704682562482,pre,113.00221123192817,0.026709571562038233,3.6859208755612762
presynaptic,0.787704682562482,pre,150.44197314189753,0.025058924193961628,3.683661856512359
presynaptic,0.787704682562482,pre,190.34791612092482,0.025880544252367996,3.6750372838362555
presynaptic,0.787704682562482,pre,228.98697989982904,0.026712052539980623,3.6862632505173263
presynaptic,0.787704682562482,pre,266.42326445726894,0.02590071924887846,3.677902133340741
presynaptic,0.787704682562482,pre,305.0322308875468,0.02594507804004683,3.6842010816866497
presynaptic,0.787704682562482,pre,343.57518683689784,0.02657682009815079,3.69417799364296
presynaptic,0.787704682562482,pre,381.20196070626605,0.025337791024823468,3.673979698599403
presynaptic,0.787704682562482,pre,420.66870028985085,0.025922865867589486,3.6810469531977072
presynaptic,0.835966676242459,pre,109.15138411474355,0.027044301953973986,3.6780250657404623
presynaptic,0.835966676242459,pre,146.12774984612292,0.02747609293301849,3.6817964530244778
presynaptic,0.835966676242459,pre,182.52302636661696,0.027532672165346574,3.6893780701564407
presynaptic,0.835966676242459,pre,218.84351113447866,0.026282038991777442,3.6794854588488417
presynaptic,0.835966676242459,pre,256.8923094150405,0.025382049083948387,3.680397117172516
presynaptic,0.835966676242459,pre,296.29023180864266,0.02748640433284933,3.6831781806018102
presynaptic,0.835966676242459,pre,332.67185480634004,0.027545498162668828,3.691096753797623
presynaptic,0.835966676242459,pre,368.97542768400376,0.027020763952045113,3.6748238974781353
presynaptic,0.835966676242459,pre,405.9840038210346,0.027509697615187945,3.6862994804351845
presynaptic,0.8842286699224361,pre,111.0338277538992,0.026875500280225766,3.6819435383909296
presynaptic,0.8842286699224361,pre,148.2424374383028,0.026669338723326864,3.6803687438191073
presynaptic,0.8842286699224361,pre,185.73868023510414,0.027659040684280288,3.678652411009278
presynaptic,0.8842286699224361,pre,221.8932241115423,0.027666940058126026,3.6797030277307616
presynaptic,0.8842286699224361,pre,258.0374452613724,0.02753895249695137,3.6902196345914837
presynaptic,0.8842286699224361,pre,294.34964704576134,0.027665796522916647,3.679550937547914
presynaptic,0.8842286699224361,pre,330.4953621771389,0.02766605810818931,3.679585728389178
presynaptic,0.8842286699224361,pre,366.6407355472611,0.027516825287846387,3.687254588571416
presynaptic,0.8842286699224361,pre,402.98213720022284,0.02752057064135134,3.6877564659410798
presynaptic,0.9324906636024131,pre,106.05273908129315,0.026763423504734176,3.6933524436533163
presynaptic,0.9324906636024131,pre,143.41716668612145,0.027542855620904954,3.690742653201264
presynaptic,0.9324906636024131,pre,179.72422263427094,0.02876609555788407,3.682060231409161
presynaptic,0.9324906636024131,pre,214.48736933896598,0.026922767059828594,3.661496320136689
presynaptic,0.9324906636024131,pre,251.63065397155108,0.02689285616506072,3.6843212946133184
presynaptic,0.9324906636024131,pre,288.81525027706374,0.026639638260461784,3.702909718204188
presynaptic,0.9324906636024131,pre,326.3532975366689,0.027901302407362646,3.6829719177718694
presynaptic,0.9324906636024131,pre,362.1939183578718,0.026368181394730857,3.6651772138675893
presynaptic,0.9324906636024131,pre,400.11841474349774,0.02845229564199912,3.698798433459886
presynaptic,0.9807526572823901,pre,107.02068092662051,0.026248889714491862,3.674844560028861
presynaptic,0.9807526572823901,pre,145.11753038871055,0.027672629088456937,3.680459668764773
presynaptic,0.9807526572823901,pre,181.254320890381,0.02769040485468251,3.682823845672774
presynaptic,0.9807526572823901,pre,217.36791349575952,0.027676903181629287,3.6810281231566955
presynaptic,0.9807526572823901,pre,253.49912345944347,0.026866927895274388,3.680769121652591
presynaptic,0.9807526572823901,pre,290.71960523160357,0.026356518020911608,3.6899125229276253
presynaptic,0.9807526572823901,pre,328.6608840912233,0.02867956146432171,3.6996634288975003
presynaptic,0.9807526572823901,pre,363.5289207327191,0.028962249825105642,3.678205727788417
presynaptic,0.9807526572823901,pre,398.05662510785226,0.02777773239385797,3.666660675989252
presynaptic,1.0290146509623672,pre,104.05286443634537,0.02947389923222168,3.68423740402771
presynaptic,1.0290146509623672,pre,137.98118834493675,0.028950850789007977,3.6767580502040134
presynaptic,1.0290146509623672,pre,172.5224875726499,0.027831196436168982,3.673717929574306
presynaptic,1.0290146509623672,pre,208.45338987120923,0.027977474064258052,3.693026576482063
presynaptic,1.0290146509623672,pre,244.19643077987817,0.029520878086979844,3.6901097608724807
presynaptic,1.0290146509623672,pre,278.07076192455537,0.028696213984760906,3.673115390049396
presynaptic,1.0290146509623672,pre,312.91856451381153,0.0283471956625672,3.685135436133736
presynaptic,1.0290146509623672,pre,348.195422651864,0.02887272178039807,3.695708387890953
presynaptic,1.0290146509623672,pre,382.8301899455699,0.028069186996141162,3.677063496494492
presynaptic,1.077276644642344,pre,102.92401389304747,0.02818886772243655,3.6645528039167514
presynaptic,1.077276644642344,pre,138.39901096801205,0.02814763480887516,3.6873401599626456
presynaptic,1.077276644642344,pre,173.92597466460984,0.028946066857717733,3.70509655778787
presynaptic,1.077276644642344,pre,208.47298255053184,0.028162174121692994,3.661082635820089
presynaptic,1.077276644642344,pre,243.98160470728897,0.02788378627106564,3.680659787780664
presynaptic,1.077276644642344,pre,279.8447400174917,0.02963976524144548,3.704970655180685
presynaptic,1.077276644642344,pre,313.5831988701176,0.028994970364201404,3.6823612362535783
presynaptic,1.077276644642344,pre,348.07193907019894,0.028672750017568173,3.670112002248726
presynaptic,1.077276644642344,pre,382.9482588995591,0.028826698406241854,3.6898173959989573
presynaptic,1.1255386383223211,pre,100.5436024759455,0.029081365383525955,3.6933334037077965
presynaptic,1.1255386383223211,pre,134.92988340918123,0.02846897729192766,3.672498070658668
presynaptic,1.1255386383223211,pre,170.0558378734306,0.029855262053444916,3.6721972325737244
presynaptic,1.1255386383223211,pre,203.5507708004927,0.029577448767159686,3.6971810958949605
presynaptic,1.1255386383223211,pre,237.36031292402825,0.02945871864745515,3.6823398309318938
presynaptic,1.1255386383223211,pre,271.3061206819087,0.02886191948652876,3.6943256942756815
presynaptic,1.1255386383223211,pre,305.95385090188756,0.029649308087139392,3.6765142028052846
presynaptic,1.1255386383223211,pre,339.6814507858713,0.0295594626699559,3.6653733710745318
presynaptic,1.1255386383223211,pre,373.5115650597818,0.02978344666003068,3.6931473858438046
presynaptic,1.1738006320022982,pre,100.3094257465139,0.02979363737431698,3.6944110344153054
presynaptic,1.1738006320022982,pre,133.8736390527425,0.029137388647093115,3.6713109695337325
presynaptic,1.1738006320022982,pre,168.19380453194253,0.030462534738119818,3.685966703312498
presynaptic,1.1738006320022982,pre,201.02101371190065,0.029178307952537695,3.6764668020197497
presynaptic,1.1738006320022982,pre,235.29304900697772,0.029991212730455834,3.6889191658460674
presynaptic,1.1738006320022982,pre,268.6361488338316,0.029790819207139378,3.6940615816852826
presynaptic,1.1738006320022982,pre,302.203537264706,0.029810631182935327,3.6667076355010453
presynaptic,1.1738006320022982,pre,335.74861700030164,0.028996713067244696,3.682582559540076
presynaptic,1.1738006320022982,pre,370.23528442639764,0.030284775822327203,3.694742650323919
presynaptic,1.2220626256822753,pre,92.89559810947746,0.02991401010202739,3.679423242549369
presynaptic,1.2220626256822753,pre,126.32475042270163,0.029822682285943678,3.6681899211710727
presynaptic,1.2220626256822753,pre,159.85627486479817,0.03034640534523013,3.7022614521180754
presynaptic,1.2220626256822753,pre,192.8091069588696,0.031123078978258008,3.672523319434445
presynaptic,1.2220626256822753,pre,224.93960409569146,0.029506206402373395,3.6882758002966742
presynaptic,1.2220626256822753,pre,258.8307789340659,0.029743741763078913,3.688223978621785
presynaptic,1.2220626256822753,pre,292.4512967547695,0.030000795778434966,3.690097880747501
presynaptic,1.2220626256822753,pre,325.7837459132953,0.03010331961088895,3.672604992528452
presynaptic,1.2220626256822753,pre,359.00267369022663,0.031271823385519766,3.6900751594913324
presynaptic,1.2703246193622522,pre,95.72030001516504,0.029807770044012378,3.6961634854575345
presynaptic,1.2703246193622522,pre,129.26859962038407,0.029174983595925665,3.676047933086634
presynaptic,1.2703246193622522,pre,163.54454005791877,0.02991101982865375,3.679055438924411
presynaptic,1.2703246193622522,pre,196.97703436030406,0.02910993734785442,3.6969620431775114
presynaptic,1.2703246193622522,pre,231.32956449633014,0.029354981659089383,3.669372707386173
presynaptic,1.2703246193622522,pre,265.3953326720143,0.034264215320139665,3.700535254575084
presynaptic,1.2703246193622522,pre,294.5802998646593,0.029630294597778693,3.674156530124558
presynaptic,1.2703246193622522,pre,328.3295424413756,0.029977041438662456,3.687176096955482
presynaptic,1.2703246193622522,pre,361.6884048243146,0.029443135404688778,3.6803919255860973
presynaptic,1.3185866130422292,pre,91.29052633674051,0.032362336946831084,3.6893064119387433
presynaptic,1.3185866130422292,pre,122.19064339698019,0.03311098030056329,3.6753188133625248
presynaptic,1.3185866130422292,pre,152.39210499438835,0.03300948586701273,3.697062417105426
presynaptic,1.3185866130422292,pre,182.68642717888886,0.029807549949047267,3.6663286437328138
presynaptic,1.3185866130422292,pre,216.23497450026852,0.030981464932967197,3.6867943270230965
presynaptic,1.3185866130422292,pre,248.51233782584535,0.0379380189541508,3.6799878385526275
presynaptic,1.3185866130422292,pre,274.8711205869729,0.03033440282455404,3.7007971445955925
presynaptic,1.3185866130422292,pre,307.83699124490965,0.03206360494720353,3.655250963981203
presynaptic,1.3185866130422292,pre,339.0250002553318,0.03128722252024782,3.691892257389243
presynaptic,1.3668486067222063,pre,84.6357737818105,0.035499791860166864,3.691978353457354
presynaptic,1.3668486067222063,pre,112.80495302486028,0.03333079267087054,3.69971798646663
presynaptic,1.3668486067222063,pre,142.80723979537416,0.03649547373285606,3.6860428470184625
presynaptic,1.3668486067222063,pre,170.20789795150387,0.0367298547454461,3.67298547454461
presynaptic,1.3668486067222063,pre,197.43370668204298,0.037183928418890705,3.6812089134701798
presynaptic,1.3668486067222063,pre,224.32704588855796,0.03261673509071063,3.685691065250301
presynaptic,1.3668486067222063,pre,254.9861537734794,0.033640681523162116,3.666834286024671
presynaptic,1.3668486067222063,pre,284.71206759931806,0.0372018158342582,3.6829797675915623
presynaptic,1.3668486067222063,pre,311.5924759228044,0.03545745001909287,3.687574801985658
presynaptic,1.4151106004021832,pre,77.31294628125217,0.03710621312795531,3.710621312795531
presynaptic,1.4151106004021832,pre,104.26261092505851,0.03480337162257015,3.6891573919924356
presynaptic,1.4151106004021832,pre,132.9954593066646,0.03773726557097792,3.660514760384858
presynaptic,1.4151106004021832,pre,159.4944645967844,0.035734482592312676,3.6806517070082054
presynaptic,1.4151106004021832,pre,187.47863919387578,0.03381206660975023,3.6855152604627754
presynaptic,1.4151106004021832,pre,217.05387964107265,0.037214678619521296,3.684253183332608
presynaptic,1.4151106004021832,pre,243.92499708975166,0.03768486176347846,3.6931164528208895
presynaptic,1.4151106004021832,pre,270.46085136132365,0.03655621132552558,3.6921773438780834
presynaptic,1.4151106004021832,pre,297.8159837380135,0.03773993284592319,3.6607734860545493
presynaptic,1.4633725940821602,pre,73.96514366399403,0.03735330860612228,3.6979775520061056
presynaptic,1.4633725940821602,pre,100.73653386518488,0.039596399159344806,3.6824651218190665
presynaptic,1.4633725940821602,pre,125.99135554671646,0.036718393964008604,3.6718393964008604
presynaptic,1.4633725940821602,pre,153.2256621718973,0.043812208004889705,3.680225472410735
presynaptic,1.4633725940821602,pre,176.0503506671312,0.03586792940477248,3.6943967286915655
presynaptic,1.4633725940821602,pre,203.9304100013325,0.03866562355853204,3.673234238060544
presynaptic,1.4633725940821602,pre,229.79317666501242,0.036713907387456564,3.671390738745657
presynaptic,1.4633725940821602,pre,257.0308114241406,0.03622522237213317,3.694972681957584
presynaptic,1.4633725940821602,pre,284.6358869631459,0.037971202928780194,3.683206684091679
presynaptic,1.5116345877621373,pre,75.02220976905768,0.04183454865826069,3.6814402819269403
presynaptic,1.5116345877621373,pre,98.92589779898792,0.03812845724245408,3.698460352518046
presynaptic,1.5116345877621373,pre,125.1530276731689,0.041234503853831324,3.6698708429909876
presynaptic,1.5116345877621373,pre,149.4045623477418,0.03885434223218807,3.6911625120578666
presynaptic,1.5116345877621373,pre,175.1417114680162,0.035689810664167335,3.6760504984092353
presynaptic,1.5116345877621373,pre,203.1609130661912,0.04606849480892646,3.685479584714117
presynaptic,1.5116345877621373,pre,224.86772168122403,0.03762817631071335,3.687561278449908
presynaptic,1.5116345877621373,pre,251.44355123359284,0.040323714582948506,3.669458027048314
presynaptic,1.5116345877621373,pre,276.24285383610817,0.042440654286086066,3.6923369228894876
presynaptic,1.5598965814421144,pre,71.91563915259098,0.03740592370465939,3.66578052305662
presynaptic,1.5598965814421144,pre,98.6493727691047,0.03977487398127442,3.699063280258521
presynaptic,1.5598965814421144,pre,123.7908729149201,0.04124318463948312,3.670643432913998
presynaptic,1.5598965814421144,pre,148.0373031734282,0.04441697849927878,3.686609215440139
presynaptic,1.5598965814421144,pre,170.55121640632038,0.042645367879726614,3.6675016376564886
presynaptic,1.5598965814421144,pre,194.00042202275017,0.0380658137312507,3.6923839319313183
presynaptic,1.5598965814421144,pre,220.27071292103813,0.04399884261205945,3.6959027794129935
presynaptic,1.5598965814421144,pre,242.99858348838606,0.04220398123432997,3.671746367386707
presynaptic,1.5598965814421144,pre,266.6930305702308,0.0422194694510363,3.6730938422401582
presynaptic,1.6081585751220913,pre,69.19381686598938,0.03734471793442969,3.6597823575741097
presynaptic,1.6081585751220913,pre,95.97136548091832,0.042412872160564274,3.6899198779690923
presynaptic,1.6081585751220913,pre,119.54911320369116,0.04093960419885465,3.6845643778969186
presynaptic,1.6081585751220913,pre,143.97533860496108,0.04327447643091414,3.6783304966277015
presynaptic,1.6081585751220913,pre,167.0836482247541,0.04143700153323476,3.6878931364578937
presynaptic,1.6081585751220913,pre,191.2166685447197,0.04320291318082034,3.672247620369729
presynaptic,1.6081585751220913,pre,214.36325580874578,0.039044462441041136,3.709223931898908
presynaptic,1.6081585751220913,pre,239.97508236443326,0.04438546988888348,3.6839940007773286
presynaptic,1.6081585751220913,pre,262.50497790239746,0.044034848910473406,3.654892459569293
presynaptic,1.6564205688020683,pre,70.07205697827159,0.04424327775195833,3.672192053412542
presynaptic,1.6564205688020683,pre,92.67436066847992,0.04172226947207208,3.6715597135423432
presynaptic,1.6564205688020683,pre,116.64237613488154,0.046618343384537485,3.6828491273784616
presynaptic,1.6564205688020683,pre,138.0931598264291,0.04454543361045019,3.697270989667366
presynaptic,1.6564205688020683,pre,160.54214996860617,0.04182326005267328,3.680446884635249
presynaptic,1.6564205688020683,pre,184.45228989410634,0.04287079136789417,3.6868880576388987
presynaptic,1.6564205688020683,pre,207.77819473730216,0.03892499430796045,3.6978744592562434
presynaptic,1.6564205688020683,pre,233.4686288087464,0.041124131680437465,3.6600477195589343
presynaptic,1.6564205688020683,pre,257.7852516561461,0.041666106054784276,3.7082834388758004
presynaptic,1.7046825624820454,pre,68.5891970237735,0.043601347276567386,3.706114518508228
presynaptic,1.7046825624820454,pre,91.52426812735447,0.0442630061142681,3.673829507484253
presynaptic,1.7046825624820454,pre,114.11649779694422,0.04356495191013634,3.703020912361589
presynaptic,1.7046825624820454,pre,137.0707294936244,0.04517297676715628,3.6590111181396585
presynaptic,1.7046825624820454,pre,159.20785818351553,0.04383746040237323,3.682346673799351
presynaptic,1.7046825624820454,pre,182.01939860627832,0.04187672214156266,3.685151548457514
presynaptic,1.7046825624820454,pre,205.89901355368366,0.040579058419815905,3.6926943162032475
presynaptic,1.7046825624820454,pre,230.54226647627172,0.044296721543188755,3.6766278880846666
presynaptic,1.7046825624820454,pre,253.11730059081702,0.04233084736804499,3.682783721019914
presynaptic,1.7529445561620225,pre,64.7540382412248,0.04683129904885791,3.699672624859775
presynaptic,1.7529445561620225,pre,86.10727892234974,0.03872030259730783,3.6784287467442445
presynaptic,1.7529445561620225,pre,111.93352337090238,0.04620407332457613,3.6963258659660903
presynaptic,1.7529445561620225,pre,133.57663680324333,0.04845611800720887,3.6826649685478743
presynaptic,1.7529445561620225,pre,154.2138657255278,0.04170984405630215,3.6704662769545893
presynaptic,1.7529445561620225,pre,178.18902129432223,0.04820651407900082,3.6636950700040622
presynaptic,1.7529445561620225,pre,198.93310576309756,0.04199669249237441,3.695708939328948
presynaptic,1.7529445561620225,pre,222.74450472461282,0.04904972656085697,3.6787294920642726
presynaptic,1.7529445561620225,pre,243.13197821560732,0.04393715730486115,3.6907212136083363
presynaptic,1.8012065498419993,pre,70.00173949990385,0.0452861141427267,3.668175245560863
presynaptic,1.8012065498419993,pre,92.08356345256921,0.04158563516567132,3.659535894579076
presynaptic,1.8012065498419993,pre,116.13032854383547,0.04416790489396557,3.7101040110931076
presynaptic,1.8012065498419993,pre,138.77120323328955,0.038934397732119944,3.6598333868192747
presynaptic,1.8012065498419993,pre,164.4554325587383,0.049055527519110485,3.6791645639332864
presynaptic,1.8012065498419993,pre,184.8404951719256,0.04242805807985636,3.691241052947504
presynaptic,1.8012065498419993,pre,208.4098039090316,0.04403792526224511,3.6991857220285893
presynaptic,1.8012065498419993,pre,231.11750401172756,0.03795443294496022,3.6815799956611412
presynaptic,1.8012065498419993,pre,257.4648875031409,0.048971872292510626,3.672890421938297
presynaptic,1.8494685435219764,pre,69.92691881150166,0.045096194036654644,3.697887911005681
presynaptic,1.8494685435219764,pre,92.10173913419209,0.04197872586378815,3.6941278760133573
presynaptic,1.8494685435219764,pre,115.9233292235336,0.049807168291137904,3.685730453544205
presynaptic,1.8494685435219764,pre,136.00076053130638,0.045857489446543505,3.6685991557234803
presynaptic,1.8494685435219764,pre,157.807449298377,0.04600973333967918,3.680778667174334
presynaptic,1.8494685435219764,pre,179.54198082928662,0.04378666489254961,3.678079850974167
presynaptic,1.8494685435219764,pre,202.3799841906742,0.05110378290144042,3.6794723689037103
presynaptic,1.8494685435219764,pre,221.9480072062818,0.046272407776930494,3.7017926221544397
presynaptic,1.8494685435219764,pre,243.55915838779777,0.037410511892336115,3.666230165448939
presynaptic,1.8977305372019535,pre,64.61550408435183,0.05211275347785663,3.6478927434499635
presynaptic,1.8977305372019535,pre,83.8046647650461,0.04817263106042852,3.709292591652996
presynaptic,1.8977305372019535,pre,104.56333992948925,0.05105197925934577,3.6757425066728957
presynaptic,1.8977305372019535,pre,124.15121907752318,0.03943467833213262,3.6674250848883334
presynaptic,1.8977305372019535,pre,149.50961027771635,0.04456059375899609,3.6985292819966755
presynaptic,1.8977305372019535,pre,171.9509629537703,0.04620387705550983,3.6963101644407863
presynaptic,1.8977305372019535,pre,193.59416832371338,0.03940552932988196,3.6647142276790223
presynaptic,1.8977305372019535,pre,218.9713175970688,0.04302720105566069,3.700339290786819
presynaptic,1.8977305372019535,pre,242.21242962539674,0.049592235339030566,3.6698254150882614
presynaptic,1.9459925308819306,pre,60.947595793586416,0.04404639356744289,3.6998970596652025
presynaptic,1.9459925308819306,pre,83.65093014192124,0.04648169578774901,3.6720539672321717
presynaptic,1.9459925308819306,pre,105.16477517387392,0.04878238710150224,3.7074614197141704
presynaptic,1.9459925308819306,pre,125.66397702554397,0.04818015145114559,3.661691510287065
presynaptic,1.9459925308819306,pre,146.41941198954558,0.048361349550534644,3.6754625658406326
presynaptic,1.9459925308819306,pre,167.09708143619866,0.049067500154064365,3.6800625115548273
presynaptic,1.9459925308819306,pre,187.47717002559398,0.04792047120648344,3.689876282899225
presynaptic,1.9459925308819306,pre,208.34507835001597,0.053481377665503274,3.690215058919726
presynaptic,1.9459925308819306,pre,227.04317558779567,0.04187716467913111,3.685190491763537
presynaptic,1.9942545245619074,pre,61.75918295784476,0.053422294288897235,3.6861383059339095
presynaptic,1.9942545245619074,pre,80.47795970285307,0.05187611192593676,3.6832039467415103
presynaptic,1.9942545245619074,pre,99.7546549460836,0.04072671378853734,3.706130954756898
presynaptic,1.9942545245619074,pre,124.30856335107387,0.05740180896500075,3.673715773760048
presynaptic,1.9942545245619074,pre,141.72961711280678,0.04651917193381278,3.6750145827712095
presynaptic,1.9942545245619074,pre,163.22613045192628,0.05232665594211114,3.6628659159477794
presynaptic,1.9942545245619074,pre,182.33684910947431,0.05542005391233523,3.7131436121264607
presynaptic,1.9942545245619074,pre,200.3808589832616,0.04441932358503597,3.6868038575579853
presynaptic,1.9942545245619074,pre,222.89358361054252,0.051780902749924536,3.676444095244642
presynaptic,2.0907785119218616,pre,56.56390034738045,0.05374114208351174,3.70813880376231
presynaptic,2.0907785119218616,pre,75.17161803313482,0.05323960209365789,3.6735325444623945
presynaptic,2.0907785119218616,pre,93.9546284365714,0.05232126357445146,3.662488450211602
presynaptic,2.0907785119218616,pre,113.06731669527586,0.051224241974030846,3.688145422130221
presynaptic,2.0907785119218616,pre,132.58932349250617,0.05259489702820285,3.6816427919741996
presynaptic,2.0907785119218616,pre,151.60257490097973,0.053293913063781194,3.677280001400902
presynaptic,2.0907785119218616,pre,170.36644384044413,0.05312831918418948,3.7189823428932636
presynaptic,2.0907785119218616,pre,189.18879725488438,0.05508569051434186,3.6356555739465626
presynaptic,2.0907785119218616,pre,207.34233205971077,0.040045889796734596,3.684221861299583
presynaptic,2.1390405056018387,pre,60.02807452408625,0.03993970954236714,3.674453277897777
presynaptic,2.1390405056018387,pre,85.0658129417686,0.0505307476469156,3.6887445782248385
presynaptic,2.1390405056018387,pre,104.85574375750708,0.052430087061046675,3.670106094273267
presynaptic,2.1390405056018387,pre,123.92876186704514,0.055550820562952435,3.666354157154861
presynaptic,2.1390405056018387,pre,141.93029613541404,0.05433449593798408,3.6947457237829178
presynaptic,2.1390405056018387,pre,160.33481029786017,0.05834169558444384,3.675526821819962
presynaptic,2.1390405056018387,pre,177.47521031507597,0.053620660833826536,3.699825597534031
presynaptic,2.1390405056018387,pre,196.1247380241629,0.057618026895924934,3.687553721339196
presynaptic,2.1390405056018387,pre,213.48041738135944,0.056585915207429026,3.6780844884828867
presynaptic,2.1873024992818157,pre,55.000265363326875,0.057068635205356204,3.7094612883481535
presynaptic,2.1873024992818157,pre,72.5230253943245,0.056589181590502545,3.6782968033826653
presynaptic,2.1873024992818157,pre,90.19424755894813,0.061195553350613406,3.6717332010368042
presynaptic,2.1873024992818157,pre,106.53530414308598,0.05422958311498317,3.6876116518188553
presynaptic,2.1873024992818157,pre,124.97542377077511,0.057563262915503025,3.6840488265921936
presynaptic,2.1873024992818157,pre,142.3476148063649,0.05686587128691229,3.696281633649299
presynaptic,2.1873024992818157,pre,159.93285490502757,0.060037781242045486,3.6623046557647747
presynaptic,2.1873024992818157,pre,176.58903338651487,0.05224390010543285,3.7093169074857326
presynaptic,2.1873024992818157,pre,195.73002397071534,0.05698254282683979,3.6468827409177464
presynaptic,2.2355644929617924,pre,55.47426607320062,0.060363487914872,3.682172762807192
presynaptic,2.2355644929617924,pre,72.0405718739896,0.04938802774489982,3.7041020808674867
presynaptic,2.2355644929617924,pre,92.28839398110478,0.057262914264361,3.664826512919104
presynaptic,2.2355644929617924,pre,109.75170357417547,0.06027768463871759,3.676938762961773
presynaptic,2.2355644929617924,pre,126.34159095942648,0.05711439716636331,3.712435815813615
presynaptic,2.2355644929617924,pre,143.85031117032517,0.05799029458761425,3.6533885590196977
presynaptic,2.2355644929617924,pre,161.09457604449574,0.05659789424031552,3.678863125620509
presynaptic,2.2355644929617924,pre,178.7630779105543,0.05703150661884127,3.707047930224683
presynaptic,2.2355644929617924,pre,196.2972455888396,0.05679919480485521,3.6919476623155885
presynaptic,2.2838264866417695,pre,53.83578460126089,0.062171247280469785,3.668103589547717
presynaptic,2.2838264866417695,pre,69.92039032726079,0.06069169306179382,3.702193276769423
presynaptic,2.2838264866417695,pre,86.39710978509237,0.0582101315448852,3.667238287327767
presynaptic,2.2838264866417695,pre,103.57624979835468,0.06071981153857944,3.7039085038533464
presynaptic,2.2838264866417695,pre,120.04533912292598,0.05664905781050406,3.682188757682764
presynaptic,2.2838264866417695,pre,137.6978833778558,0.06196411694916817,3.655882900000922
presynaptic,2.2838264866417695,pre,153.83625586237522,0.058142699602063294,3.721132774532051
presynaptic,2.2838264866417695,pre,171.0353196630611,0.05947083520928076,3.687191782975407
presynaptic,2.2838264866417695,pre,187.85028445178403,0.05802071522676765,3.655305059286362
presynaptic,2.3320884803217465,pre,53.273897948749976,0.05954231103117754,3.6916232839330076
presynaptic,2.3320884803217465,pre,70.0686777058941,0.06570628056349884,3.679551711555935
presynaptic,2.3320884803217465,pre,85.28792298083545,0.06366898765317193,3.6928012838839717
presynaptic,2.3320884803217465,pre,100.99415668832523,0.05603244944252584,3.6421092137641797
presynaptic,2.3320884803217465,pre,118.84095813907619,0.05697419281247791,3.7033225328110646
presynaptic,2.3320884803217465,pre,136.392764503255,0.06036700386371125,3.6823872356863863
presynaptic,2.3320884803217465,pre,152.95810543449733,0.0602280277931674,3.673909695383212
presynaptic,2.3320884803217465,pre,169.56167086144703,0.060382495384481115,3.683332218453348
presynaptic,2.3320884803217465,pre,186.12276184704763,0.06107587992874292,3.725628675653318
presynaptic,2.3803504740017236,pre,51.87901152666074,0.06198929130905405,3.657368187234189
presynaptic,2.3803504740017236,pre,68.01083008568243,0.06614386252301714,3.70405630128896
presynaptic,2.3803504740017236,pre,83.12939077832438,0.06432798776677034,3.66669530270591
presynaptic,2.3803504740017236,pre,98.67472391738715,0.0695586309002498,3.686607437713239
presynaptic,2.3803504740017236,pre,113.05108508289148,0.05964332018205653,3.697885851287505
presynaptic,2.3803504740017236,pre,129.8174219827753,0.0613874036625257,3.683244219751542
presynaptic,2.3803504740017236,pre,146.10740885854304,0.06476541551159426,3.691628684160873
presynaptic,2.3803504740017236,pre,161.54774830670084,0.0625108190091526,3.688138321540004
presynaptic,2.3803504740017236,pre,177.54497911971552,0.06398400811077488,3.647088462314168
presynaptic,2.4286124676817007,pre,47.60135769274183,0.06685009350391109,3.6767551427151095
presynaptic,2.4286124676817007,pre,62.56019989602902,0.0625411557429829,3.689928188835991
presynaptic,2.4286124676817007,pre,78.54967095904499,0.06472653958331395,3.689412756248895
presynaptic,2.4286124676817007,pre,93.99928415384326,0.06983321247239388,3.701160261036876
presynaptic,2.4286124676817007,pre,108.31911800647198,0.06745853175131283,3.642760714570893
presynaptic,2.4286124676817007,pre,123.14303981500643,0.06400627365973788,3.7123638722647967
presynaptic,2.4286124676817007,pre,138.7665083099242,0.07022192252424722,3.651539971260856
presynaptic,2.4286124676817007,pre,153.0070754156554,0.0664333653976845,3.720268462270332
presynaptic,2.4286124676817007,pre,168.05975254579602,0.06484948298330014,3.6315710470648073
presynaptic,2.4768744613616778,pre,49.24382063682454,0.06587347090032318,3.6889143704180984
presynaptic,2.4768744613616778,pre,64.42443866609395,0.06605683920782693,3.6991829956383078
presynaptic,2.4768744613616778,pre,79.56291655865276,0.06554086413689093,3.670288391665892
presynaptic,2.4768744613616778,pre,94.82057318507998,0.06575229182823329,3.682128342381064
presynaptic,2.4768744613616778,pre,110.0291685388713,0.06575440686617592,3.682246784505852
presynaptic,2.4768744613616778,pre,125.23727469721915,0.06347877894378501,3.6817691787395304
presynaptic,2.4768744613616778,pre,140.99057078512234,0.0635915779387181,3.6883115204456502
presynaptic,2.4768744613616778,pre,156.715923613506,0.061074894814175135,3.6644936888505084
presynaptic,2.4768744613616778,pre,173.0892633145824,0.06603731569145545,3.698089678721505
presynaptic,2.525136455041655,pre,46.99897696664454,0.06654177945509725,3.6597978700303484
presynaptic,2.525136455041655,pre,62.02712932729497,0.060483575244153515,3.6894980898933643
presynaptic,2.525136455041655,pre,78.56054349739502,0.061439722188709356,3.6863833313225616
presynaptic,2.525136455041655,pre,94.83665875925354,0.061365230770995094,3.6819138462597056
presynaptic,2.525136455041655,pre,111.1325316409483,0.06128765332681517,3.67725919960891
presynaptic,2.525136455041655,pre,127.44903171425867,0.061321490680210936,3.679289440812656
presynaptic,2.525136455041655,pre,143.75652830162898,0.06132111491897627,3.6792668951385767
presynaptic,2.525136455041655,pre,160.064124817467,0.06129675678470483,3.67780540708229
presynaptic,2.525136455041655,pre,176.37820165373978,0.061271525668006095,3.6762915400803657
presynaptic,2.573398448721632,pre,46.60629470496675,0.06857172895611015,3.702873363629948
presynaptic,2.573398448721632,pre,61.18956415468498,0.06961640497299577,3.689669463568776
presynaptic,2.573398448721632,pre,75.55399449819238,0.06154579573924821,3.692747744354893
presynaptic,2.573398448721632,pre,91.80205804158552,0.07075615071839002,3.679319837356281
presynaptic,2.573398448721632,pre,105.9351049901117,0.07382768940756791,3.6913844703783956
presynaptic,2.573398448721632,pre,119.48015845209221,0.06809448464899485,3.677102171045722
presynaptic,2.573398448721632,pre,134.16563562626686,0.06843904082083345,3.695708204325006
presynaptic,2.573398448721632,pre,148.7771788040548,0.07155767638315245,3.649441495540775
presynaptic,2.573398448721632,pre,162.75191988767446,0.06690865348622507,3.6799759417423785
presynaptic,2.6216604424016086,pre,45.710974801321726,0.06853653973601778,3.7009731457449604
presynaptic,2.6216604424016086,pre,60.301731846420594,0.07052458595005738,3.6672784694029836
presynaptic,2.6216604424016086,pre,74.4811841115946,0.07549047280054218,3.699033167226567
presynaptic,2.6216604424016086,pre,87.72788880030623,0.0828627884783526,3.6459626930475144
presynaptic,2.6216604424016086,pre,99.79603203279284,0.07751764161377948,3.720846797461415
presynaptic,2.6216604424016086,pre,112.69632129833005,0.07369805220772549,3.684902610386275
presynaptic,2.6216604424016086,pre,126.26520093685018,0.0682178704648768,3.6837650051033473
presynaptic,2.6216604424016086,pre,140.92411645539994,0.06514753741255827,3.648262095103263
presynaptic,2.6216604424016086,pre,156.27389082472604,0.06613507742939374,3.7035643360460497
presynaptic,2.6699224360815856,pre,43.89526301246497,0.07122865569689044,3.7038900962383026
presynaptic,2.6699224360815856,pre,57.9345564712022,0.07050972850607014,3.666505882315647
presynaptic,2.6699224360815856,pre,72.11699655695449,0.07167914126505061,3.7273153457826314
presynaptic,2.6699224360815856,pre,86.06805654946002,0.07352695645763307,3.6763478228816537
presynaptic,2.6699224360815856,pre,99.66851069822123,0.0739501549662115,3.697507748310575
presynaptic,2.6699224360815856,pre,113.19113280032377,0.07436725492352682,3.6439954912528143
presynaptic,2.6699224360815856,pre,126.63791123833816,0.0701156615768366,3.71613006357234
presynaptic,2.6699224360815856,pre,140.9000600580301,0.07368717567655447,3.6843587838277236
presynaptic,2.6699224360815856,pre,154.47094251917153,0.07445690006416118,3.648388103143898
presynaptic,2.7181844297615627,pre,43.462307936525455,0.06944949480736277,3.680823224790227
presynaptic,2.7181844297615627,pre,57.861260769426174,0.06903924703143481,3.659080092666045
presynaptic,2.7181844297615627,pre,72.3457756359438,0.0753953340220016,3.6943713670780784
presynaptic,2.7181844297615627,pre,85.60919588563966,0.07298225506062954,3.649112753031477
presynaptic,2.7181844297615627,pre,99.31115671391575,0.07127827881164232,3.706470498205401
presynaptic,2.7181844297615627,pre,113.34067617864031,0.08091806474183696,3.7222309781245
presynaptic,2.7181844297615627,pre,125.69885606332274,0.07969207811419336,3.6658355932528943
presynaptic,2.7181844297615627,pre,138.24715476080516,0.07500768335895977,3.675376484589029
presynaptic,2.7181844297615627,pre,151.57912230357488,0.08236777484125153,3.706549867856319
presynaptic,2.76644642344154,pre,40.31753699939931,0.08406441640508396,3.6988343218236945
presynaptic,2.76644642344154,pre,52.213176590605975,0.08707470536670761,3.6571376254017194
presynaptic,2.76644642344154,pre,63.69756801965057,0.08393826876770617,3.693283825779072
presynaptic,2.76644642344154,pre,75.61108511597568,0.0819698315525378,3.6886424198642014
presynaptic,2.76644642344154,pre,87.8106954001454,0.08618764469343952,3.7060687218178994
presynaptic,2.76644642344154,pre,99.41328650884661,0.08017869794838033,3.688220105625495
presynaptic,2.76644642344154,pre,111.88542718446357,0.07428067928398854,3.639753284915438
presynaptic,2.76644642344154,pre,125.3478781157053,0.08758004723573834,3.67836198390101
presynaptic,2.76644642344154,pre,136.76600395101468,0.0826128471131542,3.717578120091939
presynaptic,2.814708417121517,pre,40.67376955567488,0.09305180386740972,3.629020350828979
presynaptic,2.814708417121517,pre,51.42047148339794,0.08805752597352023,3.6984160908878496
presynaptic,2.814708417121517,pre,62.77668424255165,0.0911396415378626,3.6455856615145037
presynaptic,2.814708417121517,pre,73.74885818493615,0.09085825859703021,3.7251886024782386
presynaptic,2.814708417121517,pre,84.7550123358224,0.08923905352958558,3.658801194713009
presynaptic,2.814708417121517,pre,95.96086852151657,0.0922255889796321,3.689023559185284
presynaptic,2.814708417121517,pre,106.80384617082005,0.08790378139878367,3.691958818748914
presynaptic,2.814708417121517,pre,118.17992105733042,0.09129475554237824,3.6517902216951295
presynaptic,2.814708417121517,pre,129.13345276962914,0.090852164516763,3.7249387451872833
presynaptic,2.862970410801494,pre,40.25153385167376,0.08745436564798151,3.6730833572152233
presynaptic,2.862970410801494,pre,51.68606879559146,0.08870004258943016,3.725401788756067
presynaptic,2.862970410801494,pre,62.96002054135042,0.08830243184787145,3.6203997057627295
presynaptic,2.862970410801494,pre,74.28473696278276,0.0905125756160436,3.7110156002577876
presynaptic,2.862970410801494,pre,85.33292549563396,0.08427496874505587,3.7080986247824583
presynaptic,2.862970410801494,pre,97.19884505503654,0.09133545316031298,3.6534181264125194
presynaptic,2.862970410801494,pre,108.14749604869603,0.08859063606050992,3.7208067145414163
presynaptic,2.862970410801494,pre,119.43537075496828,0.08794071764342336,3.6055694233803575
presynaptic,2.862970410801494,pre,130.80666754213732,0.0971148879744603,3.6903657430294916
presynaptic,2.911232404481471,pre,40.27291438248997,0.09759399558648252,3.7085718322863355
presynaptic,2.911232404481471,pre,50.51944639494205,0.09809846831173016,3.629643327534016
presynaptic,2.911232404481471,pre,60.713285475306414,0.09695288098333377,3.684209477366683
presynaptic,2.911232404481471,pre,71.02757412622232,0.09674168738039757,3.676184120455108
presynaptic,2.911232404481471,pre,81.36437956220675,0.09606476789544019,3.746525947922167
presynaptic,2.911232404481471,pre,91.7740232006365,0.08930771452700481,3.661616295607197
presynaptic,2.911232404481471,pre,102.97126417020158,0.08768172436360779,3.682632423271527
presynaptic,2.911232404481471,pre,114.37614936444223,0.08954076730311199,3.6711714594275913
presynaptic,2.911232404481471,pre,125.54424664704442,0.08682572738115128,3.7335062773895054
presynaptic,2.9594943981614477,pre,38.88368090002494,0.09676818213118348,3.6771909209849722
presynaptic,2.9594943981614477,pre,49.217656159003695,0.08760636578573985,3.679467363001074
presynaptic,2.9594943981614477,pre,60.63235178107429,0.08744291140526397,3.672602279021087
presynaptic,2.9594943981614477,pre,72.06838454724544,0.08770290004545821,3.6835218019092446
presynaptic,2.9594943981614477,pre,83.4705160558008,0.08770172086623806,3.6834722763819983
presynaptic,2.9594943981614477,pre,94.8728008698604,0.08769251879051006,3.683085789201422
presynaptic,2.9594943981614477,pre,106.27628219064347,0.08769465006838936,3.6831753028723533
presynaptic,2.9594943981614477,pre,117.67948636809491,0.08769486553061187,3.6831843522856986
presynaptic,2.9594943981614477,pre,129.0826625284019,0.087694534860662,3.6831704641478042
presynaptic,3.0077563918414247,pre,36.9315498830335,0.09401138824029252,3.6664441413714086
presynaptic,3.0077563918414247,pre,47.56855906583597,0.09010511161590185,3.6943095762519755
presynaptic,3.0077563918414247,pre,58.666708572190046,0.08958515301370372,3.6729912735618524
presynaptic,3.0077563918414247,pre,69.82927252792757,0.08873879881017506,3.6382907512171774
presynaptic,3.0077563918414247,pre,81.09830043238617,0.08896764687769201,3.7366411688630645
presynaptic,3.0077563918414247,pre,92.33834144836074,0.08930576672488681,3.6615364357203593
presynaptic,3.0077563918414247,pre,103.53582663518608,0.08840248956794079,3.7129045618535135
presynaptic,3.0077563918414247,pre,114.84772525803494,0.0894965052240069,3.669356714184283
presynaptic,3.0077563918414247,pre,126.02134592061871,0.08876593009833625,3.6394031340317863
presynaptic,3.056018385521402,pre,37.68391601428564,0.10614673343284911,3.7151356701497185
presynaptic,3.056018385521402,pre,47.10483710775126,0.0893858383232882,3.6648193712548163
presynaptic,3.056018385521402,pre,58.29229161685625,0.10108610912272072,3.7401860375406666
presynaptic,3.056018385521402,pre,68.184847663167,0.09830825679943704,3.6374055015791704
presynaptic,3.056018385521402,pre,78.35693322908385,0.09951455928618116,3.6820386935887033
presynaptic,3.056018385521402,pre,88.40571410268676,0.0971716739576033,3.692523610388925
presynaptic,3.056018385521402,pre,98.69677897037965,0.09826468886825607,3.7340581769937304
presynaptic,3.056018385521402,pre,108.87337456659331,0.10224826333693245,3.6809374801295682
presynaptic,3.056018385521402,pre,118.65349177704178,0.09809199650362307,3.6294038706340537
presynaptic,3.104280379201379,pre,36.81981105380948,0.10993794044866617,3.73788997525465
presynaptic,3.104280379201379,pre,45.91585192849673,0.11186093887708479,3.6914109829437978
presynaptic,3.104280379201379,pre,54.85552300616238,0.09076718725295563,3.6306874901182256
presynaptic,3.104280379201379,pre,65.87272019233427,0.08475564453851143,3.729248359694503
presynaptic,3.104280379201379,pre,77.67134440721613,0.09647170946702274,3.665924959746864
presynaptic,3.104280379201379,pre,88.03707758976985,0.09678227819033,3.67772657123254
presynaptic,3.104280379201379,pre,98.36954773511424,0.09703596191365606,3.6873665527189305
presynaptic,3.104280379201379,pre,108.6750054260455,0.09833538173006633,3.6384091240124543
presynaptic,3.104280379201379,pre,118.84428511364595,0.09789300361621436,3.719934137416146
presynaptic,3.152542372881356,pre,36.84469382711667,0.11372343648305791,3.752873403940911
presynaptic,3.152542372881356,pre,45.63795606861582,0.1080339264638283,3.6731534997701623
presynaptic,3.152542372881356,pre,54.894307593845426,0.1109011225712395,3.6597370448509037
presynaptic,3.152542372881356,pre,63.911348871832764,0.10916133958479464,3.7114855458830176
presynaptic,3.152542372881356,pre,73.07210123895828,0.10954907330299501,3.6151194189988356
presynaptic,3.152542372881356,pre,82.20043039637764,0.11409413578382925,3.7651064808663652
presynaptic,3.152542372881356,pre,90.96512275440269,0.10792339929877127,3.669395576158223
presynaptic,3.152542372881356,pre,100.23095395039417,0.11120283593145022,3.6696935857378574
presynaptic,3.152542372881356,pre,109.22353036828731,0.10876228552595199,3.6979177078823677
presynaptic,3.200804366561333,pre,36.78376672864028,0.11369112993221006,3.751807287762932
presynaptic,3.200804366561333,pre,45.57952766967644,0.10863818695388579,3.585060169478231
presynaptic,3.200804366561333,pre,54.78439409868335,0.10369557450905041,3.7330406823258144
presynaptic,3.200804366561333,pre,64.4280071914747,0.09804856844795781,3.725845601022397
presynaptic,3.200804366561333,pre,74.62703422296859,0.0992809624955262,3.6733956123344695
presynaptic,3.200804366561333,pre,84.69945873280412,0.09902583210586213,3.663955787916899
presynaptic,3.200804366561333,pre,94.79783386113391,0.0975710234455848,3.7076988909322224
presynaptic,3.200804366561333,pre,105.04677831909277,0.09887394080237591,3.658335809687909
presynaptic,3.200804366561333,pre,115.16066668932318,0.09754479554071684,3.7067022305472395
presynaptic,3.24906636024131,pre,36.43607679741405,0.11044338007542154,3.6446315424889106
presynaptic,3.24906636024131,pre,45.49049001183308,0.11120957736362107,3.6699160529994956
presynaptic,3.24906636024131,pre,54.4825213072161,0.11336592625847514,3.7410755665296795
presynaptic,3.24906636024131,pre,63.303513937047335,0.1094926331690765,3.6132568945795245
presynaptic,3.24906636024131,pre,72.43654847148782,0.11108887794159909,3.777021850014369
presynaptic,3.24906636024131,pre,81.4383497186452,0.10978948728595254,3.623053080436434
presynaptic,3.24906636024131,pre,90.54668991332565,0.11352816416327696,3.7464294173881396
presynaptic,3.24906636024131,pre,99.35507686620365,0.10948918418738891,3.6131430781838345
presynaptic,3.24906636024131,pre,108.48839909727002,0.11076803680904226,3.766113251507437
presynaptic,3.297328353921287,pre,36.41716895770964,0.11113481131449449,3.667448773378318
presynaptic,3.297328353921287,pre,45.4152496506273,0.11064502706770657,3.651285893234317
presynaptic,3.297328353921287,pre,54.45316148906966,0.10850494230892677,3.68916803850351
presynaptic,3.297328353921287,pre,63.669331542898895,0.11186356135966018,3.691497524868786
presynaptic,3.297328353921287,pre,72.60879304265244,0.11083217788885621,3.6574618703322552
presynaptic,3.297328353921287,pre,81.63144349532884,0.10876064283277354,3.6978618563143
presynaptic,3.297328353921287,pre,90.82594597300879,0.11189459398169366,3.6925216013958906
presynaptic,3.297328353921287,pre,99.76292822045859,0.11083373365658852,3.6575132106674215
presynaptic,3.297328353921287,pre,108.78545202262913,0.1087791266024253,3.69849030448246
presynaptic,3.345590347601264,pre,35.10032373005547,0.12682128908746562,3.677817383536503
presynaptic,3.345590347601264,pre,42.98543519040598,0.1237023086430872,3.711069259292616
presynaptic,3.345590347601264,pre,51.06935869166622,0.1099056046444084,3.6268849532654777
presynaptic,3.345590347601264,pre,60.16807575196016,0.10882406427666452,3.7000181854065937
presynaptic,3.345590347601264,pre,69.35721977673845,0.11319350210911663,3.735385569600849
presynaptic,3.345590347601264,pre,78.19164915092652,0.11222367653320414,3.703381325595737
presynaptic,3.345590347601264,pre,87.1024247634518,0.10955675739296115,3.615372993967718
presynaptic,3.345590347601264,pre,96.23011367827768,0.10992781953104978,3.7375458640556927
presynaptic,3.345590347601264,pre,105.32699201413463,0.11263176888501232,3.6042166043203943
presynaptic,3.393852341281241,pre,35.10912058817204,0.1273615420116717,3.6934847183384796
presynaptic,3.393852341281241,pre,42.9607843180942,0.1259442274605837,3.652382596356927
presynaptic,3.393852341281241,pre,50.90080681982391,0.1250122777540061,3.750368332620183
presynaptic,3.393852341281241,pre,58.90002112074048,0.11491342369360773,3.6772295581954473
presynaptic,3.393852341281241,pre,67.60222463933277,0.09933285836921729,3.6753157596610397
presynaptic,3.393852341281241,pre,77.66938686960938,0.10155879278257172,3.656116540172582
presynaptic,3.393852341281241,pre,87.51590013154733,0.1082891345834601,3.681830575837643
presynaptic,3.393852341281241,pre,96.75043694677402,0.11212960245403392,3.700276880983119
presynaptic,3.393852341281241,pre,105.66868848886735,0.1097976704166001,3.623323123747803
presynaptic,3.442114334961218,pre,34.87793409251068,0.11648275025539001,3.7274480081724803
presynaptic,3.442114334961218,pre,43.46289622473615,0.11230801854655466,3.7061646120363037
presynaptic,3.442114334961218,pre,52.36697994860199,0.11020225767252645,3.636674503193373
presynaptic,3.442114334961218,pre,61.44120420788684,0.1119757192150644,3.6951987340971253
presynaptic,3.442114334961218,pre,70.37171170549323,0.11137961306341923,3.6755272310928344
presynaptic,3.442114334961218,pre,79.35001547667443,0.11181767981494656,3.6899834338932367
presynaptic,3.442114334961218,pre,88.29314505738972,0.11123126040770191,3.670631593454163
presynaptic,3.442114334961218,pre,97.28342347673556,0.11179862383641205,3.6893545866015978
presynaptic,3.442114334961218,pre,106.22807740613668,0.1113864624223627,3.675753259937969
presynaptic,3.490376328641195,pre,33.59133383111577,0.1157488174368177,3.7039621579781663
presynaptic,3.490376328641195,pre,42.23073095105487,0.11290026911973534,3.7257088809512666
presynaptic,3.490376328641195,pre,51.08810576332799,0.10955423806695008,3.615289856209353
presynaptic,3.490376328641195,pre,60.216004579883915,0.1106881388357183,3.763396720414422
presynaptic,3.490376328641195,pre,69.25039625471535,0.11349642878736242,3.6318857211955975
presynaptic,3.490376328641195,pre,78.06124617029744,0.11101535615353329,3.663506753066599
presynaptic,3.490376328641195,pre,87.0690090118363,0.11064983386562917,3.762094351431392
presynaptic,3.490376328641195,pre,96.10652822957303,0.11075875569676426,3.6550389379932207
presynaptic,3.490376328641195,pre,105.13515981458112,0.11022675175100555,3.637482807783183
presynaptic,3.538638322321172,pre,33.43352616936518,0.10157941481112756,3.656858933200592
presynaptic,3.538638322321172,pre,43.27804045269077,0.10881565223381708,3.6997321759497805
presynaptic,3.538638322321172,pre,52.46789484837325,0.11382347923406062,3.64235133548994
presynaptic,3.538638322321172,pre,61.25342843713003,0.1150287405984608,3.6809196991507456
presynaptic,3.538638322321172,pre,69.9469079518782,0.11653289649524837,3.7290526878479477
presynaptic,3.538638322321172,pre,78.52817581765012,0.11476875034862782,3.6726000111560904
presynaptic,3.538638322321172,pre,87.24134901995777,0.11474592817211803,3.671869701507777
presynaptic,3.538638322321172,pre,95.95625521253314,0.11555219846131355,3.6976703507620337
presynaptic,3.538638322321172,pre,104.61035278329287,0.11502537458719114,3.6808119867901166
presynaptic,3.5869003160011492,pre,33.460900937654216,0.10302254932704832,3.7088117757737398
presynaptic,3.5869003160011492,pre,43.16751377661114,0.11284096052967751,3.6109107369496805
presynaptic,3.5869003160011492,pre,52.029543976513565,0.11598676826459631,3.711576584467082
presynaptic,3.5869003160011492,pre,60.65121707735156,0.11716957633534246,3.7494264427309587
presynaptic,3.5869003160011492,pre,69.18585577176805,0.1274053837340282,3.56735074455279
presynaptic,3.5869003160011492,pre,77.03481764992229,0.1281213641821964,3.715519561283696
presynaptic,3.5869003160011492,pre,84.83991718490647,0.12474649041104323,3.7423947123312966
presynaptic,3.5869003160011492,pre,92.85617477022988,0.12675706170557652,3.675954789461719
presynaptic,3.5869003160011492,pre,100.74528159035118,0.12633080951348014,3.6635934758909237
presynaptic,3.6351623096811263,pre,33.53369754109535,0.12405998295178504,3.7217994885535512
presynaptic,3.6351623096811263,pre,41.59431447982766,0.1255788219172959,3.6417858356015813
presynaptic,3.6351623096811263,pre,49.55744062428682,0.12829203512714013,3.7204690186870644
presynaptic,3.6351623096811263,pre,57.35215678892618,0.12588809584000749,3.6507547793602173
presynaptic,3.6351623096811263,pre,65.29571962802822,0.12836673686326427,3.722635369034664
presynaptic,3.6351623096811263,pre,73.08589973570827,0.12585495006715106,3.649793551947381
presynaptic,3.6351623096811263,pre,81.03155463022327,0.12828435242889313,3.720246220437901
presynaptic,3.6351623096811263,pre,88.82673760512499,0.12590614276508721,3.651278140187529
presynaptic,3.6351623096811263,pre,96.76916184304146,0.12819399397187184,3.717625825184283
presynaptic,3.683424303361103,pre,32.71685319806713,0.11621146741125529,3.7187669571601694
presynaptic,3.683424303361103,pre,41.32185597684753,0.11564100016174152,3.7005120051757285
presynaptic,3.683424303361103,pre,49.96930799301263,0.1299775837509613,3.6393723450269166
presynaptic,3.683424303361103,pre,57.66294231934395,0.12960970902399324,3.6290718526718106
presynaptic,3.683424303361103,pre,65.37841369514096,0.12353749078448892,3.7061247235346673
presynaptic,3.683424303361103,pre,73.47312238357061,0.12872002993969153,3.732880868251055
presynaptic,3.683424303361103,pre,81.2419210737863,0.12717216047027086,3.6879926536378544
presynaptic,3.683424303361103,pre,89.10527730129783,0.1276822342718805,3.702784793884535
presynaptic,3.683424303361103,pre,96.93722045065287,0.12750625277201266,3.6976813303883675
presynaptic,3.73168629704108,pre,32.640609145952766,0.12421766595963488,3.7265299787890465
presynaptic,3.73168629704108,pre,40.69099386598892,0.12894474185838092,3.6104527720346655
presynaptic,3.73168629704108,pre,48.446253875724665,0.12865589827372817,3.731021049938117
presynaptic,3.73168629704108,pre,56.21892511285987,0.12686732304623366,3.6791523683407763
presynaptic,3.73168629704108,pre,64.10117545115679,0.12873127992679562,3.604475837950277
presynaptic,3.73168629704108,pre,71.86929521636584,0.1270419471210044,3.684216466509127
presynaptic,3.73168629704108,pre,79.74071109640997,0.12883456411748187,3.736202359406974
presynaptic,3.73168629704108,pre,87.50260330949743,0.12733486631856167,3.692711123238288
presynaptic,3.73168629704108,pre,95.35591190369061,0.12891166999106204,3.609526759749737
presynaptic,3.779948290721057,pre,33.40224726085498,0.12567637887043942,3.6446149872427434
presynaptic,3.779948290721057,pre,41.35919198656916,0.13014038259108873,3.643930712550484
presynaptic,3.779948290721057,pre,49.043201977089,0.1299945275001681,3.7698412975048745
presynaptic,3.779948290721057,pre,56.735833499586796,0.1294560462141406,3.624769293995937
presynaptic,3.779948290721057,pre,64.46046304949475,0.1308162449487653,3.662854858565428
presynaptic,3.779948290721057,pre,72.10477358899735,0.13286775049873406,3.720297013964554
presynaptic,3.779948290721057,pre,79.63105439262642,0.11344161751438009,3.630131760460163
presynaptic,3.779948290721057,pre,88.4461614222246,0.1159536058899099,3.7105153884771167
presynaptic,3.779948290721057,pre,97.07030029505476,0.11369600691812035,3.7519682282979714
presynaptic,3.828210284401034,pre,32.643152984546575,0.11486011702681569,3.675523744858102
presynaptic,3.828210284401034,pre,41.349395202343864,0.12332772189064596,3.699831656719379
presynaptic,3.828210284401034,pre,49.45787223143141,0.12297311811042044,3.6891935433126135
presynaptic,3.828210284401034,pre,57.58973076576634,0.12738782220912742,3.6942468440646947
presynaptic,3.828210284401034,pre,65.43977469193018,0.1261858559459755,3.6593898224332895
presynaptic,3.828210284401034,pre,73.36459314724212,0.1295391052092131,3.6270949458579675
presynaptic,3.828210284401034,pre,81.08426975288906,0.13239434055657195,3.7070415355840143
presynaptic,3.828210284401034,pre,88.6374627050659,0.13005196892421053,3.641455129877895
presynaptic,3.828210284401034,pre,96.32669654190818,0.12568411897418122,3.7705235692254364
presynaptic,3.8764722780810112,pre,32.011313769517216,0.13437445652429572,3.6281103261559844
presynaptic,3.8764722780810112,pre,39.45320433313928,0.1292223506569257,3.7474481690508448
presynaptic,3.8764722780810112,pre,47.191803692432124,0.13351978188422178,3.605034110873988
presynaptic,3.8764722780810112,pre,54.68133060663218,0.12834955139923165,3.722136990577718
presynaptic,3.8764722780810112,pre,62.472553786598716,0.12757728701949697,3.699741323565412
presynaptic,3.8764722780810112,pre,70.3109396259776,0.12990334527368072,3.63729366766306
presynaptic,3.8764722780810112,pre,78.00897078824826,0.12793603115893618,3.7101449036091494
presynaptic,3.8764722780810112,pre,85.82537708865702,0.1272380115706101,3.6899023355476928
presynaptic,3.8764722780810112,pre,93.68466369378488,0.12844380092319188,3.5964264258493728
presynaptic,3.9247342717609883,pre,31.829848856940465,0.13232955687356285,3.70522759245976
presynaptic,3.9247342717609883,pre,39.38673957452574,0.12724284366148939,3.690042466183192
presynaptic,3.9247342717609883,pre,47.245727720533786,0.13070022041563245,3.6596061716377086
presynaptic,3.9247342717609883,pre,54.89682422840467,0.1289404499840525,3.61033259955347
presynaptic,3.9247342717609883,pre,62.652342377470234,0.12771282439585982,3.703671907479935
presynaptic,3.9247342717609883,pre,70.482409598444,0.1276840197573026,3.702836572961775
presynaptic,3.9247342717609883,pre,78.31424322884477,0.128888325950316,3.737761452559164
presynaptic,3.9247342717609883,pre,86.07289780540806,0.1271271035937667,3.6866860042192346
presynaptic,3.9247342717609883,pre,93.93904099384638,0.12766235314439203,3.702208241187369
presynaptic,3.9729962654409654,pre,31.07394573360662,0.12511778202225599,3.7535334606676796
presynaptic,3.9729962654409654,pre,39.06641478026955,0.12850942877903546,3.5982640058129927
presynaptic,3.9729962654409654,pre,46.847944972263804,0.12502359748652436,3.7507079245957313
presynaptic,3.9729962654409654,pre,54.846435018175214,0.13035335325733358,3.6498938912053402
presynaptic,3.9729962654409654,pre,62.51789091103496,0.1302962463923234,3.6482948989850557
presynaptic,3.9729962654409654,pre,70.19270908644877,0.1281266205094186,3.7156719947731394
presynaptic,3.9729962654409654,pre,77.99748842132938,0.1285144724932313,3.7269197023037077
presynaptic,3.9729962654409654,pre,85.77871321725786,0.12890811895442558,3.6094273307239164
presynaptic,3.9729962654409654,pre,93.53617650282129,0.12794991006660714,3.7105473919316068
presynaptic,4.021258259120942,pre,31.74233790047702,0.11850457028071106,3.673641678702043
presynaptic,4.021258259120942,pre,40.18083101201881,0.12561097153299558,3.6427181744568715
presynaptic,4.021258259120942,pre,48.14191902682904,0.1274690479052732,3.6966023892529227
presynaptic,4.021258259120942,pre,55.98696075604267,0.12549637943849937,3.6393950037164817
presynaptic,4.021258259120942,pre,63.95531812598623,0.13136829784764936,3.678312339734182
presynaptic,4.021258259120942,pre,71.56750475231918,0.128689104854726,3.731984040787054
presynaptic,4.021258259120942,pre,79.33817035084732,0.13044259140308972,3.652392559286512
presynaptic,4.021258259120942,pre,87.0043780614089,0.12970837690231898,3.7615429301672503
presynaptic,4.021258259120942,pre,94.71398035450584,0.12936665208128498,3.6222662582759795
presynaptic,4.06952025280092,pre,31.582921967410954,0.12890667809769227,3.738293664833076
presynaptic,4.06952025280092,pre,39.34047196216101,0.1227627582668469,3.682882748005407
presynaptic,4.06952025280092,pre,47.48626482408352,0.12967590496474862,3.6309253390129617
presynaptic,4.06952025280092,pre,55.197797666455756,0.1310966600371565,3.670706481040382
presynaptic,4.06952025280092,pre,62.82575706463243,0.13139957212248563,3.679188019429598
presynaptic,4.06952025280092,pre,70.43613192238188,0.1313791826476445,3.678617114134046
presynaptic,4.06952025280092,pre,78.04768787704155,0.13129491774425583,3.6762576968391634
presynaptic,4.06952025280092,pre,85.66412891817812,0.1309423595441093,3.6663860672350603
presynaptic,4.06952025280092,pre,93.30107698816566,0.12544449242376146,3.763334772712844
presynaptic,4.117782246480896,pre,31.163961014837984,0.14548505961938843,3.7826115501040993
presynaptic,4.117782246480896,pre,38.037519046268535,0.13313388246951322,3.594614826676857
presynaptic,4.117782246480896,pre,45.548754964961084,0.12998633908784057,3.769603833547377
presynaptic,4.117782246480896,pre,53.241871080218644,0.13103200752703456,3.6688962107569676
presynaptic,4.117782246480896,pre,60.87359419026624,0.13144013496555904,3.680323779035653
presynaptic,4.117782246480896,pre,68.48162046216582,0.13149865024667115,3.681962206906792
presynaptic,4.117782246480896,pre,76.08626125600024,0.131510811391529,3.682302718962812
presynaptic,4.117782246480896,pre,83.69019882903245,0.13152099462105854,3.6825878493896393
presynaptic,4.117782246480896,pre,91.29354765467983,0.13152909996142498,3.682814798919899
presynaptic,4.166044240160874,pre,31.35334669268192,0.14540772359654408,3.780600813510146
presynaptic,4.166044240160874,pre,38.23056046967944,0.12962177377923148,3.6294096658184816
presynaptic,4.166044240160874,pre,45.94531371555906,0.1311737641740261,3.672865396872731
presynaptic,4.166044240160874,pre,53.56878938767072,0.1314044462680937,3.679324495506624
presynaptic,4.166044240160874,pre,61.17888195607424,0.13147280681950804,3.681238590946225
presynaptic,4.166044240160874,pre,68.7850175835949,0.13151007204139734,3.6822820171591255
presynaptic,4.166044240160874,pre,76.38899790599343,0.1315290736658914,3.682814062644959
presynaptic,4.166044240160874,pre,83.99187970336843,0.13153716655423345,3.6830406635185367
presynaptic,4.166044240160874,pre,91.5942937297318,0.13154027271377744,3.683127635985768
presynaptic,4.21430623384085,pre,31.143473350004786,0.13843418077792,3.7377228810038403
presynaptic,4.21430623384085,pre,38.36712284451964,0.1275722093678676,3.6995940716681597
presynaptic,4.21430623384085,pre,46.205820668717365,0.1304763018013817,3.653336450438687
presynaptic,4.21430623384085,pre,53.87004770607052,0.1327799575059457,3.71783881016648
presynaptic,4.21430623384085,pre,61.40130482335964,0.13085024045503707,3.6638067327410377
presynaptic,4.21430623384085,pre,69.0436293351256,0.13147246538374943,3.681229030744984
presynaptic,4.21430623384085,pre,76.64978471588265,0.12751654437036763,3.6979797867406616
presynaptic,4.21430623384085,pre,84.49190437915969,0.13226250004367043,3.7033500012227725
presynaptic,4.21430623384085,pre,92.05262642561897,0.13043262105080886,3.652113389422648
presynaptic,4.262568227520827,pre,31.239933726967223,0.13972999098831987,3.6329797656963168
presynaptic,4.262568227520827,pre,38.39659345997752,0.12625205000894008,3.661309450259262
presynaptic,4.262568227520827,pre,46.31725692587125,0.1274769417221563,3.696831309942533
presynaptic,4.262568227520827,pre,54.16181286273676,0.13121051511730755,3.6738944232846116
presynaptic,4.262568227520827,pre,61.78315326450227,0.13173532545128755,3.6885891126360515
presynaptic,4.262568227520827,pre,69.37413158845817,0.12931783038368325,3.7502170811268143
presynaptic,4.262568227520827,pre,77.10701727818109,0.1306224562686433,3.6574287755220127
presynaptic,4.262568227520827,pre,84.76266875317219,0.1311997370324626,3.673592636908953
presynaptic,4.262568227520827,pre,92.38463524958804,0.13397171720357362,3.6172363644964878
presynaptic,4.3108302212008045,pre,30.978473954592257,0.1426375333293977,3.7085758665643396
presynaptic,4.3108302212008045,pre,37.98925138924311,0.14273244304662147,3.568311076165537
presynaptic,4.3108302212008045,pre,44.99536701828313,0.12985299939221054,3.765736982374106
presynaptic,4.3108302212008045,pre,52.69638281830775,0.1490455084441205,3.5770922026588923
presynaptic,4.3108302212008045,pre,59.40574300258271,0.14571026037625456,3.7884667697826186
presynaptic,4.3108302212008045,pre,66.26867768829248,0.1486112038523001,3.7152800963075023
presynaptic,4.3108302212008045,pre,72.99764545167773,0.12851830457038088,3.598512527970665
presynaptic,4.3108302212008045,pre,80.77863823198916,0.13650597447411753,3.6856613108011733
presynaptic,4.3108302212008045,pre,88.10432491971437,0.12926903999604103,3.7488021598851895
presynaptic,4.359092214880781,pre,30.97501928737312,0.14102212207517623,3.6665751739545818
presynaptic,4.359092214880781,pre,38.06610531901657,0.12874966043815092,3.733740152706377
presynaptic,4.359092214880781,pre,45.83311609478776,0.12664005291042232,3.6725615344022473
presynaptic,4.359092214880781,pre,53.72951203760485,0.13389445643559955,3.615150323761188
presynaptic,4.359092214880781,pre,61.19808113763312,0.12513569852298692,3.7540709556896075
presynaptic,4.359092214880781,pre,69.18940584995175,0.13894592877962345,3.6125941482702095
presynaptic,4.359092214880781,pre,76.38645011589826,0.12392883432979251,3.717865029893775
presynaptic,4.359092214880781,pre,84.45559726319455,0.13355910979132674,3.606095964365822
presynaptic,4.359092214880781,pre,91.94291880616083,0.13868809468292786,3.7445785564390524
presynaptic,4.407354208560759,pre,30.88790689179645,0.13594576771231823,3.8064814959449103
presynaptic,4.407354208560759,pre,38.24378134694059,0.14678348731017973,3.6695871827544937
presynaptic,4.407354208560759,pre,45.05653677553196,0.13891181993759152,3.6117073183773796
presynaptic,4.407354208560759,pre,52.25534822620093,0.1267639838931599,3.676155532901637
presynaptic,4.407354208560759,pre,60.144024246692894,0.1409915206388504,3.6657795366101102
presynaptic,4.407354208560759,pre,67.23664935967042,0.13418526607056347,3.757187449975777
presynaptic,4.407354208560759,pre,74.68903239160579,0.13850628814656743,3.601163491810753
presynaptic,4.407354208560759,pre,81.90892120229863,0.13752436091030734,3.7131577445782984
presynaptic,4.407354208560759,pre,89.18036019231288,0.1299631949951877,3.7689326548604427
presynaptic,4.455616202240735,pre,30.497823997370485,0.1377997235244963,3.7205925351613995
presynaptic,4.455616202240735,pre,37.7547326066409,0.13632855357773427,3.680870946598825
presynaptic,4.455616202240735,pre,45.089953099755,0.13428083484050476,3.6255825406936286
presynaptic,4.455616202240735,pre,52.53703220965012,0.14185399579610192,3.68820389069865
presynaptic,4.455616202240735,pre,59.58653401880169,0.13274553128041097,3.716874875851507
presynaptic,4.455616202240735,pre,67.11974429228054,0.14456587808341814,3.614146952085454
presynaptic,4.455616202240735,pre,74.03700591208667,0.1499316930040168,3.7482923251004197
presynaptic,4.455616202240735,pre,80.70670982834412,0.14802448824640224,3.700612206160056
presynaptic,4.455616202240735,pre,87.46234878948273,0.14051857939303322,3.6534830642188636
presynaptic,4.503878195920713,pre,30.42321342058586,0.13884557260672678,3.6099848877748966
presynaptic,4.503878195920713,pre,37.62545963719696,0.13726213787172123,3.7060777225364734
presynaptic,4.503878195920713,pre,44.91078984919288,0.13686978305043015,3.695484142361614
presynaptic,4.503878195920713,pre,52.21700439642824,0.1368301748020152,3.6944147196544104
presynaptic,4.503878195920713,pre,59.525333874534496,0.13678544616237232,3.6932070463840527
presynaptic,4.503878195920713,pre,66.83605316562736,0.13672458741369328,3.6915638601697185
presynaptic,4.503878195920713,pre,74.15002659876166,0.13668033590497547,3.6903690694343374
presynaptic,4.503878195920713,pre,81.46636799768265,0.13667505495915963,3.69022648389731
presynaptic,4.503878195920713,pre,88.78299209049032,0.136719306641313,3.691421279315451
presynaptic,4.5521401896006894,pre,30.187845516642884,0.13984637356088525,3.6360057125830165
presynaptic,4.5521401896006894,pre,37.33854935355452,0.13817984323757715,3.730855767414583
presynaptic,4.5521401896006894,pre,44.575494891846,0.13837749476798097,3.5978148639675056
presynaptic,4.5521401896006894,pre,51.80210353710808,0.1380519737531567,3.727403291335231
presynaptic,4.5521401896006894,pre,59.045752235590626,0.13772195576901516,3.7184928057634097
presynaptic,4.5521401896006894,pre,66.30675861918557,0.1380601293273479,3.727623491838394
presynaptic,4.5521401896006894,pre,73.54997941632786,0.13817021290883935,3.592425535629823
presynaptic,4.5521401896006894,pre,80.78742936264712,0.13759409771332667,3.7150406382598202
presynaptic,4.5521401896006894,pre,88.0551829699528,0.1377904326899744,3.720341682629309
presynaptic,4.600402183280666,pre,30.16505105103353,0.1400142756479245,3.6403711668460375
presynaptic,4.600402183280666,pre,37.30717991876819,0.13960596772525194,3.62975516085655
presynaptic,4.600402183280666,pre,44.47019749096844,0.1387230450153482,3.7455222154144017
presynaptic,4.600402183280666,pre,51.67880511552974,0.13931635516122254,3.6222252341917858
presynaptic,4.600402183280666,pre,58.856713257346684,0.1386376555897891,3.743216700924306
presynaptic,4.600402183280666,pre,66.06976079299508,0.13924927546815133,3.6204811621719344
presynaptic,4.600402183280666,pre,73.25112670414998,0.13867177824622948,3.7441380126481962
presynaptic,4.600402183280666,pre,80.46239934121368,0.13921555050956064,3.7588198637581374
presynaptic,4.600402183280666,pre,87.64550493782104,0.13871489275204205,3.606587211553093
presynaptic,4.648664176960644,pre,29.924372470903258,0.1356235982212636,3.661837151974117
presynaptic,4.648664176960644,pre,37.2977205689868,0.14720924246533482,3.6802310616333704
presynaptic,4.648664176960644,pre,44.09077230441355,0.14709476545201183,3.6773691363002956
presynaptic,4.648664176960644,pre,50.88911075600338,0.14620655755635276,3.655163938908819
presynaptic,4.648664176960644,pre,57.7287492559015,0.1439676590431198,3.743159135121115
presynaptic,4.648664176960644,pre,64.6747537033343,0.14100985821841552,3.6662563136788036
presynaptic,4.648664176960644,pre,71.76645645826554,0.1516765058502965,3.640236140407116
presynaptic,4.648664176960644,pre,78.35943534048604,0.12815058703893853,3.7163670241292177
presynaptic,4.648664176960644,pre,86.16275503730608,0.1314210575094048,3.6797896102633345
presynaptic,4.69692617064062,pre,29.626970586068555,0.14623932521844643,3.6559831304611605
presynaptic,4.69692617064062,pre,36.4650765367507,0.12765160309813528,3.701896489845923
presynaptic,4.69692617064062,pre,44.29889903274572,0.13014045197097893,3.6439326551874096
presynaptic,4.69692617064062,pre,51.98290492680085,0.13585849114120785,3.668179260812612
presynaptic,4.69692617064062,pre,59.34350485397526,0.13881064828410372,3.7478875036708006
presynaptic,4.69692617064062,pre,66.54756313308725,0.14025028161454975,3.646507321978293
presynaptic,4.69692617064062,pre,73.67767359338781,0.14133492423205232,3.67470803003336
presynaptic,4.69692617064062,pre,80.75306564834897,0.14165032036318465,3.682908329442801
presynaptic,4.69692617064062,pre,87.81270375884563,0.14173193840248371,3.6850303984645767
presynaptic,4.745188164320598,pre,29.518244282361053,0.163358713805421,3.757250417524683
presynaptic,4.745188164320598,pre,35.63974203846554,0.13028615572138963,3.64801236019891
presynaptic,4.745188164320598,pre,43.3151546290285,0.1329963672068506,3.7238982817918163
presynaptic,4.745188164320598,pre,50.834156997301385,0.1358624792426823,3.668286939552422
presynaptic,4.745188164320598,pre,58.19454086173658,0.14208204309870892,3.694133120566432
presynaptic,4.745188164320598,pre,65.2327279414738,0.1415726966811261,3.680890113709278
presynaptic,4.745188164320598,pre,72.29623682025407,0.14163330302569374,3.6824658786680375
presynaptic,4.745188164320598,pre,79.35672315106137,0.14166647289280576,3.68332829521295
presynaptic,4.745188164320598,pre,86.4155563356545,0.1416675912154636,3.6833573716020536
presynaptic,4.793450158000574,pre,29.560931213773216,0.16416907768334132,3.6117197090335087
presynaptic,4.793450158000574,pre,35.65221231318255,0.130465514004044,3.6530343921132316
presynaptic,4.793450158000574,pre,43.31707308220542,0.13775724727161398,3.7194456763335775
presynaptic,4.793450158000574,pre,50.57621929633029,0.14137019679180407,3.675625116586906
presynaptic,4.793450158000574,pre,57.649846006157254,0.14200800571832733,3.692208148676511
presynaptic,4.793450158000574,pre,64.69170251939848,0.1418482538208355,3.6880545993417226
presynaptic,4.793450158000574,pre,71.74148969029359,0.14169662027497495,3.6841121271493487
presynaptic,4.793450158000574,pre,78.79882103707808,0.1416540665354206,3.6830057299209353
presynaptic,4.793450158000574,pre,85.85827244894384,0.14165466180295824,3.683021206876914
presynaptic,4.841712151680552,pre,29.526527749560405,0.1469665524235047,3.8211303630111226
presynaptic,4.841712151680552,pre,36.33079704423883,0.1287004839847524,3.603613551573067
presynaptic,4.841712151680552,pre,44.10077559473498,0.13694418091188107,3.6974928846207886
presynaptic,4.841712151680552,pre,51.40302088432101,0.14183945106080356,3.6878257275808926
presynaptic,4.841712151680552,pre,58.45324557513232,0.1420951285269503,3.694473341700708
presynaptic,4.841712151680552,pre,65.49078451377606,0.14180613523272878,3.6869595160509485
presynaptic,4.841712151680552,pre,72.54266557913917,0.14166475099519954,3.683283525875188
presynaptic,4.841712151680552,pre,79.601584561984,0.14164537306617558,3.682779699720565
presynaptic,4.841712151680552,pre,86.66146924690631,0.14165409534190868,3.6830064788896255
presynaptic,4.8899741453605285,pre,29.44096693999232,0.16564090215790875,3.644099847473992
presynaptic,4.8899741453605285,pre,35.478123143396,0.1438307843253685,3.739600392459581
presynaptic,4.8899741453605285,pre,42.4307376667086,0.1398464637021313,3.636008056255414
presynaptic,4.8899741453605285,pre,49.58143689447005,0.14230603336174613,3.6999568674053993
presynaptic,4.8899741453605285,pre,56.60854583972447,0.14136006276230687,3.675361631819978
presynaptic,4.8899741453605285,pre,63.682679654177235,0.14309823503276153,3.7205541108518
presynaptic,4.8899741453605285,pre,70.67088604100692,0.14241306118299354,3.702739590757832
presynaptic,4.8899741453605285,pre,77.6927138964945,0.14184107039871138,3.6878678303664962
presynaptic,4.8899741453605285,pre,84.742858097952,0.14163406177832719,3.6824856062365066
presynaptic,4.938236139040505,pre,28.796766083804922,0.17188939743115078,3.6096773460541667
presynaptic,4.938236139040505,pre,34.61446057191635,0.14271766915268436,3.710659397969793
presynaptic,4.938236139040505,pre,41.621301462305084,0.14236321924667394,3.701443700413522
presynaptic,4.938236139040505,pre,48.64558768800002,0.1420555250215176,3.6934436505594577
presynaptic,4.938236139040505,pre,55.685088614475966,0.14181948539596098,3.687306620294985
presynaptic,4.938236139040505,pre,62.736305851712395,0.1417154412016159,3.684601471242013
presynaptic,4.938236139040505,pre,69.79269992931555,0.14167426543859188,3.683530901403389
presynaptic,4.938236139040505,pre,76.85114485510516,0.14165859687787435,3.6831235188247335
presynaptic,4.938236139040505,pre,83.91037050070514,0.14165476590935747,3.6830239136432943
presynaptic,4.986498132720483,pre,29.34539372317453,0.16764260761979796,3.688137367635555
presynaptic,4.986498132720483,pre,35.31046438270479,0.14513909035102754,3.6284772587756886
presynaptic,4.986498132720483,pre,42.200406972130146,0.1509693323562196,3.77423330890549
presynaptic,4.986498132720483,pre,48.824268814748955,0.1470558752116836,3.67639688029209
presynaptic,4.986498132720483,pre,55.624405147693984,0.14031134032119386,3.64809484835104
presynaptic,4.986498132720483,pre,62.75141282726464,0.1417346452116308,3.685100775502401
presynaptic,4.986498132720483,pre,69.80685081496942,0.1419479449227633,3.6906465679918457
presynaptic,4.986498132720483,pre,76.85168686767959,0.14190324786941338,3.689484444604748
presynaptic,4.986498132720483,pre,83.89874192113581,0.1440766887834991,3.6019172195874782
presynaptic,5.034760126400459,pre,28.569450206273657,0.14683209569385952,3.670802392346488
presynaptic,5.034760126400459,pre,35.37995028988596,0.14216910575756053,3.6963967496965737
presynaptic,5.034760126400459,pre,42.41382726809028,0.15135266372555328,3.632463929413279
presynaptic,5.034760126400459,pre,49.02091283490457,0.16417250510153536,3.775967617335313
presynaptic,5.034760126400459,pre,55.11206676705376,0.14617326260961033,3.6543315652402586
presynaptic,5.034760126400459,pre,61.95326318113896,0.1537645811527474,3.690349947665938
presynaptic,5.034760126400459,pre,68.45671145578821,0.1405843993492481,3.6551943830804507
presynaptic,5.034760126400459,pre,75.5698762495271,0.14277010643493662,3.712022767308352
presynaptic,5.034760126400459,pre,82.57414363414043,0.15149186569806722,3.6358047767536137
presynaptic,5.083022120080437,pre,28.699092738859076,0.158863064119777,3.8127135388746476
presynaptic,5.083022120080437,pre,34.99382213704087,0.154315105137758,3.5492474181684344
presynaptic,5.083022120080437,pre,41.47406915568039,0.16208236117651942,3.727894307059947
presynaptic,5.083022120080437,pre,47.643771970602536,0.13831617175293645,3.7345366373292843
presynaptic,5.083022120080437,pre,54.87358456103645,0.14186209350775594,3.6884144312016542
presynaptic,5.083022120080437,pre,61.92268397352558,0.1461113703271848,3.65278425817962
presynaptic,5.083022120080437,pre,68.7667782952797,0.16074585742575517,3.6971547207923687
presynaptic,5.083022120080437,pre,74.98777842563689,0.1648222243990259,3.6260889367785705
presynaptic,5.083022120080437,pre,81.05492139525883,0.13814009902180346,3.729782673588694
presynaptic,5.1312841137604135,pre,28.327972095730427,0.14403336541459982,3.7448675007795953
presynaptic,5.1312841137604135,pre,35.27080785549693,0.14144441898853938,3.677554893702024
presynaptic,5.1312841137604135,pre,42.34072271782194,0.14567712987196033,3.641928246799008
presynaptic,5.1312841137604135,pre,49.205218200942234,0.156013300865733,3.744319220777592
presynaptic,5.1312841137604135,pre,55.61492810677015,0.14301287310155916,3.5753218275389793
presynaptic,5.1312841137604135,pre,62.60730563414043,0.14324972744408807,3.7244929135462894
presynaptic,5.1312841137604135,pre,69.58812170857458,0.15758242392333882,3.624395750236793
presynaptic,5.1312841137604135,pre,75.93400708781257,0.1541060674339501,3.6985456184148027
presynaptic,5.1312841137604135,pre,82.42304425975001,0.16021672855966584,3.684984756872314
presynaptic,5.179546107440391,pre,28.47509376131534,0.16222454530676392,3.5689399967488065
presynaptic,5.179546107440391,pre,34.63938904788259,0.16423164652037764,3.7773278699686856
presynaptic,5.179546107440391,pre,40.72834949605006,0.14036241354093532,3.6494227520643183
presynaptic,5.179546107440391,pre,47.85276389427042,0.14300753112973816,3.718195809373192
presynaptic,5.179546107440391,pre,54.84540261826033,0.15544697344857755,3.575280389317284
presynaptic,5.179546107440391,pre,61.27846450306315,0.1539680871079274,3.6952340905902576
presynaptic,5.179546107440391,pre,67.77331690256739,0.1564233265801482,3.7541598379235572
presynaptic,5.179546107440391,pre,74.16622531247529,0.14154770544060488,3.6802403414557268
presynaptic,5.179546107440391,pre,81.23098130330703,0.14492068912751357,3.6230172281878397
presynaptic,5.227808101120368,pre,28.577185966961494,0.17344482396560942,3.642341303277798
presynaptic,5.227808101120368,pre,34.34270826469394,0.13836490309405539,3.7358523835394957
presynaptic,5.227808101120368,pre,41.56997455577237,0.14463975911271515,3.615993977817879
presynaptic,5.227808101120368,pre,48.483702884237836,0.1556552356127034,3.7357256547048814
presynaptic,5.227808101120368,pre,54.90815751991851,0.15462752986831824,3.7110607168396377
presynaptic,5.227808101120368,pre,61.37531120756783,0.15838959313833073,3.642960642181607
presynaptic,5.227808101120368,pre,67.6888573199481,0.14243107179116718,3.703207866570347
presynaptic,5.227808101120368,pre,74.7097972554855,0.15398710689193462,3.695690565406431
presynaptic,5.227808101120368,pre,81.2038474404908,0.15500910593715347,3.720218542491683
presynaptic,5.276070094800345,pre,29.17670322338186,0.14331840732129134,3.7262785903535747
presynaptic,5.276070094800345,pre,36.15417400812341,0.15850976147665022,3.6457245139629553
presynaptic,5.276070094800345,pre,42.46293373802376,0.1556264165831886,3.7350339979965264
presynaptic,5.276070094800345,pre,48.88857805956771,0.15404420810587338,3.697060994540961
presynaptic,5.276070094800345,pre,55.38022102554478,0.14099085900271427,3.6657623340705707
presynaptic,5.276070094800345,pre,62.472879422503325,0.14659494121658304,3.6648735304145754
presynaptic,5.276070094800345,pre,69.29439721637164,0.15970111634213646,3.673125675869138
presynaptic,5.276070094800345,pre,75.55609420950752,0.16705622074767953,3.6752368564489495
presynaptic,5.276070094800345,pre,81.5421029646702,0.14194697762117423,3.69062141815053
presynaptic,5.324332088480322,pre,28.689667595011745,0.154296493263686,3.7031158383284635
presynaptic,5.324332088480322,pre,35.1706962875501,0.14298526268936917,3.7176168299235983
presynaptic,5.324332088480322,pre,42.16442404096527,0.15872040998137282,3.650569429571575
presynaptic,5.324332088480322,pre,48.46481099257004,0.15696635461561034,3.767192510774648
presynaptic,5.324332088480322,pre,54.835603016433154,0.15850724994041454,3.645666748629534
presynaptic,5.324332088480322,pre,61.14446270818805,0.15082339863027816,3.619761567126676
presynaptic,5.324332088480322,pre,67.77473366801011,0.15438024945506343,3.705125986921522
presynaptic,5.324332088480322,pre,74.25224619652224,0.16925893899296618,3.723696657845256
presynaptic,5.324332088480322,pre,80.16035365571857,0.13981273574491512,3.6351311293677933
presynaptic,5.372594082160298,pre,28.643744086409605,0.16528900527753942,3.6363581161058676
presynaptic,5.372594082160298,pre,34.69375327075241,0.1445165376011654,3.7574299776303
presynaptic,5.372594082160298,pre,41.613376565075896,0.15948037104391663,3.6680485340100826
presynaptic,5.372594082160298,pre,47.883740707410546,0.15612155169655603,3.7469172407173446
presynaptic,5.372594082160298,pre,54.28900627858319,0.1563851951387696,3.596859488191701
presynaptic,5.372594082160298,pre,60.683473472953104,0.14362943722414678,3.7343653678278166
presynaptic,5.372594082160298,pre,67.64583452738938,0.15809459145158491,3.636175603386453
presynaptic,5.372594082160298,pre,73.9711616041619,0.16055522099474567,3.6927700828791505
presynaptic,5.372594082160298,pre,80.19954828510781,0.15574772389175456,3.7379453734021095
presynaptic,5.420856075840276,pre,28.565792697955146,0.1547546583473758,3.7141118003370193
presynaptic,5.420856075840276,pre,35.02763372218663,0.15657962253534718,3.601331318312985
presynaptic,5.420856075840276,pre,41.41416080539156,0.1443746596336828,3.7537411504757525
presynaptic,5.420856075840276,pre,48.34058406094948,0.1685605063297241,3.7083311392539304
presynaptic,5.420856075840276,pre,54.27317184069833,0.16707747110651347,3.6757043643432965
presynaptic,5.420856075840276,pre,60.25841924345852,0.16269655029095578,3.579324106401027
presynaptic,5.420856075840276,pre,66.40483106480117,0.16163323332396476,3.7175643664511897
presynaptic,5.420856075840276,pre,72.59167754083299,0.15477466834560374,3.7145920402944896
presynaptic,5.420856075840276,pre,79.05268314781677,0.16970640168043516,3.7335408369695733
presynaptic,5.469118069520253,pre,28.95141573556173,0.157070317757558,3.7696876261813923
presynaptic,5.469118069520253,pre,35.31799100119228,0.14509800420224322,3.6274501050560803
presynaptic,5.469118069520253,pre,42.20988455615918,0.16177795574154502,3.7208929820555356
presynaptic,5.469118069520253,pre,48.391196437721035,0.160508142213694,3.691687270914962
presynaptic,5.469118069520253,pre,54.62140997211383,0.16132010794242743,3.710362482675831
presynaptic,5.469118069520253,pre,60.820265234204804,0.1562296706221248,3.5932824243088706
presynaptic,5.469118069520253,pre,67.22109803387649,0.15652699533352246,3.756647888004539
presynaptic,5.469118069520253,pre,73.6097723827914,0.13495960603834017,3.643909363035185
presynaptic,5.469118069520253,pre,81.01939685750952,0.14962725217063894,3.7406813042659732
presynaptic,5.51738006320023,pre,28.587513648699,0.15677462557126637,3.6058163881391265
presynaptic,5.51738006320023,pre,34.966096894272894,0.1568822392357309,3.7651737416575424
presynaptic,5.51738006320023,pre,41.34030473877849,0.15222059003764382,3.653294160903452
presynaptic,5.51738006320023,pre,47.90971824422281,0.1601172762872152,3.6826973546059496
presynaptic,5.51738006320023,pre,54.155140494637685,0.1612116778242634,3.7078685899580583
presynaptic,5.51738006320023,pre,60.35816507385023,0.15967465319879462,3.672517023572276
presynaptic,5.51738006320023,pre,66.62089982834506,0.16063357916255872,3.6945723207388506
presynaptic,5.51738006320023,pre,72.84624825931051,0.1610008029261421,3.7030184673012685
presynaptic,5.51738006320023,pre,79.05739740779484,0.16106277836239463,3.704443902335077
presynaptic,5.565642056880207,pre,28.568002815945807,0.16110135962641525,3.705331271407551
presynaptic,5.565642056880207,pre,34.77527507186557,0.16089276139436937,3.7005335120704954
presynaptic,5.565642056880207,pre,40.990595085852206,0.15780993343242883,3.629628468945863
presynaptic,5.565642056880207,pre,47.32733180609283,0.16254211497683962,3.7384686444673116
presynaptic,5.565642056880207,pre,53.47958348648033,0.15968188091359006,3.6726832610125717
presynaptic,5.565642056880207,pre,59.74203476948556,0.15882548393633578,3.652986130535723
presynaptic,5.565642056880207,pre,66.03825358283949,0.16391838570152775,3.6062044854336106
presynaptic,5.565642056880207,pre,72.13885050929323,0.1574211888917025,3.7781085334008604
presynaptic,5.565642056880207,pre,78.49123551565948,0.16168005338717775,3.718641227905088
presynaptic,5.613904050560184,pre,28.86945488329168,0.16116654947257034,3.706830637869118
presynaptic,5.613904050560184,pre,35.074216375503156,0.1532485681113944,3.6779656346734653
presynaptic,5.613904050560184,pre,41.5995628261996,0.1637803729356391,3.60316820458406
presynaptic,5.613904050560184,pre,47.705300541139174,0.16453219781719655,3.7842405497955207
presynaptic,5.613904050560184,pre,53.78313827300397,0.16629359571907731,3.658459105819701
presynaptic,5.613904050560184,pre,59.79659895785991,0.17530575830600306,3.6814209244260643
presynaptic,5.613904050560184,pre,65.50091814088675,0.1597118762021939,3.6733731526504596
presynaptic,5.613904050560184,pre,71.76219328071423,0.1600731438795109,3.681682309228751
presynaptic,5.613904050560184,pre,78.00933740348296,0.15988592820007747,3.6773763486017814
presynaptic,5.662166044240161,pre,28.803749822460325,0.1713321966093457,3.59797612879626
presynaptic,5.662166044240161,pre,34.6403644214087,0.15332371826344735,3.6797692383227365
presynaptic,5.662166044240161,pre,41.16251253603867,0.1615870064007168,3.716501147216486
presynaptic,5.662166044240161,pre,47.3511289494161,0.16793528943081582,3.6945763674779477
presynaptic,5.662166044240161,pre,53.3058035350217,0.16149051196551312,3.7142817752068016
presynaptic,5.662166044240161,pre,59.49811779441023,0.1719206474369915,3.610333596176822
presynaptic,5.662166044240161,pre,65.3147548005412,0.14233743411152847,3.7007732868997403
presynaptic,5.662166044240161,pre,72.34031351067257,0.16481664621421885,3.625966216712815
presynaptic,5.662166044240161,pre,78.40766182147523,0.15742167919518343,3.7781203006844026
presynaptic,5.7104280379201375,pre,28.807031307652526,0.17255271349739296,3.623606983445252
presynaptic,5.7104280379201375,pre,34.602361788010974,0.1525987759780175,3.6623706234724196
presynaptic,5.7104280379201375,pre,41.155494299008666,0.18054475922535107,3.7914399437323723
presynaptic,5.7104280379201375,pre,46.69428702991163,0.16055821891059105,3.6928390349435944
presynaptic,5.7104280379201375,pre,52.92255741547727,0.163117300873419,3.588580619215218
presynaptic,5.7104280379201375,pre,59.05311496299341,0.16022273907802698,3.68512299879462
presynaptic,5.7104280379201375,pre,65.29442631339424,0.16686223576680803,3.670969186869777
presynaptic,5.7104280379201375,pre,71.2873940775174,0.1649509867370084,3.793872694951193
presynaptic,5.7104280379201375,pre,77.34980097657017,0.17723754613181547,3.544750922636309
presynaptic,5.758690031600115,pre,28.69442235197738,0.15895704171119193,3.8149690010686066
presynaptic,5.758690031600115,pre,34.98543021947968,0.1651757424039965,3.633866332887923
presynaptic,5.758690031600115,pre,41.039587963503266,0.16149092167755796,3.7142911985838327
presynaptic,5.758690031600115,pre,47.231886512623305,0.18359479450814373,3.6718958901628747
presynaptic,5.758690031600115,pre,52.67866403525967,0.16138166161058123,3.7117782170433684
presynaptic,5.758690031600115,pre,58.875154950150794,0.16159967963676522,3.555192952008835
presynaptic,5.758690031600115,pre,65.0632860296662,0.16943921019000174,3.727662624180038
presynaptic,5.758690031600115,pre,70.96510768522423,0.15419074373851624,3.7005778497243895
presynaptic,5.758690031600115,pre,77.4505812989701,0.17775869911118142,3.7329326813348094
presynaptic,5.806952025280092,pre,28.262780888344892,0.15743980602760285,3.6211155386348652
presynaptic,5.806952025280092,pre,34.6144147300728,0.15801028185431612,3.6342364826492704
presynaptic,5.806952025280092,pre,40.94311681366246,0.16672048632191114,3.8345711854039557
presynaptic,5.806952025280092,pre,46.941179931527635,0.1636158170382436,3.599547974841359
presynaptic,5.806952025280092,pre,53.05305846565652,0.17719536023438145,3.7211025649220106
presynaptic,5.806952025280092,pre,58.69654709130265,0.16139133891932766,3.712000795144536
presynaptic,5.806952025280092,pre,64.89266645369207,0.1629398583223314,3.584676883091291
presynaptic,5.806952025280092,pre,71.02990021770933,0.17934052547651844,3.7661510350068874
presynaptic,5.806952025280092,pre,76.6058847719139,0.16689898596983385,3.6717776913363447
presynaptic,5.855214018960069,pre,28.32207818582231,0.1582870166803716,3.6406013836485465
presynaptic,5.855214018960069,pre,34.6397157341962,0.16261004099552787,3.7400309428971408
presynaptic,5.855214018960069,pre,40.78939747511343,0.16204079529418167,3.7269382917661784
presynaptic,5.855214018960069,pre,46.96068291088608,0.18160921038445219,3.632184207689044
presynaptic,5.855214018960069,pre,52.467011570556366,0.1665594303736975,3.664307468221345
presynaptic,5.855214018960069,pre,58.47087456262095,0.16182781294519238,3.7220396977394246
presynaptic,5.855214018960069,pre,64.65028205630486,0.1735512125708225,3.6445754639872727
presynaptic,5.855214018960069,pre,70.41227003199775,0.17417140807166864,3.6575995695050416
presynaptic,5.855214018960069,pre,76.15374052403463,0.16334241193075902,3.7568754744074577
presynaptic,5.903476012640046,pre,28.23763244833703,0.15647169597371965,3.598849007395552
presynaptic,5.903476012640046,pre,34.62856464714157,0.16455216385255864,3.7846997686088484
presynaptic,5.903476012640046,pre,40.70566492092476,0.16620203869639136,3.6564448513206096
presynaptic,5.903476012640046,pre,46.722438288107966,0.17320378505389009,3.6372794861316917
presynaptic,5.903476012640046,pre,52.49598417042724,0.1737867299894233,3.649521329777889
presynaptic,5.903476012640046,pre,58.25016344557017,0.16414275288683203,3.7752833163971364
presynaptic,5.903476012640046,pre,64.34242144912302,0.16319619892891724,3.5903163764361796
presynaptic,5.903476012640046,pre,70.47001514654465,0.17550758510755804,3.6856592872587184
presynaptic,5.903476012640046,pre,76.1677745874666,0.17109218909577004,3.764028160106941
presynaptic,5.951738006320023,pre,28.31470161870821,0.16124342509241213,3.708598777125479
presynaptic,5.951738006320023,pre,34.516504882480845,0.17251327713662482,3.6227788198691213
presynaptic,5.951738006320023,pre,40.313160169528885,0.16115962483651405,3.7066713712398234
presynaptic,5.951738006320023,pre,46.518188265210014,0.15430634065271615,3.7033521756651875
presynaptic,5.951738006320023,pre,52.99880335704615,0.16112806877808888,3.705945581896044
presynaptic,5.951738006320023,pre,59.20504667382812,0.1721218746486946,3.614559367622587
presynaptic,5.951738006320023,pre,65.01488346558412,0.16100012171633382,3.703002799475678
presynaptic,5.951738006320023,pre,71.22605889414622,0.15361968395141423,3.6868724148339416
presynaptic,5.951738006320023,pre,77.73564135309903,0.16096673047873275,3.702234801010853
presynaptic,6.0,pre,27.986179831041554,0.17238530980795697,3.620091505967096
presynaptic,6.0,pre,33.787138167422036,0.1718509225134125,3.7807202952950747
presynaptic,6.0,pre,39.60613515256742,0.16149466528051157,3.5528826361712547
presynaptic,6.0,pre,45.79829015820199,0.15457520757910018,3.709804981898404
presynaptic,6.0,pre,52.267632918025065,0.16071425442964196,3.6964278518817655
presynaptic,6.0,pre,58.489856351465335,0.17321624022432844,3.637541044710897
presynaptic,6.0,pre,64.26298708507855,0.17068565523127915,3.7550844150881413
presynaptic,6.0,pre,70.12171023697435,0.14834355416450004,3.708588854112501
presynaptic,6.0,pre,76.86281877810508,0.1603870828801629,3.688902906243747
postsynaptic,0.36363636363636365,pre,84.00826237311007,0.04290562381638123,3.689883648208786
postsynaptic,0.36363636363636365,pre,107.31523034261441,0.033566153224455116,3.6922768546900624
postsynaptic,0.36363636363636365,pre,137.10714582703267,0.03498633858448981,3.6735655513714303
postsynaptic,0.36363636363636365,pre,165.68973092907365,0.04029784738239415,3.667104111797867
postsynaptic,0.36363636363636365,pre,190.504952211511,0.038680075435975896,3.7132872418536857
postsynaptic,0.36363636363636365,pre,216.35805587608948,0.04176877059244863,3.675651812135479
postsynaptic,0.36363636363636365,pre,240.29938778066773,0.03534813614485392,3.676206159064808
postsynaptic,0.36363636363636365,pre,268.58942253390273,0.03954122608022604,3.677334025461022
postsynaptic,0.36363636363636365,pre,293.8794830386296,0.04307297412937933,3.704275775126622
postsynaptic,0.36363636363636365,post,341.8678154761206,0.08014734067066692,NaN
postsynaptic,0.36363636363636365,post,354.3448358193045,0.08592762404318127,NaN
postsynaptic,0.36363636363636365,post,365.9825368628882,0.09136332508317567,NaN
postsynaptic,0.36363636363636365,post,376.9278477859486,0.08966690061136105,NaN
postsynaptic,0.36363636363636365,post,388.08023504570514,0.09110883079467702,NaN
postsynaptic,0.36363636363636365,post,399.05611950473855,0.09636675049747742,NaN
postsynaptic,0.36363636363636365,post,409.43314264641,0.09261124536466118,NaN
postsynaptic,0.36363636363636365,post,420.23096742527406,0.09224831915476567,NaN
postsynaptic,0.36363636363636365,post,431.0712733426349,0.09165779416506757,NaN
postsynaptic,0.36363636363636365,post,441.9814202549541,0.0914401846637572,NaN
postsynaptic,0.36363636363636365,post,452.91753115277425,0.0913662553152145,NaN
postsynaptic,0.36363636363636365,post,463.86249104578934,0.0928333434929619,NaN
postsynaptic,0.36363636363636365,post,474.63448268558,0.09176918820509057,NaN
postsynaptic,0.36363636363636365,post,485.5313863147714,0.09047934000694142,NaN
postsynaptic,0.36363636363636365,post,496.58363315834123,0.09300310714070258,NaN
postsynaptic,0.36363636363636365,post,507.3359620938371,0.08892510964212394,NaN
postsynaptic,0.36363636363636365,post,518.5813797719762,0.08960686429938149,NaN
postsynaptic,0.36363636363636365,post,529.7412390954645,0.09217760989043357,NaN
postsynaptic,0.36363636363636365,post,540.5898605903009,0.09105230005271045,NaN
postsynaptic,0.36363636363636365,post,551.5725595382802,0.08939528010168864,NaN
postsynaptic,0.36363636363636365,post,562.7588324473475,0.08984642322924567,NaN
postsynaptic,0.36363636363636365,post,573.8889360625851,0.0923197217818576,NaN
postsynaptic,0.42424242424242425,pre,74.38467381898319,0.03998460840552824,3.678583973308598
postsynaptic,0.42424242424242425,pre,99.39429726853386,0.04193849779004068,3.6905878055235797
postsynaptic,0.42424242424242425,pre,123.2387374057644,0.04325354464156108,3.676551294532692
postsynaptic,0.42424242424242425,pre,146.3582298840555,0.041988115683101734,3.6529660644298505
postsynaptic,0.42424242424242425,pre,170.17449274155862,0.04123133651828739,3.7108202866458653
postsynaptic,0.42424242424242425,pre,194.42789038624736,0.04197579043423172,3.6938695582123913
postsynaptic,0.42424242424242425,pre,218.25114635487085,0.03858270992730733,3.665357443094196
postsynaptic,0.42424242424242425,pre,244.16949169360092,0.04360587025542392,3.6628931014556096
postsynaptic,0.42424242424242425,pre,267.102183877989,0.04183651596407385,3.723449920802573
postsynaptic,0.42424242424242425,post,314.7916643729768,0.08640038720641999,NaN
postsynaptic,0.42424242424242425,post,326.3656865774247,0.08485846964635559,NaN
postsynaptic,0.42424242424242425,post,338.15001410733964,0.08945218065764082,NaN
postsynaptic,0.42424242424242425,post,349.3291714252287,0.09158535181531431,NaN
postsynaptic,0.42424242424242425,post,360.24794806558646,0.08893708210326524,NaN
postsynaptic,0.42424242424242425,post,371.4918519170631,0.095270952901515,NaN
postsynaptic,0.42424242424242425,post,381.98823060904215,0.09298524445578761,NaN
postsynaptic,0.42424242424242425,post,392.7426250923032,0.09211645737031528,NaN
postsynaptic,0.42424242424242425,post,403.5984485634547,0.08884710602417942,NaN
postsynaptic,0.42424242424242425,post,414.8537391941687,0.09563152974816112,NaN
postsynaptic,0.42424242424242425,post,425.3105414918359,0.09055907783539835,NaN
postsynaptic,0.42424242424242425,post,436.3530567636634,0.09138602405127645,NaN
postsynaptic,0.42424242424242425,post,447.29564902961977,0.0924347302020748,NaN
postsynaptic,0.42424242424242425,post,458.11409354515916,0.08756412886477885,NaN
postsynaptic,0.42424242424242425,post,469.5342950930356,0.09102701845533516,NaN
postsynaptic,0.42424242424242425,post,480.5200443460519,0.09131727637513143,NaN
postsynaptic,0.42424242424242425,post,491.4708746784416,0.08922072430460115,NaN
postsynaptic,0.42424242424242425,post,502.67903295998593,0.0963023381071793,NaN
postsynaptic,0.42424242424242425,post,513.0629968351626,0.09152470714255949,NaN
postsynaptic,0.42424242424242425,post,523.9890083048567,0.09274972967628058,NaN
postsynaptic,0.48484848484848486,pre,75.62226723650424,0.0503432383195661,3.6750563973283255
postsynaptic,0.48484848484848486,pre,95.48590798309773,0.043701887501465184,3.7146604376245405
postsynaptic,0.48484848484848486,pre,118.36821483921403,0.04485145201095171,3.6778190648980402
postsynaptic,0.48484848484848486,pre,140.66403705152106,0.04410513827873847,3.660726477135293
postsynaptic,0.48484848484848486,pre,163.3371322741261,0.04373308931895582,3.717312592111245
postsynaptic,0.48484848484848486,pre,186.2031135156241,0.046944109798636474,3.661640564293645
postsynaptic,0.48484848484848486,pre,207.5050405153996,0.04601405373899525,3.6811242991196202
postsynaptic,0.48484848484848486,pre,229.2375313251049,0.045791043421513425,3.663283473721074
postsynaptic,0.48484848484848486,pre,251.07586313149878,0.043966376296855444,3.6931756089358574
postsynaptic,0.48484848484848486,post,296.82555369805544,0.0840507677254303,NaN
postsynaptic,0.48484848484848486,post,308.72312497624665,0.08390128547190168,NaN
postsynaptic,0.48484848484848486,post,320.6418934954119,0.09000939374399468,NaN
postsynaptic,0.48484848484848486,post,331.7518450060754,0.09123253040305292,NaN
postsynaptic,0.48484848484848486,post,342.7128475737137,0.09362259920801243,NaN
postsynaptic,0.48484848484848486,post,353.3940293445614,0.09352098744230557,NaN
postsynaptic,0.48484848484848486,post,364.0868163579247,0.09528634298270706,NaN
postsynaptic,0.48484848484848486,post,374.5814997374882,0.09093707939795975,NaN
postsynaptic,0.48484848484848486,post,385.5781141726603,0.09065528710323592,NaN
postsynaptic,0.48484848484848486,post,396.60891041139735,0.09374793390010812,NaN
postsynaptic,0.48484848484848486,post,407.2758121594992,0.09939369841814721,NaN
postsynaptic,0.48484848484848486,post,417.3368121616625,0.09606104319894257,NaN
postsynaptic,0.48484848484848486,post,427.7468594263898,0.09930327562621534,NaN
postsynaptic,0.48484848484848486,post,437.8170206944236,0.09577442685568853,NaN
postsynaptic,0.48484848484848486,post,448.258221261531,0.09930936367739748,NaN
postsynaptic,0.48484848484848486,post,458.3277651894174,0.09575019942308038,NaN
postsynaptic,0.48484848484848486,post,468.7716076672948,0.09932115143393902,NaN
postsynaptic,0.48484848484848486,post,478.83995650903296,0.09573568388708666,NaN
postsynaptic,0.48484848484848486,post,489.28538249229985,0.09932370912898791,NaN
postsynaptic,0.5454545454545454,pre,64.89661143039518,0.05195599068966227,3.6888753389660214
postsynaptic,0.5454545454545454,pre,84.14367007995666,0.04607841260048962,3.6862730080391697
postsynaptic,0.5454545454545454,pre,105.84580658084329,0.046024661609665514,3.681972928773241
postsynaptic,0.5454545454545454,pre,127.57328843570157,0.04661820500697939,3.682838195551372
postsynaptic,0.5454545454545454,pre,149.02413579995093,0.05034150492375651,3.6749298594342257
postsynaptic,0.5454545454545454,pre,168.8884605060662,0.046599710239893524,3.6813771089515885
postsynaptic,0.5454545454545454,pre,190.34782140878508,0.04706347414325623,3.6709509831739857
postsynaptic,0.5454545454545454,pre,211.5957215734883,0.04875128055333675,3.705097322053593
postsynaptic,0.5454545454545454,pre,232.10800327460058,0.046070843605109324,3.685667488408746
postsynaptic,0.5454545454545454,post,275.5478381422424,0.08478863895432068,NaN
postsynaptic,0.5454545454545454,post,287.3418710732197,0.08003030525979907,NaN
postsynaptic,0.5454545454545454,post,299.83713766946397,0.0882990136531871,NaN
postsynaptic,0.5454545454545454,post,311.16229248860736,0.09008000056194264,NaN
postsynaptic,0.5454545454545454,post,322.2635357586089,0.09083165071456809,NaN
postsynaptic,0.5454545454545454,post,333.2729140109367,0.09498368554352336,NaN
postsynaptic,0.5454545454545454,post,343.80103780690985,0.09117130137535612,NaN
postsynaptic,0.5454545454545454,post,354.7694015893128,0.09117823650239584,NaN
postsynaptic,0.5454545454545454,post,365.73693110468923,0.08905642881515732,NaN
postsynaptic,0.5454545454545454,post,376.96576672390734,0.09327890378150343,NaN
postsynaptic,0.5454545454545454,post,387.686304374547,0.0919062317000532,NaN
postsynaptic,0.5454545454545454,post,398.56695938022295,0.0907243422887408,NaN
postsynaptic,0.5454545454545454,post,409.58935948555944,0.09188918648229699,NaN
postsynaptic,0.5454545454545454,post,420.47203282593836,0.08982358993067016,NaN
postsynaptic,0.5454545454545454,post,431.6049657311122,0.09352274283688478,NaN
postsynaptic,0.5454545454545454,post,442.29755204398504,0.0892070073201781,NaN
postsynaptic,0.5454545454545454,post,453.5074337566496,0.08814124164099428,NaN
postsynaptic,0.6060606060606061,pre,50.051127297744436,0.09016006510572946,3.696562669334908
postsynaptic,0.6060606060606061,pre,61.14251236747918,0.10036184412941518,3.7133882327883616
postsynaptic,0.6060606060606061,pre,71.106458413653,0.0989973634686423,3.6629024483397647
postsynaptic,0.6060606060606061,pre,81.20773752818975,0.09642536239618527,3.66416377105504
postsynaptic,0.6060606060606061,pre,91.57845302409088,0.09283915371621039,3.713566148648416
postsynaptic,0.6060606060606061,pre,102.34977051214972,0.09531299274950615,3.6218937244812337
postsynaptic,0.6060606060606061,pre,112.84151955027004,0.0946466312074932,3.6912186170922348
postsynaptic,0.6060606060606061,pre,123.40713596199109,0.09720516129558021,3.693796129232048
postsynaptic,0.6060606060606061,pre,133.6946555409074,0.10375137085978484,3.735049350952254
postsynaptic,0.6060606060606061,post,153.50850565352022,0.11318435811348038,NaN
postsynaptic,0.6060606060606061,post,162.34364874809327,0.10435493514784866,NaN
postsynaptic,0.6060606060606061,post,171.92632922777747,0.10706390914135665,NaN
postsynaptic,0.6060606060606061,post,181.26654488046486,0.0981854696320248,NaN
postsynaptic,0.6060606060606061,post,191.45135128560563,0.09777286515978025,NaN
postsynaptic,0.6060606060606061,post,201.67913788432912,0.09632834915975069,NaN
postsynaptic,0.6060606060606061,post,212.06029783072873,0.09307318717563676,NaN
postsynaptic,0.6060606060606061,post,222.80453073330375,0.09091285570563365,NaN
postsynaptic,0.6060606060606061,post,233.80407521178648,0.08883901265890959,NaN
postsynaptic,0.6666666666666666,pre,49.50316715668298,0.09318828372057301,3.7275313488229207
postsynaptic,0.6666666666666666,pre,60.23412989228309,0.09489870645345137,3.606150845231152
postsynaptic,0.6666666666666666,pre,70.77168132340306,0.09335368922427856,3.734147568971142
postsynaptic,0.6666666666666666,pre,81.4836307740299,0.09864255762182986,3.6497746320077047
postsynaptic,0.6666666666666666,pre,91.62124301877463,0.0945248687324019,3.686469880563674
postsynaptic,0.6666666666666666,pre,102.20046955894557,0.09458043027353547,3.6886367806678835
postsynaptic,0.6666666666666666,pre,112.77348130257907,0.09563155696673392,3.7296307217026228
postsynaptic,0.6666666666666666,pre,123.23028062404005,0.09505245181602949,3.6119931690091205
postsynaptic,0.6666666666666666,pre,133.750787785028,0.09468361874809553,3.692661131175725
postsynaptic,0.6666666666666666,post,154.4935258490285,0.11275384257483632,NaN
postsynaptic,0.6666666666666666,post,163.36240319426207,0.10959160455028996,NaN
postsynaptic,0.6666666666666666,post,172.48718975162208,0.10700873064425878,NaN
postsynaptic,0.6666666666666666,post,181.83222163808014,0.10239339380683016,NaN
postsynaptic,0.6666666666666666,post,191.59847669440288,0.10109590244291751,NaN
postsynaptic,0.6666666666666666,post,201.49007443314048,0.10164786981353839,NaN
postsynaptic,0.6666666666666666,post,211.3279589046438,0.09443352015008996,NaN
postsynaptic,0.6666666666666666,post,221.91741907101934,0.09325169625757063,NaN
postsynaptic,0.6666666666666666,post,232.64108459274775,0.09871472871439319,NaN
postsynaptic,0.7272727272727273,pre,43.76550221548334,0.09742223920613634,3.7020450898331805
postsynaptic,0.7272727272727273,pre,54.03009896617076,0.09864210456901348,3.649757869053499
postsynaptic,0.7272727272727273,pre,64.1677577719028,0.09560224677670463,3.728487624291481
postsynaptic,0.7272727272727273,pre,74.6277629884713,0.09985305142169938,3.594709851181178
postsynaptic,0.7272727272727273,pre,84.64247947196463,0.09999108912066583,3.699670297464636
postsynaptic,0.7272727272727273,pre,94.6433706393089,0.10498540317032543,3.6744891109613897
postsynaptic,0.7272727272727273,pre,104.16850432268036,0.11314743398888741,3.7338653216332847
postsynaptic,0.7272727272727273,pre,113.00653064591287,0.11108302597731294,3.6657398572513267
postsynaptic,0.7272727272727273,pre,122.0088061169127,0.1090840079786898,3.708856271275453
postsynaptic,0.7272727272727273,post,140.36699830987223,0.11923059973797118,NaN
postsynaptic,0.7272727272727273,post,148.7541070067811,0.10838941960647451,NaN
postsynaptic,0.7272727272727273,post,157.9800997617074,0.10248757303718017,NaN
postsynaptic,0.7272727272727273,post,167.73738028231475,0.10273405261935456,NaN
postsynaptic,0.7272727272727273,post,177.47125113140072,0.09843608201910228,NaN
postsynaptic,0.7272727272727273,post,187.6301276275817,0.0976954579554379,NaN
postsynaptic,0.7272727272727273,post,197.86601802543552,0.09470215846281566,NaN
postsynaptic,0.7272727272727273,post,208.42543943917917,0.09442036214456094,NaN
postsynaptic,0.7878787878787878,pre,44.01301041668134,0.10502744487685868,3.6759605706900538
postsynaptic,0.7878787878787878,pre,53.53433125974734,0.10892013219639059,3.70328449467728
postsynaptic,0.7878787878787878,pre,62.71537042886008,0.10982602289954534,3.624258755684996
postsynaptic,0.7878787878787878,pre,71.82068056937815,0.11283869937298469,3.7236770793084943
postsynaptic,0.7878787878787878,pre,80.68288835408978,0.11427463463045323,3.6567883081745034
postsynaptic,0.7878787878787878,pre,89.43373672244246,0.11093597859925927,3.660887293775556
postsynaptic,0.7878787878787878,pre,98.4479448506491,0.11234630298473994,3.707427998496418
postsynaptic,0.7878787878787878,pre,107.34899431496329,0.11060558142600782,3.649984187058258
postsynaptic,0.7878787878787878,pre,116.39012937439945,0.10919437717139449,3.712608823827413
postsynaptic,0.7878787878787878,post,134.92867841692063,0.11806484681248698,NaN
postsynaptic,0.7878787878787878,post,143.39860004895579,0.10865839262760739,NaN
postsynaptic,0.7878787878787878,post,152.60175477835793,0.10302182340144322,NaN
postsynaptic,0.7878787878787878,post,162.30843601329704,0.10186995475050806,NaN
postsynaptic,0.7878787878787878,post,172.1248730820002,0.0984210314946536,NaN
postsynaptic,0.7878787878787878,post,182.28530307154284,0.0957133854744215,NaN
postsynaptic,0.7878787878787878,post,192.73316253282206,0.09899450499636801,NaN
postsynaptic,0.7878787878787878,post,202.83473332239961,0.09640862589043442,NaN
postsynaptic,0.8484848484848485,pre,40.88259547757612,0.10630744490773181,3.7207605717706134
postsynaptic,0.8484848484848485,pre,50.28927438767444,0.11452784439446079,3.664891020622745
postsynaptic,0.8484848484848485,pre,59.02077549369164,0.11531917432133039,3.6902135782825725
postsynaptic,0.8484848484848485,pre,67.69236030068615,0.11529932214535657,3.6895783086514102
postsynaptic,0.8484848484848485,pre,76.3654381765414,0.1088700734455491,3.701582497148669
postsynaptic,0.8484848484848485,pre,85.55069881201021,0.11600178843235394,3.712057229835326
postsynaptic,0.8484848484848485,pre,94.17125555957404,0.1159673046308731,3.594986443557066
postsynaptic,0.8484848484848485,pre,102.79437569833233,0.1105849073374091,3.759886849471909
postsynaptic,0.8484848484848485,pre,111.83720101760369,0.11548471533943211,3.6955108908618275
postsynaptic,0.8484848484848485,post,129.44577765954006,0.11284703545605275,NaN
postsynaptic,0.8484848484848485,post,138.30733078726436,0.1137614233910321,NaN
postsynaptic,0.8484848484848485,post,147.09765680632884,0.10659430309023568,NaN
postsynaptic,0.8484848484848485,post,156.47902120395023,0.10273495759246405,NaN
postsynaptic,0.8484848484848485,post,166.2128063091806,0.10108461997848936,NaN
postsynaptic,0.8484848484848485,post,176.10550808926146,0.10110568055679972,NaN
postsynaptic,0.8484848484848485,post,185.99614919362764,0.09309802150029751,NaN
postsynaptic,0.9090909090909091,pre,40.0578593935095,0.1109802944141767,3.662349715667831
postsynaptic,0.9090909090909091,pre,49.068468036049374,0.11650149797926247,3.728047935336399
postsynaptic,0.9090909090909091,pre,57.65204865385398,0.11146714072551978,3.6784156439421527
postsynaptic,0.9090909090909091,pre,66.62330236585537,0.11343884426030841,3.7434818605901774
postsynaptic,0.9090909090909091,pre,75.43862489951321,0.11932679200171897,3.5798037600515693
postsynaptic,0.9090909090909091,pre,83.81897254168895,0.11173082655477556,3.6871172763075934
postsynaptic,0.9090909090909091,pre,92.76905400832658,0.11505682258003928,3.681818322561257
postsynaptic,0.9090909090909091,pre,101.46041170077763,0.11272781696012898,3.7200179596842564
postsynaptic,0.9090909090909091,pre,110.33133661502211,0.11295688988085283,3.7275773660681435
postsynaptic,0.9090909090909091,post,128.1126750181326,0.11746862716378233,NaN
postsynaptic,0.9090909090909091,post,136.62558628767297,0.11709521806378054,NaN
postsynaptic,0.9090909090909091,post,145.16564468233184,0.1126132331185621,NaN
postsynaptic,0.9090909090909091,post,154.0455957529771,0.10927661470306853,NaN
postsynaptic,0.9090909090909091,post,163.1966845080346,0.09910623181151168,NaN
postsynaptic,0.9090909090909091,post,173.28686735245836,0.09844304538064964,NaN
postsynaptic,0.9090909090909091,post,183.44502526126035,0.1016610286025667,NaN
postsynaptic,0.9090909090909091,post,193.2816363377565,0.09440539664883339,NaN
postsynaptic,0.9696969696969697,pre,38.94209114051151,0.11374843715887475,3.7536984262428668
postsynaptic,0.9696969696969697,pre,47.733420718106316,0.11830142760230758,3.667344255671535
postsynaptic,0.9696969696969697,pre,56.18640408667299,0.12422378886920922,3.6024898772070673
postsynaptic,0.9696969696969697,pre,64.23639200849418,0.11512702600560425,3.684064832179336
postsynaptic,0.9696969696969697,pre,72.92244978915222,0.11575549056518658,3.7041756980859706
postsynaptic,0.9696969696969697,pre,81.56134886095789,0.1156845671369017,3.7019061483808544
postsynaptic,0.9696969696969697,pre,90.20554423419722,0.11568427163869759,3.7018966924383228
postsynaptic,0.9696969696969697,pre,98.84976168774334,0.11174153417644161,3.6874706278225733
postsynaptic,0.9696969696969697,pre,107.79898551369318,0.12244814241005479,3.673444272301644
postsynaptic,0.9696969696969697,post,124.07360501628885,0.12288927083725733,NaN
postsynaptic,0.9696969696969697,post,132.2110119126509,0.11348125613894054,NaN
postsynaptic,0.9696969696969697,post,141.0230398547425,0.1117632375877091,NaN
postsynaptic,0.9696969696969697,post,149.97052582225686,0.1011769566835749,NaN
postsynaptic,0.9696969696969697,post,159.85419926706547,0.10255551630767645,NaN
postsynaptic,0.9696969696969697,post,169.6050155664043,0.09419195177585414,NaN
postsynaptic,0.9696969696969697,post,180.2216338776977,0.09487064563506178,NaN
postsynaptic,1.0303030303030303,pre,39.34028490380584,0.11606417251026577,3.5979893478182388
postsynaptic,1.0303030303030303,pre,47.95620813292765,0.11886015104788604,3.6846646824844673
postsynaptic,1.0303030303030303,pre,56.369456737980514,0.11536619139742474,3.6917181247175916
postsynaptic,1.0303030303030303,pre,65.03750747179647,0.11743051205500975,3.757776385760312
postsynaptic,1.0303030303030303,pre,73.55318182678485,0.11750276654436792,3.6425857628754055
postsynaptic,1.0303030303030303,pre,82.06361974589895,0.11502606145556515,3.680833966578085
postsynaptic,1.0303030303030303,pre,90.75730174583687,0.11751201101863222,3.6428723415775988
postsynaptic,1.0303030303030303,pre,99.26707016296866,0.11593411722038982,3.7098917510524743
postsynaptic,1.0303030303030303,pre,107.89265876428615,0.11487267656653258,3.6759256501290425
postsynaptic,1.0303030303030303,post,125.4682276300739,0.12114052850602292,NaN
postsynaptic,1.0303030303030303,post,133.7231032883907,0.12038326398446995,NaN
postsynaptic,1.0303030303030303,post,142.02990580314062,0.10854783183575441,NaN
postsynaptic,1.0303030303030303,post,151.2424343547299,0.09722781299067337,NaN
postsynaptic,1.0303030303030303,post,161.52755719397268,0.09393341196568064,NaN
postsynaptic,1.0303030303030303,post,172.17339640148873,0.0976736879747421,NaN
postsynaptic,1.0303030303030303,post,182.41156822375672,0.09612352122790631,NaN
postsynaptic,1.0909090909090908,pre,37.56981766569458,0.11435186707145203,3.659259746286465
postsynaptic,1.0909090909090908,pre,46.314755773046656,0.11398405851034002,3.7614739308412206
postsynaptic,1.0909090909090908,pre,55.08791241502818,0.11822489654518767,3.6649717929008174
postsynaptic,1.0909090909090908,pre,63.5463676915594,0.11669357540817629,3.617500837653465
postsynaptic,1.0909090909090908,pre,72.11581975009949,0.11711217644682739,3.7475896462984766
postsynaptic,1.0909090909090908,pre,80.6546415049324,0.12209655284861488,3.6628965854584465
postsynaptic,1.0909090909090908,pre,88.84488092340214,0.12408074381468993,3.7224223144406983
postsynaptic,1.0909090909090908,pre,96.90414918096081,0.11465684256359382,3.669018962035002
postsynaptic,1.0909090909090908,pre,105.62582664600487,0.11715082697380703,3.6316756361880183
postsynaptic,1.0909090909090908,post,122.10233092214233,0.12136323331982467,NaN
postsynaptic,1.0909090909090908,post,130.34205866048242,0.12073604582058883,NaN
postsynaptic,1.0909090909090908,post,138.62458930991232,0.11122833266366453,NaN
postsynaptic,1.0909090909090908,post,147.6151043707092,0.10534199868020491,NaN
postsynaptic,1.0909090909090908,post,157.10799431516315,0.10090535623057144,NaN
postsynaptic,1.0909090909090908,post,167.01827100766076,0.10163572344161967,NaN
postsynaptic,1.0909090909090908,post,176.85733119376164,0.10159595850813433,NaN
postsynaptic,1.1515151515151516,pre,38.02465150585773,0.12071167206796665,3.6213501620389996
postsynaptic,1.1515151515151516,pre,46.30885453998479,0.12202691901214338,3.6608075703643017
postsynaptic,1.1515151515151516,pre,54.5037676632153,0.12283716945785134,3.68511508373554
postsynaptic,1.1515151515151516,pre,62.64462604031366,0.11904821517799552,3.690494670517861
postsynaptic,1.1515151515151516,pre,71.04458397756493,0.12184516392266051,3.777200081602476
postsynaptic,1.1515151515151516,pre,79.25172136247366,0.11805658310713554,3.6597540763212018
postsynaptic,1.1515151515151516,pre,87.72223587069475,0.12234503981425396,3.6703511944276186
postsynaptic,1.1515151515151516,pre,95.89584063242611,0.12025753161506413,3.727983480066988
postsynaptic,1.1515151515151516,pre,104.21132812472663,0.12042703595913287,3.612811078773986
postsynaptic,1.1515151515151516,post,120.46017677335578,0.12770521010419653,NaN
postsynaptic,1.1515151515151516,post,128.29071085402552,0.11881636757971786,NaN
postsynaptic,1.1515151515151516,post,136.70705971546556,0.1046628909132375,NaN
postsynaptic,1.1515151515151516,post,146.26154451207768,0.09758323256312136,NaN
postsynaptic,1.1515151515151516,post,156.5092066742545,0.09916736175754999,NaN
postsynaptic,1.1515151515151516,post,166.59316960597852,0.09684294257450078,NaN
postsynaptic,1.1515151515151516,post,176.91916728237817,0.09652656303186684,NaN
postsynaptic,1.2121212121212122,pre,36.66406567588526,0.1223482125738936,3.670446377216808
postsynaptic,1.2121212121212122,pre,44.83745847797494,0.1242982123504437,3.604648158162867
postsynaptic,1.2121212121212122,pre,52.882626474282254,0.12409654788457283,3.722896436537185
postsynaptic,1.2121212121212122,pre,60.940868359706336,0.12921033544633506,3.7470997279437173
postsynaptic,1.2121212121212122,pre,68.6801873278498,0.12327468420922724,3.6982405262768174
postsynaptic,1.2121212121212122,pre,76.79215294686331,0.11850823057158105,3.673755147719013
postsynaptic,1.2121212121212122,pre,85.23038542385555,0.1199432888610477,3.598298665831431
postsynaptic,1.2121212121212122,pre,93.56765889280706,0.12028085431557863,3.7287064837829376
postsynaptic,1.2121212121212122,pre,101.88153399529277,0.1260241277139597,3.6546997037048317
postsynaptic,1.2121212121212122,post,118.09621051237202,0.12988710176488014,NaN
postsynaptic,1.2121212121212122,post,125.79520438021724,0.11825093084221519,NaN
postsynaptic,1.2121212121212122,post,134.251797430925,0.10812517056472065,NaN
postsynaptic,1.2121212121212122,post,143.50033775485844,0.10469428718298032,NaN
postsynaptic,1.2121212121212122,post,153.051957302659,0.10054324539312036,NaN
postsynaptic,1.2121212121212122,post,162.9979262843647,0.10141325053366795,NaN
postsynaptic,1.2121212121212122,post,172.85857067489246,0.09422772283874749,NaN
postsynaptic,1.2727272727272727,pre,35.833977710886245,0.11919178138606366,3.6949452229679736
postsynaptic,1.2727272727272727,pre,44.223817919423674,0.12741271707321547,3.5675560780500333
postsynaptic,1.2727272727272727,pre,52.072328044400976,0.11831723933797526,3.7861516588152084
postsynaptic,1.2727272727272727,pre,60.524181769144185,0.12365639235421698,3.5860353782722925
postsynaptic,1.2727272727272727,pre,68.61110700577468,0.12622195064543681,3.7866585193631046
postsynaptic,1.2727272727272727,pre,76.5336592630207,0.1269798757297296,3.6824163961621585
postsynaptic,1.2727272727272727,pre,84.40892291604592,0.1277881828235156,3.578069119058436
postsynaptic,1.2727272727272727,pre,92.23437263999317,0.1290958296718687,3.7437790604841923
postsynaptic,1.2727272727272727,pre,99.98055625058512,0.1272101617980829,3.689094692144404
postsynaptic,1.2727272727272727,post,115.62387282871967,0.1292035073235506,NaN
postsynaptic,1.2727272727272727,post,123.36360080294413,0.11916908314410957,NaN
postsynaptic,1.2727272727272727,post,131.7550390318572,0.11366859263899182,NaN
postsynaptic,1.2727272727272727,post,140.5525439255438,0.10602315376207849,NaN
postsynaptic,1.2727272727272727,post,149.9844459631313,0.10077220371455918,NaN
postsynaptic,1.2727272727272727,post,159.90781732089712,0.10190942372322641,NaN
postsynaptic,1.2727272727272727,post,169.72045253622204,0.1068847828773448,NaN
postsynaptic,1.3333333333333333,pre,35.20525339348338,0.1240808947603201,3.722426842809603
postsynaptic,1.3333333333333333,pre,43.26451184686287,0.12184739871029363,3.6554219613088086
postsynaptic,1.3333333333333333,pre,51.47149870570929,0.12707845392220582,3.6852751637439685
postsynaptic,1.3333333333333333,pre,59.34065330379855,0.12520894160387086,3.7562682481161263
postsynaptic,1.3333333333333333,pre,67.3273033560268,0.12854642964158883,3.5993000299644873
postsynaptic,1.3333333333333333,pre,75.10659370884473,0.126545232106219,3.669811731080351
postsynaptic,1.3333333333333333,pre,83.00890644995712,0.12685759860789886,3.678870359629067
postsynaptic,1.3333333333333333,pre,90.89176101266153,0.12630031156490223,3.7890093469470667
postsynaptic,1.3333333333333333,pre,98.80939785464294,0.12770233973770184,3.575665512655652
postsynaptic,1.3333333333333333,post,114.71449345214656,0.12669662288162223,NaN
postsynaptic,1.3333333333333333,post,122.60736365859508,0.11439873676875495,NaN
postsynaptic,1.3333333333333333,post,131.34871892391934,0.11137460445520485,NaN
postsynaptic,1.3333333333333333,post,140.3274264568579,0.10006647778700793,NaN
postsynaptic,1.3333333333333333,post,150.32078309451737,0.10229429551796694,NaN
postsynaptic,1.3333333333333333,post,160.09649927630934,0.09792200397478011,NaN
postsynaptic,1.3333333333333333,post,170.30870857972138,0.09762948530187332,NaN
postsynaptic,1.393939393939394,pre,34.634890783013084,0.12222592892925642,3.6667778678776926
postsynaptic,1.393939393939394,pre,42.81646083742268,0.12859198012436268,3.7291674236065178
postsynaptic,1.393939393939394,pre,50.59299557180417,0.12848856962044358,3.726168518992864
postsynaptic,1.393939393939394,pre,58.37578903704399,0.12385975991568805,3.591933037554954
postsynaptic,1.393939393939394,pre,66.44943620607374,0.1259597372028001,3.778792116084003
postsynaptic,1.393939393939394,pre,74.38848103267544,0.12826223533078407,3.591342589261954
postsynaptic,1.393939393939394,pre,82.18500818208176,0.12774133095756718,3.7044985977694482
postsynaptic,1.393939393939394,pre,90.01332805712813,0.1262835830947239,3.662223909746993
postsynaptic,1.393939393939394,pre,97.932013728645,0.12184875756056865,3.777311484377628
postsynaptic,1.393939393939394,post,114.2061353893141,0.13045617237712312,NaN
postsynaptic,1.393939393939394,post,121.87154501906467,0.12462500974825919,NaN
postsynaptic,1.393939393939394,post,129.89561660806584,0.10887324065772125,NaN
postsynaptic,1.393939393939394,post,139.0806100367434,0.10612136142033238,NaN
postsynaptic,1.393939393939394,post,148.50378352995872,0.10046888260572595,NaN
postsynaptic,1.393939393939394,post,158.45711409425235,0.10237009046340151,NaN
postsynaptic,1.393939393939394,post,168.22559232332563,0.09822817437022091,NaN
postsynaptic,1.4545454545454546,pre,34.031715945127615,0.1296785664321372,3.6309998600998417
postsynaptic,1.4545454545454546,pre,41.743090519300715,0.12517044162750046,3.7551132488250136
postsynaptic,1.4545454545454546,pre,49.73219710866579,0.12947809250159417,3.625386590044637
postsynaptic,1.4545454545454546,pre,57.45551138275959,0.13137467352688395,3.6784908587527503
postsynaptic,1.4545454545454546,pre,65.06732858583233,0.13172701567030023,3.6883564387684067
postsynaptic,1.4545454545454546,pre,72.65878577410494,0.12487890212424538,3.7463670637273614
postsynaptic,1.4545454545454546,pre,80.66654355375833,0.1258822102454715,3.650584097118674
postsynaptic,1.4545454545454546,pre,88.61047779236115,0.12523764662086287,3.631891752005023
postsynaptic,1.4545454545454546,pre,96.59529726942576,0.1359166542557642,3.805666319161398
postsynaptic,1.4545454545454546,post,111.49530583035263,0.13337334419531327,NaN
postsynaptic,1.4545454545454546,post,118.9930558945303,0.12423959348598733,NaN
postsynaptic,1.4545454545454546,post,127.04201977103226,0.10886521955193346,NaN
postsynaptic,1.4545454545454546,post,136.22768994297323,0.1054548725602451,NaN
postsynaptic,1.4545454545454546,post,145.7104191495228,0.10082611365357629,NaN
postsynaptic,1.4545454545454546,post,155.6284846562015,0.1015523987535869,NaN
postsynaptic,1.4545454545454546,post,165.47561788272884,0.10160153689190529,NaN
postsynaptic,1.5151515151515151,pre,33.4722767613017,0.13361347242015287,3.7411772277642803
postsynaptic,1.5151515151515151,pre,40.95655197612031,0.1317602062703895,3.557525569300517
postsynaptic,1.5151515151515151,pre,48.54609686456612,0.129975560330913,3.769291249596477
postsynaptic,1.5151515151515151,pre,56.23985096305999,0.1303366749734063,3.6494268992553773
postsynaptic,1.5151515151515151,pre,63.912288519135735,0.13884036263451538,3.7486897911319152
postsynaptic,1.5151515151515151,pre,71.11480499939306,0.13535249605861138,3.6545173935825073
postsynaptic,1.5151515151515151,pre,78.50292142959891,0.12257257647326388,3.677177294197916
postsynaptic,1.5151515151515151,pre,86.66135318303542,0.13060133456189713,3.6568373677331194
postsynaptic,1.5151515151515151,pre,94.31824278033169,0.12748038089548153,3.696931045968964
postsynaptic,1.5151515151515151,post,109.396707383109,0.1304346818297101,NaN
postsynaptic,1.5151515151515151,post,117.06337997334506,0.12594070956479977,NaN
postsynaptic,1.5151515151515151,post,125.0036242633415,0.11482698152435655,NaN
postsynaptic,1.5151515151515151,post,133.7123788323875,0.10018666624154807,NaN
postsynaptic,1.5151515151515151,post,143.69374698759708,0.09660208705571569,NaN
postsynaptic,1.5151515151515151,post,154.04549021052813,0.09784140795059705,NaN
postsynaptic,1.5151515151515151,post,164.2661117341363,0.0975647465734789,NaN
postsynaptic,1.5757575757575757,pre,33.667707798996645,0.12604559551572775,3.655322269956105
postsynaptic,1.5757575757575757,pre,41.60134479684971,0.1307639356357439,3.661390197800829
postsynaptic,1.5757575757575757,pre,49.24871327913217,0.13159714812475878,3.6847201474932456
postsynaptic,1.5757575757575757,pre,56.847662148844485,0.13532793800886697,3.653854326239408
postsynaptic,1.5757575757575757,pre,64.23711930538875,0.12447630512120944,3.734289153636283
postsynaptic,1.5757575757575757,pre,72.27077678764005,0.12999263264798835,3.6397937141436745
postsynaptic,1.5757575757575757,pre,79.96352044264344,0.13205732129972406,3.6976049963922732
postsynaptic,1.5757575757575757,pre,87.5359896564506,0.13230524612299116,3.7045468914437523
postsynaptic,1.5757575757575757,pre,95.09426893337661,0.1317815270320525,3.68988275689747
postsynaptic,1.5757575757575757,post,110.4002932457704,0.12890724781256793,NaN
postsynaptic,1.5757575757575757,post,118.15780895546895,0.12478996532961233,NaN
postsynaptic,1.5757575757575757,post,126.17127379904562,0.10912973707857229,NaN
postsynaptic,1.5757575757575757,post,135.3346789970258,0.10396708539071234,NaN
postsynaptic,1.5757575757575757,post,144.95310771648025,0.10280545043914997,NaN
postsynaptic,1.5757575757575757,post,154.68021844580772,0.10133694331902923,NaN
postsynaptic,1.5757575757575757,post,164.5482879498562,0.09803868957973601,NaN
postsynaptic,1.6363636363636365,pre,32.873460722538184,0.1313063666982982,3.6765782675523497
postsynaptic,1.6363636363636365,pre,40.48923766576664,0.12351320875108045,3.7053962625324135
postsynaptic,1.6363636363636365,pre,48.58553773044496,0.1318215271629775,3.69100276056337
postsynaptic,1.6363636363636365,pre,56.17155210549958,0.1325687384218714,3.5793559373905275
postsynaptic,1.6363636363636365,pre,63.71480862211299,0.1317790365503226,3.6898130234090334
postsynaptic,1.6363636363636365,pre,71.30326901898445,0.13071662991096183,3.660065637506931
postsynaptic,1.6363636363636365,pre,78.95340504743893,0.1311273005843922,3.802691716947374
postsynaptic,1.6363636363636365,pre,86.57958201854504,0.13128335469630575,3.6759339314965613
postsynaptic,1.6363636363636365,pre,94.19669389318652,0.13168268591526092,3.6871152056273058
postsynaptic,1.6363636363636365,post,109.37001922032789,0.13635208875623508,NaN
postsynaptic,1.6363636363636365,post,116.70397361091857,0.11737973409954798,NaN
postsynaptic,1.6363636363636365,post,125.22333180908858,0.11105251204302236,NaN
postsynaptic,1.6363636363636365,post,134.2280808382019,0.11078882577581056,NaN
postsynaptic,1.6363636363636365,post,143.25426189028357,0.10599211613244627,NaN
postsynaptic,1.6363636363636365,post,152.68892586803088,0.09447442802653304,NaN
postsynaptic,1.6363636363636365,post,163.27380074781476,0.09032223882784822,NaN
postsynaptic,1.696969696969697,pre,31.668663684476794,0.12736706367204018,3.6936448464891654
postsynaptic,1.696969696969697,pre,39.51998702639601,0.13025673344498948,3.777445269904695
postsynaptic,1.696969696969697,pre,47.19713333240501,0.13136710037598412,3.6782788105275555
postsynaptic,1.696969696969697,pre,54.80938934732741,0.13215120486453003,3.5680825313423106
postsynaptic,1.696969696969697,pre,62.37647888710961,0.13424363248581792,3.7588217096029015
postsynaptic,1.696969696969697,pre,69.8256217736867,0.12989831820214284,3.6371529096599997
postsynaptic,1.696969696969697,pre,77.52395085015587,0.13006859053085487,3.7719891253947915
postsynaptic,1.696969696969697,pre,85.21220207144346,0.12956977121527175,3.6279535940276086
postsynaptic,1.696969696969697,pre,92.93005161783623,0.13858789843331523,3.7418732576995115
postsynaptic,1.696969696969697,post,107.87436780346142,0.13089753891259104,NaN
postsynaptic,1.696969696969697,post,115.51393084114211,0.1237847141321792,NaN
postsynaptic,1.696969696969697,post,123.59247274359531,0.11469244744425305,NaN
postsynaptic,1.696969696969697,post,132.31144266954493,0.10213306902774895,NaN
postsynaptic,1.696969696969697,post,142.10259072295656,0.10240840975242514,NaN
postsynaptic,1.696969696969697,post,151.86741377232843,0.10268618751485081,NaN
postsynaptic,1.696969696969697,post,161.60582186986713,0.09747496484701053,NaN
postsynaptic,1.7575757575757576,pre,32.373628386033516,0.13857708040835925,3.7415811710257
postsynaptic,1.7575757575757576,pre,39.589828908177566,0.13130949453761884,3.6766658470533273
postsynaptic,1.7575757575757576,pre,47.20542444086397,0.13196798430655138,3.563135576276887
postsynaptic,1.7575757575757576,pre,54.78301991036116,0.13076744606938676,3.792255936012216
postsynaptic,1.7575757575757576,pre,62.4301831001155,0.13133383190709208,3.677347293398578
postsynaptic,1.7575757575757576,pre,70.04436739276157,0.12976268593288462,3.6333552061207692
postsynaptic,1.7575757575757576,pre,77.75074301847278,0.12915079868596063,3.7453731618928585
postsynaptic,1.7575757575757576,pre,85.49362970732378,0.12949307744519697,3.6258061684655156
postsynaptic,1.7575757575757576,pre,93.2160502392106,0.12905133735186522,3.7424887832040916
postsynaptic,1.7575757575757576,post,108.6845839111334,0.1301947836925424,NaN
postsynaptic,1.7575757575757576,post,116.36538318463978,0.12155567595028069,NaN
postsynaptic,1.7575757575757576,post,124.59206607856754,0.11316478683278093,NaN
postsynaptic,1.7575757575757576,post,133.4287371667008,0.10985079353983052,NaN
postsynaptic,1.7575757575757576,post,142.53199411893587,0.10191201313924475,NaN
postsynaptic,1.7575757575757576,post,152.34438001139858,0.10144585037128978,NaN
postsynaptic,1.7575757575757576,post,162.20185566308882,0.09445879553905226,NaN
postsynaptic,1.8181818181818181,pre,31.93093777252634,0.1345683565606003,3.7679139836968076
postsynaptic,1.8181818181818181,pre,39.36210528886343,0.13771534506702723,3.580598971742708
postsynaptic,1.8181818181818181,pre,46.62346022003172,0.13705402801071306,3.700458756289253
postsynaptic,1.8181818181818181,pre,53.9198528508403,0.13341724613369363,3.7356828917434215
postsynaptic,1.8181818181818181,pre,61.415135724524625,0.138242771827886,3.732554839352922
postsynaptic,1.8181818181818181,pre,68.64878698004931,0.12904568954962214,3.61327930738942
postsynaptic,1.8181818181818181,pre,76.397980335442,0.13022797029354033,3.646383168219129
postsynaptic,1.8181818181818181,pre,84.07682227504952,0.13102615269423853,3.6687322754386793
postsynaptic,1.8181818181818181,pre,91.70888640451832,0.1312602961919797,3.8065485895674116
postsynaptic,1.8181818181818181,post,106.9458311243686,0.13608696553354024,NaN
postsynaptic,1.8181818181818181,post,114.29407344926295,0.12465571788601332,NaN
postsynaptic,1.8181818181818181,post,122.31616835961766,0.11587519313591638,NaN
postsynaptic,1.8181818181818181,post,130.94614318802675,0.10023696729098484,NaN
postsynaptic,1.8181818181818181,post,140.92250247967442,0.10123331497070699,NaN
postsynaptic,1.8181818181818181,post,150.8006735174337,0.0964719540389317,NaN
postsynaptic,1.8181818181818181,post,161.16638042118777,0.09536715196822891,NaN
postsynaptic,1.878787878787879,pre,31.23212134233551,0.13876279550596135,3.607832683154995
postsynaptic,1.878787878787879,pre,38.438663963171074,0.13926814789120956,3.760239993062658
postsynaptic,1.878787878787879,pre,45.6190567173072,0.1374255415663787,3.7104896222922252
postsynaptic,1.878787878787879,pre,52.89572442115601,0.13864600887494902,3.6047962307486747
postsynaptic,1.878787878787879,pre,60.10833737781129,0.1384785419711043,3.738920633219816
postsynaptic,1.878787878787879,pre,67.32967279747989,0.13719715604024643,3.7043232130866532
postsynaptic,1.878787878787879,pre,74.61845362109005,0.13659045986717913,3.551351956546658
postsynaptic,1.878787878787879,pre,81.93960914668388,0.1355721480998826,3.796020146796713
postsynaptic,1.878787878787879,pre,89.31575545708424,0.13736453019605144,3.571477785097337
postsynaptic,1.878787878787879,post,103.75365535585422,0.1310360614316764,NaN
postsynaptic,1.878787878787879,post,111.38514236083728,0.1283138682978761,NaN
postsynaptic,1.878787878787879,post,119.17853222013554,0.11646478186289548,NaN
postsynaptic,1.878787878787879,post,127.76481885549985,0.10431839935494457,NaN
postsynaptic,1.878787878787879,post,137.35085551042866,0.10632208150684956,NaN
postsynaptic,1.878787878787879,post,146.7562394704443,0.09761611970908485,NaN
postsynaptic,1.9393939393939394,pre,31.525644546401377,0.13803990805192132,3.5890376093499543
postsynaptic,1.9393939393939394,pre,38.76992639295163,0.13871176828481493,3.7452177436900036
postsynaptic,1.9393939393939394,pre,45.97912004944597,0.14261573588308496,3.7080091329602087
postsynaptic,1.9393939393939394,pre,52.99096901413378,0.13550795092209567,3.658714674896583
postsynaptic,1.9393939393939394,pre,60.370609789418666,0.13854501419088178,3.7407153831538085
postsynaptic,1.9393939393939394,pre,67.58848049981637,0.14297266782496904,3.574316695624226
postsynaptic,1.9393939393939394,pre,74.58282435037826,0.13590910668222547,3.6695458804200882
postsynaptic,1.9393939393939394,pre,81.94068302822345,0.13989822011492348,3.7772519431029337
postsynaptic,1.9393939393939394,pre,89.08873680030518,0.13972759745025826,3.6329175337067148
postsynaptic,1.9393939393939394,post,103.57112519650173,0.1302174979467901,NaN
postsynaptic,1.9393939393939394,post,111.25058468364855,0.1215098360509955,NaN
postsynaptic,1.9393939393939394,post,119.48037111493234,0.11032899015871267,NaN
postsynaptic,1.9393939393939394,post,128.54417201224373,0.11068162836740615,NaN
postsynaptic,1.9393939393939394,post,137.57909510427228,0.10082919373376502,NaN
postsynaptic,1.9393939393939394,post,147.49685763880623,0.10117861434020128,NaN
postsynaptic,2.0,pre,30.916445739051934,0.1390861937373813,3.6162410371719136
postsynaptic,2.0,pre,38.106231965341024,0.13619302420786886,3.6772116536124595
postsynaptic,2.0,pre,45.44875193518705,0.13668442223540667,3.6904794003559798
postsynaptic,2.0,pre,52.76487460407272,0.1402794387607813,3.6472654077803144
postsynaptic,2.0,pre,59.89350306761613,0.13766007189402496,3.7168219411386736
postsynaptic,2.0,pre,67.15777357279087,0.13748066011109908,3.711977822999675
postsynaptic,2.0,pre,74.43152392569064,0.13551594753059304,3.6589305833260117
postsynaptic,2.0,pre,81.81072923858747,0.13638688518377584,3.6824458999619476
postsynaptic,2.0,pre,89.14281251516161,0.1426041150495835,3.707706991289171
postsynaptic,2.0,post,103.53847601716593,0.13767010207315367,NaN
postsynaptic,2.0,post,110.80221727210181,0.12350585425458697,NaN
postsynaptic,2.0,post,118.89899945328219,0.11205091714440404,NaN
postsynaptic,2.0,post,127.82351364276681,0.1040813251160807,NaN
postsynaptic,2.0,post,137.4313851690441,0.10158838170277787,NaN
postsynaptic,2.0,post,147.27503050760012,0.09965610279064299,NaN
postsynaptic,2.0606060606060606,pre,30.574347270929497,0.14042249838123214,3.791407456293267
postsynaptic,2.0606060606060606,pre,37.69571323099885,0.13581405753722361,3.6669795535050373
postsynaptic,2.0606060606060606,pre,45.05872128873192,0.1365632135566294,3.6872067660289933
postsynaptic,2.0606060606060606,pre,52.38133748936288,0.14038100681039756,3.6499061770703363
postsynaptic,2.0606060606060606,pre,59.50480826878696,0.14005131675273708,3.641334235571164
postsynaptic,2.0606060606060606,pre,66.6450481693194,0.13988553667019327,3.637023953425025
postsynaptic,2.0606060606060606,pre,73.79375005661808,0.13582883381246927,3.803207346749139
postsynaptic,2.0606060606060606,pre,81.15595712217119,0.13647423629868646,3.6848043800645347
postsynaptic,2.0606060606060606,pre,88.48334745694036,0.13101917254318987,3.6685368312093165
postsynaptic,2.0606060606060606,post,103.66797281447899,0.13492860457142936,NaN
postsynaptic,2.0606060606060606,post,111.07929973938329,0.12889123846467038,NaN
postsynaptic,2.0606060606060606,post,118.83777899609478,0.11803927160416575,NaN
postsynaptic,2.0606060606060606,post,127.30953578017095,0.10573782686117977,NaN
postsynaptic,2.0606060606060606,post,136.76688921446151,0.1058336704637506,NaN
postsynaptic,2.0606060606060606,post,146.21567801313134,0.1021441871108226,NaN
postsynaptic,2.121212121212121,pre,30.034180117827702,0.13114307326794009,3.672006051502322
postsynaptic,2.121212121212121,pre,37.6594398824581,0.14059522436630592,3.79607105789026
postsynaptic,2.121212121212121,pre,44.772057003752394,0.1412274580708639,3.6719139098424614
postsynaptic,2.121212121212121,pre,51.85283303455958,0.14715738301786555,3.6789345754466387
postsynaptic,2.121212121212121,pre,58.64827869615167,0.14281690901077043,3.570422725269261
postsynaptic,2.121212121212121,pre,65.65025071001584,0.14053793666305014,3.7945242899023537
postsynaptic,2.121212121212121,pre,72.76576715877069,0.1352396167020511,3.65146965095538
postsynaptic,2.121212121212121,pre,80.16005016833525,0.13609830120420197,3.6746541325134534
postsynaptic,2.121212121212121,pre,87.50768045579636,0.14191455704645686,3.689778483207878
postsynaptic,2.121212121212121,post,101.74579500214583,0.13355175223932184,NaN
postsynaptic,2.121212121212121,post,109.23352903208219,0.12112605693637227,NaN
postsynaptic,2.121212121212121,post,117.48939094398527,0.11348238551224138,NaN
postsynaptic,2.121212121212121,post,126.3013311890388,0.10999790569978633,NaN
postsynaptic,2.121212121212121,post,135.39241336590558,0.10200241771894353,NaN
postsynaptic,2.121212121212121,post,145.1961025564441,0.10149408299354987,NaN
postsynaptic,2.1818181818181817,pre,30.41578753260006,0.13606922963604687,3.6738692001732653
postsynaptic,2.1818181818181817,pre,37.764987661642934,0.14799847076597283,3.699961769149321
postsynaptic,2.1818181818181817,pre,44.521814234407195,0.14790764000979434,3.6976910002448586
postsynaptic,2.1818181818181817,pre,51.28279020518045,0.14484587012950856,3.621146753237714
postsynaptic,2.1818181818181817,pre,58.186680520492075,0.14940947680616934,3.7352369201542333
postsynaptic,2.1818181818181817,pre,64.87969639456084,0.14005343608955442,3.641389338328415
postsynaptic,2.1818181818181817,pre,72.01982824652461,0.13529147571172787,3.652869844216652
postsynaptic,2.1818181818181817,pre,79.41127692974209,0.1405084838321115,3.653220579634899
postsynaptic,2.1818181818181817,pre,86.52828490482538,0.13907938668572892,3.755143440514681
postsynaptic,2.1818181818181817,post,100.86859638343506,0.13443056677234458,NaN
postsynaptic,2.1818181818181817,post,108.30738076119849,0.12479512708447045,NaN
postsynaptic,2.1818181818181817,post,116.32051415320286,0.11464987273808067,NaN
postsynaptic,2.1818181818181817,post,125.04272182877975,0.1140560412461862,NaN
postsynaptic,2.1818181818181817,post,133.81034158020995,0.10016444225408676,NaN
postsynaptic,2.1818181818181817,post,143.79392435166196,0.10214900726747053,NaN
postsynaptic,2.242424242424242,pre,29.43609711092349,0.14507804101086796,3.772029066282567
postsynaptic,2.242424242424242,pre,36.328939011959974,0.14416220592649093,3.604055148162273
postsynaptic,2.242424242424242,pre,43.26556982704271,0.14428095381533343,3.751304799198669
postsynaptic,2.242424242424242,pre,50.196491570739454,0.1468242863962633,3.6706071599065826
postsynaptic,2.242424242424242,pre,57.00735389157584,0.14296979412210972,3.574244853052743
postsynaptic,2.242424242424242,pre,64.00183832893822,0.14378709179773658,3.738464386741151
postsynaptic,2.242424242424242,pre,70.95656554052051,0.14388673427489884,3.74105509114737
postsynaptic,2.242424242424242,pre,77.90647655934646,0.14033446905994026,3.6486961955584465
postsynaptic,2.242424242424242,pre,85.03230962586753,0.13546449307418917,3.657541313003107
postsynaptic,2.242424242424242,post,99.32934168144625,0.14285868141325986,NaN
postsynaptic,2.242424242424242,post,106.32926629300844,0.1262448633115411,NaN
postsynaptic,2.242424242424242,post,114.25038065575481,0.1200477767361934,NaN
postsynaptic,2.242424242424242,post,122.58039748061874,0.10844060461295996,NaN
postsynaptic,2.242424242424242,post,131.80203547838852,0.10082788085431449,NaN
postsynaptic,2.242424242424242,post,141.71992715207045,0.10342249520456266,NaN
postsynaptic,2.303030303030303,pre,29.33753348090076,0.13847690344288002,3.60039948951488
postsynaptic,2.303030303030303,pre,36.55895434703449,0.13979419805998958,3.7744433476197186
postsynaptic,2.303030303030303,pre,43.71232704688626,0.14772760391619325,3.693190097904831
postsynaptic,2.303030303030303,pre,50.48154264025164,0.1405591360929034,3.6545375384154886
postsynaptic,2.303030303030303,pre,57.595985911580826,0.14410744058824101,3.6026860147060256
postsynaptic,2.303030303030303,pre,64.53525286350252,0.134838252418488,3.7754710677176644
postsynaptic,2.303030303030303,pre,71.95154595588383,0.14448183895682518,3.612045973920629
postsynaptic,2.303030303030303,pre,78.87283106147295,0.14420010460545293,3.749202719741776
postsynaptic,2.303030303030303,pre,85.80763879088555,0.14265084546524365,3.7089219820963346
postsynaptic,2.303030303030303,post,99.862237183005,0.13253625068130323,NaN
postsynaptic,2.303030303030303,post,107.40734272854063,0.1289779692148292,NaN
postsynaptic,2.303030303030303,post,115.16060482506482,0.11414215993085995,NaN
postsynaptic,2.303030303030303,post,123.92160952837284,0.11018898760585054,NaN
postsynaptic,2.303030303030303,post,132.99692659705335,0.10506405323023751,NaN
postsynaptic,2.303030303030303,post,142.51492984606753,0.10064821406601454,NaN
postsynaptic,2.3636363636363638,pre,29.293813318763377,0.1441533545050769,3.6038338626269226
postsynaptic,2.3636363636363638,pre,36.23087006248821,0.14493061224784637,3.7681959184440053
postsynaptic,2.3636363636363638,pre,43.13072361647649,0.14335581236128067,3.583895309032017
postsynaptic,2.3636363636363638,pre,50.106373808321045,0.1432235932138543,3.723813423560212
postsynaptic,2.3636363636363638,pre,57.08846368304476,0.1430144979063513,3.7183769455651334
postsynaptic,2.3636363636363638,pre,64.08076176917879,0.1426425634364778,3.7087066493484224
postsynaptic,2.3636363636363638,pre,71.09129197775377,0.14204803470255334,3.551200867563834
postsynaptic,2.3636363636363638,pre,78.13116410336245,0.14672375306929938,3.814817579801784
postsynaptic,2.3636363636363638,pre,84.9466931440331,0.1405959029726484,3.655493477288858
postsynaptic,2.3636363636363638,post,99.0646443010197,0.1395794237393701,NaN
postsynaptic,2.3636363636363638,post,106.22902407283514,0.1282839903754237,NaN
postsynaptic,2.3636363636363638,post,114.02422904793372,0.12172765222873454,NaN
postsynaptic,2.3636363636363638,post,122.23928932134581,0.10878264729508866,NaN
postsynaptic,2.3636363636363638,post,131.43193194280505,0.09916369033639627,NaN
postsynaptic,2.3636363636363638,post,141.51626822161504,0.10260071790563093,NaN
postsynaptic,2.4242424242424243,pre,28.525871798470725,0.14241309232456478,3.7027404004386844
postsynaptic,2.4242424242424243,pre,35.54769811849025,0.1420250448921972,3.692651167197127
postsynaptic,2.4242424242424243,pre,42.58870979892338,0.1427266679655946,3.568166699139865
postsynaptic,2.4242424242424243,pre,49.59510891307532,0.14329375164819208,3.7256375428529944
postsynaptic,2.4242424242424243,pre,56.57378026823079,0.14319657935343982,3.7231110631894353
postsynaptic,2.4242424242424243,pre,63.557187305711665,0.14833808571187687,3.7084521427969217
postsynaptic,2.4242424242424243,pre,70.29854435640424,0.1428644952639336,3.5716123815983405
postsynaptic,2.4242424242424243,pre,77.29818410701239,0.14460736475087752,3.7597914835228154
postsynaptic,2.4242424242424243,pre,84.21346122116734,0.14366228880608775,3.7352195089582816
postsynaptic,2.4242424242424243,post,98.19293983687969,0.13500063908849186,NaN
postsynaptic,2.4242424242424243,post,105.60031217786918,0.13167260876199383,NaN
postsynaptic,2.4242424242424243,post,113.19490614393513,0.11436744600517168,NaN
postsynaptic,2.4242424242424243,post,121.93865303109374,0.11537225038674397,NaN
postsynaptic,2.4242424242424243,post,130.60624854602787,0.10457262688544895,NaN
postsynaptic,2.4242424242424243,post,140.16898049399185,0.10197754423362489,NaN
postsynaptic,2.484848484848485,pre,29.318272515799478,0.14180083122898038,3.68682161195349
postsynaptic,2.484848484848485,pre,36.37041735397181,0.14738365493390085,3.6845913733475215
postsynaptic,2.484848484848485,pre,43.15543025413692,0.14652059682952767,3.663014920738192
postsynaptic,2.484848484848485,pre,49.980409278508965,0.14227119290212362,3.6990510154552143
postsynaptic,2.484848484848485,pre,57.00923907603485,0.14031504484368038,3.64819116593569
postsynaptic,2.484848484848485,pre,64.13605859217485,0.14288705188254588,3.7150633489461926
postsynaptic,2.484848484848485,pre,71.13459335669646,0.14204489526855818,3.693167276982513
postsynaptic,2.484848484848485,pre,78.17462107546342,0.1471351354125671,3.6783783853141774
postsynaptic,2.484848484848485,pre,84.97109424413247,0.14708572324981356,3.677143081245339
postsynaptic,2.484848484848485,post,98.77933070205162,0.13254215553058618,NaN
postsynaptic,2.484848484848485,post,106.32410010765582,0.133391484455475,NaN
postsynaptic,2.484848484848485,post,113.82083053300612,0.11675588034680023,NaN
postsynaptic,2.484848484848485,post,122.38570963827857,0.11884516188614962,NaN
postsynaptic,2.484848484848485,post,130.80001935126438,0.10547172185577845,NaN
postsynaptic,2.484848484848485,post,140.28123367492353,0.10142375849572274,NaN
postsynaptic,2.5454545454545454,pre,28.161415683978664,0.15217860046608944,3.804465011652236
postsynaptic,2.5454545454545454,pre,34.73264184151475,0.15205640684198132,3.649353764207552
postsynaptic,2.5454545454545454,pre,41.309148683736865,0.14178728833264123,3.6864694966486717
postsynaptic,2.5454545454545454,pre,48.3619671116762,0.14226809999288606,3.6989705998150373
postsynaptic,2.5454545454545454,pre,55.39094971599863,0.1419447409433812,3.6905632645279107
postsynaptic,2.5454545454545454,pre,62.43594478488166,0.14193136764513117,3.6902155587734105
postsynaptic,2.5454545454545454,pre,69.48160365924892,0.14194327114144936,3.690525049677683
postsynaptic,2.5454545454545454,pre,76.52667167803143,0.14201171573468738,3.5502928933671845
postsynaptic,2.5454545454545454,pre,83.5683442247405,0.1421874260488337,3.696873077269676
postsynaptic,2.5454545454545454,post,97.62001932501533,0.13503430159837973,NaN
postsynaptic,2.5454545454545454,post,105.02554509263999,0.13250691559800168,NaN
postsynaptic,2.5454545454545454,post,112.5723210136326,0.11419773281260696,NaN
postsynaptic,2.5454545454545454,post,121.32906228485339,0.10995652119544554,NaN
postsynaptic,2.5454545454545454,post,130.42356608624704,0.10514477040735037,NaN
postsynaptic,2.5454545454545454,post,139.93426258713637,0.100709301024281,NaN
postsynaptic,2.606060606060606,pre,28.41130742390627,0.14492673977211937,3.7680952340751035
postsynaptic,2.606060606060606,pre,35.31134534356406,0.14325933099038893,3.581483274759723
postsynaptic,2.606060606060606,pre,42.29169345133994,0.14374735805484765,3.737431309426039
postsynaptic,2.606060606060606,pre,49.24834304498634,0.14346154353544616,3.7300001319216003
postsynaptic,2.606060606060606,pre,56.218852181833334,0.14244564946203467,3.7035868860129013
postsynaptic,2.606060606060606,pre,63.23907360506834,0.14273747201284753,3.5684368003211886
postsynaptic,2.606060606060606,pre,70.2449423926982,0.1438947764266017,3.741264187091644
postsynaptic,2.606060606060606,pre,77.19446498714821,0.1432175887692317,3.723657308000025
postsynaptic,2.606060606060606,pre,84.17684758829165,0.1424406698986655,3.7034574173653025
postsynaptic,2.606060606060606,post,98.19657340301436,0.13621976869448194,NaN
postsynaptic,2.606060606060606,post,105.53765179115075,0.1288204806968489,NaN
postsynaptic,2.606060606060606,post,113.30039258043008,0.1192901566169454,NaN
postsynaptic,2.606060606060606,post,121.68331392415098,0.11363749693606741,NaN
postsynaptic,2.606060606060606,post,130.48322616229717,0.10595316342149325,NaN
postsynaptic,2.606060606060606,post,139.92135870791915,0.1007747501406985,NaN
postsynaptic,2.6666666666666665,pre,27.680653142888442,0.14667528158733686,3.6668820396834216
postsynaptic,2.6666666666666665,pre,34.498434497578096,0.14236932719564194,3.7016025070866903
postsynaptic,2.6666666666666665,pre,41.522419366354036,0.1425310684708662,3.5632767117716546
postsynaptic,2.6666666666666665,pre,48.53843356401932,0.1576048306514863,3.7825159356356712
postsynaptic,2.6666666666666665,pre,54.88341674674494,0.1494130285941429,3.5859126862594297
postsynaptic,2.6666666666666665,pre,61.576273517062766,0.15186849645676911,3.796712411419228
postsynaptic,2.6666666666666665,pre,68.16091762252844,0.14310590916469615,3.5776477291174036
postsynaptic,2.6666666666666665,pre,75.14874926300341,0.14637537086265073,3.8057596424289186
postsynaptic,2.6666666666666665,pre,81.98049967365368,0.15196950361520878,3.6472680867650107
postsynaptic,2.6666666666666665,post,95.23778960765245,0.13710255808458097,NaN
postsynaptic,2.6666666666666665,post,102.53159954067414,0.1296283168106476,NaN
postsynaptic,2.6666666666666665,post,110.24596338187662,0.11848185388003511,NaN
postsynaptic,2.6666666666666665,post,118.68607439678796,0.10915901972830166,NaN
postsynaptic,2.6666666666666665,post,127.84702144897855,0.10045649197711126,NaN
postsynaptic,2.6666666666666665,post,137.80157968925482,0.10100922713416084,NaN
postsynaptic,2.727272727272727,pre,27.89436710374792,0.15188246671415442,3.797061667853861
postsynaptic,2.727272727272727,pre,34.47840554896239,0.14613162531651439,3.6532906329128596
postsynaptic,2.727272727272727,pre,41.32155122556762,0.15383535912911495,3.6920486190987587
postsynaptic,2.727272727272727,pre,47.822007334365686,0.1536230193604659,3.6869524646511818
postsynaptic,2.727272727272727,pre,54.33144845954998,0.14493481556185844,3.623370389046461
postsynaptic,2.727272727272727,pre,61.231101908056274,0.13995459643461083,3.7787741037344924
postsynaptic,2.727272727272727,pre,68.37627631086495,0.15184281463434832,3.6442275512243594
postsynaptic,2.727272727272727,pre,74.96203410525314,0.14431019305607803,3.6077548264019508
postsynaptic,2.727272727272727,pre,81.89155154835854,0.15711748007732215,3.770819521855732
postsynaptic,2.727272727272727,post,94.75826666277239,0.13945575652008094,NaN
postsynaptic,2.727272727272727,post,101.9289996963421,0.13143709703308873,NaN
postsynaptic,2.727272727272727,post,109.53720181410688,0.11414516286838008,NaN
postsynaptic,2.727272727272727,post,118.29797603239848,0.11372363099027863,NaN
postsynaptic,2.727272727272727,post,127.0912232343409,0.11076880698629883,NaN
postsynaptic,2.727272727272727,post,136.11903555088676,0.10085488436733285,NaN
postsynaptic,2.787878787878788,pre,27.686666030257374,0.1529423285115945,3.670615884278268
postsynaptic,2.787878787878788,pre,34.22507831763268,0.15260226794243323,3.6624544306183977
postsynaptic,2.787878787878788,pre,40.77806087472832,0.1532193435216421,3.67726424451941
postsynaptic,2.787878787878788,pre,47.30465195008266,0.14410984959170944,3.602746239792736
postsynaptic,2.787878787878788,pre,54.24380290217365,0.15130500036930844,3.782625009232711
postsynaptic,2.787878787878788,pre,60.85296980055228,0.15213482804446604,3.6512358730671846
postsynaptic,2.787878787878788,pre,67.42608663943759,0.15547448990387194,3.7313877576929264
postsynaptic,2.787878787878788,pre,73.85800997694645,0.14444476430675895,3.6111191076689737
postsynaptic,2.787878787878788,pre,80.78107156937834,0.1506786860457257,3.766967151143143
postsynaptic,2.787878787878788,post,93.88830091619259,0.1358312287235498,NaN
postsynaptic,2.787878787878788,post,101.25037817484161,0.13282749533692179,NaN
postsynaptic,2.787878787878788,post,108.77893991925653,0.12012269473321796,NaN
postsynaptic,2.787878787878788,post,117.10376148791109,0.11386977853757074,NaN
postsynaptic,2.787878787878788,post,125.8857228901637,0.10591795059910185,NaN
postsynaptic,2.787878787878788,post,135.32699317856824,0.10064271623886617,NaN
postsynaptic,2.8484848484848486,pre,27.297444602903514,0.1555636256971731,3.7335270167321544
postsynaptic,2.8484848484848486,pre,33.72568253782182,0.15261785985681145,3.6628286365634746
postsynaptic,2.8484848484848486,pre,40.27799562187513,0.15365989028685664,3.687837366884559
postsynaptic,2.8484848484848486,pre,46.78587479667586,0.15509330086667336,3.722239220800161
postsynaptic,2.8484848484848486,pre,53.23360654531957,0.15257897567662876,3.66189541623909
postsynaptic,2.8484848484848486,pre,59.787589461808466,0.15304175138439152,3.6730020332253965
postsynaptic,2.8484848484848486,pre,66.32175409958971,0.15369196299332671,3.6886071118398416
postsynaptic,2.8484848484848486,pre,72.8282751988317,0.15684239478214115,3.6073750799892466
postsynaptic,2.8484848484848486,pre,79.20410235569851,0.15128824369771232,3.782206092442808
postsynaptic,2.8484848484848486,post,92.33533717426869,0.14637993484784315,NaN
postsynaptic,2.8484848484848486,post,99.16687457753004,0.12752117211148659,NaN
postsynaptic,2.8484848484848486,post,107.00870965042084,0.11814396060539392,NaN
postsynaptic,2.8484848484848486,post,115.47295949337341,0.10776404047351731,NaN
postsynaptic,2.8484848484848486,post,124.7524927737328,0.10423044065484438,NaN
postsynaptic,2.8484848484848486,post,134.34661895910955,0.10096885451923622,NaN
postsynaptic,2.909090909090909,pre,27.451042474326076,0.15270156377039912,3.664837530489579
postsynaptic,2.909090909090909,pre,33.99976388430189,0.15515053426430156,3.7236128223432376
postsynaptic,2.909090909090909,pre,40.44511713262834,0.15849519439367926,3.645389471054623
postsynaptic,2.909090909090909,pre,46.754456692262835,0.15862131702512888,3.6482902915779643
postsynaptic,2.909090909090909,pre,53.05877958375402,0.15499763899389934,3.7199433358535847
postsynaptic,2.909090909090909,pre,59.51049076136337,0.15534014170720223,3.7281634009728535
postsynaptic,2.909090909090909,pre,65.94797684197273,0.15488516389741966,3.5623587696406522
postsynaptic,2.909090909090909,pre,72.40437314770476,0.15631030656851577,3.7514473576443788
postsynaptic,2.909090909090909,pre,78.80190394367737,0.15648427080897498,3.599138228606425
postsynaptic,2.909090909090909,post,91.57278400378132,0.1358262999853076,NaN
postsynaptic,2.909090909090909,post,98.93512841063162,0.1311292533677,NaN
postsynaptic,2.909090909090909,post,106.56119181233419,0.11912521784852519,NaN
postsynaptic,2.909090909090909,post,114.95572000762832,0.11381694253917546,NaN
postsynaptic,2.909090909090909,post,123.74175816408119,0.10591169294848125,NaN
postsynaptic,2.909090909090909,post,133.18358627730407,0.100675338986948,NaN
postsynaptic,2.9696969696969697,pre,26.932823375431212,0.15503130778252927,3.7207513867807025
postsynaptic,2.9696969696969697,pre,33.38313340831021,0.1533245465048502,3.6797891161164045
postsynaptic,2.9696969696969697,pre,39.90524629105313,0.15403101914771608,3.696744459545186
postsynaptic,2.9696969696969697,pre,46.39744510615672,0.15167749155609062,3.6402597973461743
postsynaptic,2.9696969696969697,pre,52.99038114261667,0.15601168946481325,3.588268857690705
postsynaptic,2.9696969696969697,pre,59.40015725253784,0.1545261938531602,3.7086286524758445
postsynaptic,2.9696969696969697,pre,65.87155200487516,0.15012879675825772,3.7532199189564426
postsynaptic,2.9696969696969697,pre,72.53249928210028,0.15461346949557597,3.7107232678938233
postsynaptic,2.9696969696969697,pre,79.00024108533698,0.15292748602494818,3.670259664598756
postsynaptic,2.9696969696969697,post,91.96024307390594,0.13616786497159517,NaN
postsynaptic,2.9696969696969697,post,99.30411969419812,0.13192870296742384,NaN
postsynaptic,2.9696969696969697,post,106.88397136792315,0.11939179171561731,NaN
postsynaptic,2.9696969696969697,post,115.25975655072641,0.11385329082535879,NaN
postsynaptic,2.9696969696969697,post,124.0429897164143,0.10600057411835585,NaN
postsynaptic,2.9696969696969697,post,133.4769008845127,0.10060486603663943,NaN
postsynaptic,3.0303030303030303,pre,26.876645207927112,0.1531136106674965,3.6747266560199163
postsynaptic,3.0303030303030303,pre,33.40774323141774,0.15433165729146303,3.7039597749951128
postsynaptic,3.0303030303030303,pre,39.88729524006008,0.15411104447559842,3.6986650674143617
postsynaptic,3.0303030303030303,pre,46.37612284746973,0.15181628853275644,3.6435909247861544
postsynaptic,3.0303030303030303,pre,52.963031338413614,0.1548966926700529,3.7175206240812697
postsynaptic,3.0303030303030303,pre,59.41894710241324,0.15834496283706193,3.6419341452524243
postsynaptic,3.0303030303030303,pre,65.73427271860608,0.1514734435677051,3.635362645624922
postsynaptic,3.0303030303030303,pre,72.33609001704905,0.15542465288820934,3.7301916693170245
postsynaptic,3.0303030303030303,pre,78.77007575494392,0.14874994075276074,3.7187485188190186
postsynaptic,3.0303030303030303,post,91.97818470515443,0.14325264603782628,NaN
postsynaptic,3.0303030303030303,post,98.95885855418021,0.12951055481117155,NaN
postsynaptic,3.0303030303030303,post,106.68023695038904,0.11811476202431863,NaN
postsynaptic,3.0303030303030303,post,115.14657919975251,0.10893688560805428,NaN
postsynaptic,3.0303030303030303,post,124.32620641617501,0.10010996230315945,NaN
postsynaptic,3.0303030303030303,post,134.31522226428547,0.0939831657229479,NaN
postsynaptic,3.090909090909091,pre,27.47973892141365,0.1598482660129973,3.6765101182989377
postsynaptic,3.090909090909091,pre,33.735671656515635,0.1549167373824933,3.7180016971798393
postsynaptic,3.090909090909091,pre,40.190752088083045,0.15369678513719637,3.6887228432927133
postsynaptic,3.090909090909091,pre,46.697069049152574,0.1535214259789472,3.684514223494732
postsynaptic,3.090909090909091,pre,53.21081782150395,0.15182513371733095,3.643803209215943
postsynaptic,3.090909090909091,pre,59.79734256556778,0.15607758067804434,3.7458619362730645
postsynaptic,3.090909090909091,pre,66.20441266273178,0.16308724273155775,3.5879193400942704
postsynaptic,3.090909090909091,pre,72.33610011572284,0.15556963138455165,3.73367115322924
postsynaptic,3.090909090909091,pre,78.76408989174864,0.1574028730010975,3.620266079025243
postsynaptic,3.090909090909091,post,91.34738458921605,0.14139366977149037,NaN
postsynaptic,3.090909090909091,post,98.4198369954385,0.1315459035850782,NaN
postsynaptic,3.090909090909091,post,106.021746083799,0.11434293033518077,NaN
postsynaptic,3.090909090909091,post,114.76736767202169,0.11101762832721897,NaN
postsynaptic,3.090909090909091,post,123.77494615363499,0.10485736133487025,NaN
postsynaptic,3.090909090909091,post,133.311711024214,0.10080809599403726,NaN
postsynaptic,3.1515151515151514,pre,27.61857887200449,0.15534755735608852,3.7283413765461244
postsynaptic,3.1515151515151514,pre,34.0557576536946,0.15643417948274627,3.75442030758591
postsynaptic,3.1515151515151514,pre,40.448222544081894,0.1608232739672489,3.698935301246725
postsynaptic,3.1515151515151514,pre,46.66622803129543,0.16185338992590007,3.5607745783698017
postsynaptic,3.1515151515151514,pre,52.844659020339414,0.15088790860707715,3.7721977151769286
postsynaptic,3.1515151515151514,pre,59.472095302222485,0.1540949970514556,3.6982799292349346
postsynaptic,3.1515151515151514,pre,65.96159865492432,0.1589734628401818,3.656389645324181
postsynaptic,3.1515151515151514,pre,72.25195669414822,0.16068919853573768,3.6958515663219664
postsynaptic,3.1515151515151514,pre,78.47515034445196,0.16168905240781353,3.7188482053797114
postsynaptic,3.1515151515151514,post,90.9680730176005,0.14426564068282585,NaN
postsynaptic,3.1515151515151514,post,97.89973044667984,0.1289036323689172,NaN
postsynaptic,3.1515151515151514,post,105.65746373644501,0.12747412859304016,NaN
postsynaptic,3.1515151515151514,post,113.50219278881994,0.11419319720840813,NaN
postsynaptic,3.1515151515151514,post,122.2592818663326,0.11025237810183135,NaN
postsynaptic,3.1515151515151514,post,131.32938100810694,0.10079447645411699,NaN
postsynaptic,3.212121212121212,pre,26.571591057863646,0.15630653002650632,3.595050190609645
postsynaptic,3.212121212121212,pre,32.96927642539385,0.14924841675351055,3.731210418837764
postsynaptic,3.212121212121212,pre,39.669515005824074,0.15483083188212188,3.715939965170925
postsynaptic,3.212121212121212,pre,46.12817693926466,0.16452216144253026,3.619487551735666
postsynaptic,3.212121212121212,pre,52.20638543854525,0.15533779091973393,3.728106982073614
postsynaptic,3.212121212121212,pre,58.64396894014609,0.1514962048295786,3.6359089159098863
postsynaptic,3.212121212121212,pre,65.24479436098697,0.15853827694565342,3.646380369750029
postsynaptic,3.212121212121212,pre,71.55241936654193,0.16371905449563767,3.7655382533996664
postsynaptic,3.212121212121212,pre,77.66044389111946,0.15327005103904706,3.678481224937129
postsynaptic,3.212121212121212,post,90.86671050867807,0.14220030388145727,NaN
postsynaptic,3.212121212121212,post,97.89904428507866,0.12756715174934855,NaN
postsynaptic,3.212121212121212,post,105.73805288789562,0.11944625581675727,NaN
postsynaptic,3.212121212121212,post,114.11001895047444,0.1154689238514998,NaN
postsynaptic,3.212121212121212,post,122.77035773813009,0.11080038212122444,NaN
postsynaptic,3.212121212121212,post,131.7955973704801,0.0967775138154699,NaN
postsynaptic,3.272727272727273,pre,26.873312424431933,0.15288765174585234,3.6693036419004557
postsynaptic,3.272727272727273,pre,33.41406302515616,0.1534894607337987,3.683747057611169
postsynaptic,3.272727272727273,pre,39.9291683308835,0.1669781677916939,3.673519691417266
postsynaptic,3.272727272727273,pre,45.91797521040026,0.15702231408266284,3.611513223901245
postsynaptic,3.272727272727273,pre,52.286496817294676,0.1568635349137173,3.7647248379292155
postsynaptic,3.272727272727273,pre,58.6614647188535,0.15350487387500958,3.68411697300023
postsynaptic,3.272727272727273,pre,65.1759158548757,0.15353380110161793,3.6848112264388306
postsynaptic,3.272727272727273,pre,71.68913960642041,0.15971235613318677,3.6733841910632954
postsynaptic,3.272727272727273,pre,77.95039593129789,0.14566306837313397,3.641576709328349
postsynaptic,3.272727272727273,post,91.30803487212317,0.14342261317126428,NaN
postsynaptic,3.272727272727273,post,98.280436070851,0.130305308234469,NaN
postsynaptic,3.272727272727273,post,105.95472051520086,0.1172360836600644,NaN
postsynaptic,3.272727272727273,post,114.48451756044831,0.11197019199260301,NaN
postsynaptic,3.272727272727273,post,123.41546589771706,0.10429213590847818,NaN
postsynaptic,3.272727272727273,post,133.00391656361916,0.10143188032910455,NaN
postsynaptic,3.3333333333333335,pre,26.410608590415897,0.15339731789336536,3.6815356294407686
postsynaptic,3.3333333333333335,pre,32.92962739552404,0.15396029638603648,3.695047113264875
postsynaptic,3.3333333333333335,pre,39.424808448518526,0.15403379525792676,3.696811086190243
postsynaptic,3.3333333333333335,pre,45.916890256445924,0.15398189165810017,3.695565399794404
postsynaptic,3.3333333333333335,pre,52.41116038932876,0.1596420186033167,3.671766427876284
postsynaptic,3.3333333333333335,pre,58.675175394581416,0.16121445552430905,3.7079324770591082
postsynaptic,3.3333333333333335,pre,64.87809309664327,0.15753213283395337,3.6232390551809277
postsynaptic,3.3333333333333335,pre,71.22600435773214,0.15373143525756772,3.6895544461816256
postsynaptic,3.3333333333333335,pre,77.73085483495926,0.15965310065581684,3.6720213150837875
postsynaptic,3.3333333333333335,post,90.15157598789716,0.1422466909757814,NaN
postsynaptic,3.3333333333333335,post,97.1816164980856,0.12864125076091434,NaN
postsynaptic,3.3333333333333335,post,104.95517275694495,0.11534564289325393,NaN
postsynaptic,3.3333333333333335,post,113.62476767979301,0.10914273388380802,NaN
postsynaptic,3.3333333333333335,post,122.7870816920532,0.10482098827725332,NaN
postsynaptic,3.3333333333333335,post,132.32715583593537,0.10065317918723123,NaN
postsynaptic,3.393939393939394,pre,26.630559955025976,0.15360079381238176,3.686419051497162
postsynaptic,3.393939393939394,pre,33.14094297571184,0.16040822881258895,3.6893892626895464
postsynaptic,3.393939393939394,pre,39.37503712039776,0.16027632131888364,3.686355390334324
postsynaptic,3.393939393939394,pre,45.61426192772543,0.15400541318941066,3.696129916545856
postsynaptic,3.393939393939394,pre,52.107540178731476,0.16535019513728555,3.637704293020282
postsynaptic,3.393939393939394,pre,58.1553104832644,0.1680439537194117,3.6969669818270576
postsynaptic,3.393939393939394,pre,64.10613452582253,0.15244241909968326,3.658618058392398
postsynaptic,3.393939393939394,pre,70.66598844250757,0.15389313626556791,3.69343527037363
postsynaptic,3.393939393939394,pre,77.16400404129513,0.16631567260255978,3.658944797256315
postsynaptic,3.393939393939394,post,89.36481624311368,0.14234536990404653,NaN
postsynaptic,3.393939393939394,post,96.38998327646425,0.13424472840281576,NaN
postsynaptic,3.393939393939394,post,103.83906535139975,0.12147474524174035,NaN
postsynaptic,3.393939393939394,post,112.07122914816223,0.11447039768180164,NaN
postsynaptic,3.393939393939394,post,120.80711213845063,0.1084384380947362,NaN
postsynaptic,3.393939393939394,post,130.0289343775939,0.10044721959701554,NaN
postsynaptic,3.4545454545454546,pre,26.356362060679754,0.16328227461956218,3.5922100416303677
postsynaptic,3.4545454545454546,pre,32.48072554305982,0.16285057862775273,3.745563308438313
postsynaptic,3.4545454545454546,pre,38.62132392733588,0.1619286602761186,3.724359186350728
postsynaptic,3.4545454545454546,pre,44.79688295619966,0.16071098368632902,3.696352624785568
postsynaptic,3.4545454545454546,pre,51.019233022525995,0.16421850733606225,3.6128071613933694
postsynaptic,3.4545454545454546,pre,57.108680650700855,0.15114852538643758,3.627564609274502
postsynaptic,3.4545454545454546,pre,63.724689622295685,0.15991999218177794,3.6781598201808925
postsynaptic,3.4545454545454546,pre,69.97781649128227,0.15079286393002117,3.7698215982505294
postsynaptic,3.4545454545454546,pre,76.60943004339354,0.160654061801289,3.695043421429647
postsynaptic,3.4545454545454546,post,89.07621567422663,0.14202304367942006,NaN
postsynaptic,3.4545454545454546,post,96.11732656787315,0.1295720104654665,NaN
postsynaptic,3.4545454545454546,post,103.83504273518167,0.12386390851640429,NaN
postsynaptic,3.4545454545454546,post,111.90841949179809,0.11535066564682289,NaN
postsynaptic,3.4545454545454546,post,120.57763691150305,0.1005030465699061,NaN
postsynaptic,3.4545454545454546,post,130.52758404374683,0.09864221852089634,NaN
postsynaptic,3.515151515151515,pre,26.5556430513823,0.15978491933588432,3.6750531447253394
postsynaptic,3.515151515151515,pre,32.81405594889672,0.1648811001302178,3.6273842028647922
postsynaptic,3.515151515151515,pre,38.8790324635502,0.1671489532943963,3.6772769724767187
postsynaptic,3.515151515151515,pre,44.86172024167059,0.15164826715423466,3.6395584117016315
postsynaptic,3.515151515151515,pre,51.4559268143243,0.16011508658840007,3.6826469915332014
postsynaptic,3.515151515151515,pre,57.701434475764415,0.16270746823156004,3.742271769325881
postsynaptic,3.515151515151515,pre,63.8474338626938,0.16768166760880013,3.688996687393603
postsynaptic,3.515151515151515,pre,69.81111501079039,0.15883330017854158,3.6531659041064564
postsynaptic,3.515151515151515,pre,76.10702398501631,0.1599060281817617,3.677838648180519
postsynaptic,3.515151515151515,post,88.35819270499634,0.14487747249642605,NaN
postsynaptic,3.515151515151515,post,95.26057706309362,0.13635145267181262,NaN
postsynaptic,3.515151515151515,post,102.59456566684486,0.12109785332226058,NaN
postsynaptic,3.515151515151515,post,110.85235036381088,0.11636830476522243,NaN
postsynaptic,3.515151515151515,post,119.44575560433182,0.10553705449138924,NaN
postsynaptic,3.515151515151515,post,128.92110058926875,0.10085481558664443,NaN
postsynaptic,3.5757575757575757,pre,25.659353788422877,0.1579721259455005,3.7913310226920123
postsynaptic,3.5757575757575757,pre,31.989584479532233,0.1648912395435926,3.6276072699590376
postsynaptic,3.5757575757575757,pre,38.054188049545594,0.160718596730134,3.696527724793082
postsynaptic,3.5757575757575757,pre,44.276243370742314,0.16135426973170522,3.71114820382922
postsynaptic,3.5757575757575757,pre,50.47378621644927,0.15875662486570533,3.6514023719112223
postsynaptic,3.5757575757575757,pre,56.77273595064723,0.16114095531621095,3.706241972272852
postsynaptic,3.5757575757575757,pre,62.97848295045665,0.15899568984275744,3.6569008663834213
postsynaptic,3.5757575757575757,pre,69.26796162116133,0.16162781130570036,3.7174396600311086
postsynaptic,3.5757575757575757,pre,75.45501564312427,0.16090014152290708,3.700703255026863
postsynaptic,3.5757575757575757,post,87.95412048935003,0.14599486266248676,NaN
postsynaptic,3.5757575757575757,post,94.80367657483926,0.13551292274325463,NaN
postsynaptic,3.5757575757575757,post,102.18304659916247,0.1210602655173267,NaN
postsynaptic,3.5757575757575757,post,110.44339524226763,0.11392892744222202,NaN
postsynaptic,3.5757575757575757,post,119.22079728098286,0.11218740096015833,NaN
postsynaptic,3.5757575757575757,post,128.13445417508575,0.10564847850590188,NaN
postsynaptic,3.6363636363636362,pre,25.534733673446496,0.1601476244965461,3.6833953634205603
postsynaptic,3.6363636363636362,pre,31.778972407200346,0.15910123791995306,3.6593284721589203
postsynaptic,3.6363636363636362,pre,38.06427862526459,0.1587534749014159,3.6513299227325655
postsynaptic,3.6363636363636362,pre,44.36335334234394,0.16202735522259307,3.7266291701196406
postsynaptic,3.6363636363636362,pre,50.53515068252888,0.16175339224392946,3.7203280216103773
postsynaptic,3.6363636363636362,pre,56.71740124387703,0.1591604880693676,3.660691225595455
postsynaptic,3.6363636363636362,pre,63.000367651746835,0.16381875135879728,3.6040125298935406
postsynaptic,3.6363636363636362,pre,69.10467495298973,0.16194989379455776,3.7248475572748285
postsynaptic,3.6363636363636362,pre,75.27942429409491,0.15993345223070635,3.678469401306246
postsynaptic,3.6363636363636362,post,87.78740462940009,0.1450582968668773,NaN
postsynaptic,3.6363636363636362,post,94.68118472746451,0.12755573046068108,NaN
postsynaptic,3.6363636363636362,post,102.52089523195062,0.12348290317310459,NaN
postsynaptic,3.6363636363636362,post,110.61918231707162,0.11465923070037924,NaN
postsynaptic,3.6363636363636362,post,119.34067812592752,0.10138851906386544,NaN
postsynaptic,3.6363636363636362,post,129.20372780091185,0.10061677858147443,NaN
postsynaptic,3.696969696969697,pre,25.536297867787024,0.15991489125837377,3.6780424989425966
postsynaptic,3.696969696969697,pre,31.789624197380085,0.1585440208893504,3.6465124804550597
postsynaptic,3.696969696969697,pre,38.09702068190542,0.15830061943480417,3.640914247000496
postsynaptic,3.696969696969697,pre,44.41411535639498,0.15837552134940203,3.801012512385648
postsynaptic,3.696969696969697,pre,50.72822243228481,0.15916944908038133,3.6608973288487707
postsynaptic,3.696969696969697,pre,57.01083511818407,0.1595003930315335,3.6685090397252704
postsynaptic,3.696969696969697,pre,63.280412145510255,0.15941418597861937,3.6665262775082454
postsynaptic,3.696969696969697,pre,69.55337959731608,0.1591474480847109,3.660391305948351
postsynaptic,3.696969696969697,pre,75.83686080945415,0.15931129973466596,3.664159893897317
postsynaptic,3.696969696969697,post,88.38448742184836,0.14314091654987526,NaN
postsynaptic,3.696969696969697,post,95.37061007708206,0.1338458780967076,NaN
postsynaptic,3.696969696969697,post,102.8418898372064,0.12439435107044242,NaN
postsynaptic,3.696969696969697,post,110.88084009013,0.10683574080804357,NaN
postsynaptic,3.696969696969697,post,120.24100357508905,0.11244324668880218,NaN
postsynaptic,3.696969696969697,post,129.13437893953045,0.10141616672424958,NaN
postsynaptic,3.757575757575758,pre,25.496980418056918,0.15862907727148967,3.648468777244262
postsynaptic,3.757575757575758,pre,31.80099489762503,0.16056208334485028,3.6929279169315565
postsynaptic,3.757575757575758,pre,38.02911538016904,0.1663783025258826,3.6603226555694173
postsynaptic,3.757575757575758,pre,44.03951448160497,0.15778541148950814,3.629064464258687
postsynaptic,3.757575757575758,pre,50.37723601466631,0.15745331335482107,3.778879520515706
postsynaptic,3.757575757575758,pre,56.728324973629654,0.1596344715801865,3.6715928463442897
postsynaptic,3.757575757575758,pre,62.99263612210041,0.16044977858747134,3.6903449075118404
postsynaptic,3.757575757575758,pre,69.22511589741426,0.16175651857634152,3.5586434086795133
postsynaptic,3.757575757575758,pre,75.40724697195297,0.15924624982634183,3.821909995832204
postsynaptic,3.757575757575758,post,87.91694155442791,0.1469336826023947,NaN
postsynaptic,3.757575757575758,post,94.72273299917117,0.1351853796396764,NaN
postsynaptic,3.757575757575758,post,102.11998263271441,0.12499704765458537,NaN
postsynaptic,3.757575757575758,post,110.12017158728382,0.11423209005021304,NaN
postsynaptic,3.757575757575758,post,118.87427912011833,0.10965388824848682,NaN
postsynaptic,3.757575757575758,post,127.99388277460889,0.10538384848966648,NaN
postsynaptic,3.8181818181818183,pre,25.868083727797305,0.16636889271150207,3.6601156396530454
postsynaptic,3.8181818181818183,pre,31.878822777038234,0.16408066495404905,3.7738552939431282
postsynaptic,3.8181818181818183,pre,37.97338608393397,0.1629356470194624,3.5845842344281724
postsynaptic,3.8181818181818183,pre,44.110778473461544,0.16255769281027424,3.738826934636308
postsynaptic,3.8181818181818183,pre,50.26244058622989,0.16002373646554793,3.6805459387076023
postsynaptic,3.8181818181818183,pre,56.511513518077685,0.15792780673104898,3.632339554814126
postsynaptic,3.8181818181818183,pre,62.84352065918235,0.16376754648544364,3.766653569165204
postsynaptic,3.8181818181818183,pre,68.94973658205987,0.1665582279885535,3.6642810157481764
postsynaptic,3.8181818181818183,pre,74.95364291605812,0.16662425559587218,3.665733623109188
postsynaptic,3.8181818181818183,post,86.8180347215397,0.14324397212804507,NaN
postsynaptic,3.8181818181818183,post,93.799131274113,0.13678515532923516,NaN
postsynaptic,3.8181818181818183,post,101.10986610928607,0.12345095883909181,NaN
postsynaptic,3.8181818181818183,post,109.21024871792517,0.11399242956083275,NaN
postsynaptic,3.8181818181818183,post,117.98276110188435,0.10375964007611418,NaN
postsynaptic,3.8181818181818183,post,127.62041982223494,0.10708335034083441,NaN
postsynaptic,3.878787878787879,pre,25.277591633108393,0.16690445817723645,3.671898079899202
postsynaptic,3.878787878787879,pre,31.269043335004195,0.17111275428751552,3.5933678400378257
postsynaptic,3.878787878787879,pre,37.1131430583932,0.1585431194011491,3.8050348656275785
postsynaptic,3.878787878787879,pre,43.42057540725332,0.1665453147021072,3.6639969234463585
postsynaptic,3.878787878787879,pre,49.42494726117583,0.1649232054903059,3.62831052078673
postsynaptic,3.878787878787879,pre,55.48837537019824,0.1569138353162031,3.765932047588874
postsynaptic,3.878787878787879,pre,61.861299707844196,0.16538202037592933,3.638404448270445
postsynaptic,3.878787878787879,pre,67.90790621154335,0.16350775984722124,3.597170716638867
postsynaptic,3.878787878787879,pre,74.02382389602745,0.16371753012487295,3.7655031928720777
postsynaptic,3.878787878787879,post,86.18627259470057,0.14677922564538584,NaN
postsynaptic,3.878787878787879,post,92.99922582839571,0.13485514716478825,NaN
postsynaptic,3.878787878787879,post,100.41458980243843,0.12113090769643693,NaN
postsynaptic,3.878787878787879,post,108.67012110338496,0.11457438930923593,NaN
postsynaptic,3.878787878787879,post,117.3980751080186,0.10924262864238346,NaN
postsynaptic,3.878787878787879,post,126.55201082365942,0.10065079367760989,NaN
postsynaptic,3.9393939393939394,pre,25.528508588629478,0.16558124929397897,3.6427874844675374
postsynaptic,3.9393939393939394,pre,31.567839758456344,0.16809337146327255,3.698054172191996
postsynaptic,3.9393939393939394,pre,37.51691431918936,0.16641027349832177,3.6610260169630786
postsynaptic,3.9393939393939394,pre,43.5261586944177,0.15480091430809867,3.715221943394368
postsynaptic,3.9393939393939394,pre,49.986068860127126,0.1646229255614671,3.621704362352276
postsynaptic,3.9393939393939394,pre,56.06055694609313,0.15893912862724405,3.6555999584266132
postsynaptic,3.9393939393939394,pre,62.35227383567842,0.16305233729220914,3.75020375772081
postsynaptic,3.9393939393939394,pre,68.48527393004616,0.16582046477246082,3.648050224994138
postsynaptic,3.9393939393939394,pre,74.51589265598088,0.1674517309658062,3.6839380812477365
postsynaptic,3.9393939393939394,post,86.77634552558665,0.14650049883258806,NaN
postsynaptic,3.9393939393939394,post,93.60226084989377,0.1352607012714337,NaN
postsynaptic,3.9393939393939394,post,100.99539123144676,0.12465492355582268,NaN
postsynaptic,3.9393939393939394,post,109.01753726045766,0.11446654343879113,NaN
postsynaptic,3.9393939393939394,post,117.75371439971697,0.113984981936312,NaN
postsynaptic,3.9393939393939394,post,126.52679996776786,0.10018686688895462,NaN
postsynaptic,4.0,pre,25.54925018712033,0.16716593641510197,3.677650601132243
postsynaptic,4.0,pre,31.531330157748,0.1640692116306006,3.6095226558732127
postsynaptic,4.0,pre,37.62631891317327,0.17295223330145068,3.804949132631915
postsynaptic,4.0,pre,43.40826217525899,0.16452687866578306,3.619591330647227
postsynaptic,4.0,pre,49.48629640352258,0.16713365271263092,3.67694035967788
postsynaptic,4.0,pre,55.46953187866293,0.16841187628011006,3.7050612781624213
postsynaptic,4.0,pre,61.407355398524174,0.16425311938004408,3.61356862636097
postsynaptic,4.0,pre,67.49551983506208,0.16350397813629566,3.7605914971348002
postsynaptic,4.0,pre,73.61157897563179,0.15875287362526272,3.6513160933810425
postsynaptic,4.0,post,85.98526323886165,0.1450011615898805,NaN
postsynaptic,4.0,post,92.8817597154098,0.13560538793895818,NaN
postsynaptic,4.0,post,100.2560979714247,0.1246891131465952,NaN
postsynaptic,4.0,post,108.2760443385491,0.11448076263243447,NaN
postsynaptic,4.0,post,117.01113639249286,0.11398116387949063,NaN
postsynaptic,4.0,post,125.78451583488278,0.10019417974225076,NaN
postsynaptic,4.0606060606060606,pre,24.73397641060269,0.1628339909760762,3.5823478014736767
postsynaptic,4.0606060606060606,pre,30.875200328322187,0.16417404695656046,3.7760030800008906
postsynaptic,4.0606060606060606,pre,36.966297054862615,0.16521535767109014,3.634737868763983
postsynaptic,4.0606060606060606,pre,43.019003135557575,0.16462029403382483,3.7862667627779714
postsynaptic,4.0606060606060606,pre,49.09358832488137,0.1646275339762117,3.621805747476657
postsynaptic,4.0606060606060606,pre,55.16790636784311,0.16479237590137177,3.625432269830179
postsynaptic,4.0606060606060606,pre,61.236148266354846,0.16371680587634815,3.7654865351560076
postsynaptic,4.0606060606060606,pre,67.3442566834912,0.1657200725311322,3.6458415956849084
postsynaptic,4.0606060606060606,pre,73.37852872263805,0.16493918127985807,3.6286619881568773
postsynaptic,4.0606060606060606,post,85.38704021747685,0.147399771942956,NaN
postsynaptic,4.0606060606060606,post,92.1713112296939,0.1363074870039586,NaN
postsynaptic,4.0606060606060606,post,99.50766539467794,0.12527297269551319,NaN
postsynaptic,4.0606060606060606,post,107.49023321024808,0.11464490284236417,NaN
postsynaptic,4.0606060606060606,post,116.21281899650839,0.11406570769309814,NaN
postsynaptic,4.0606060606060606,post,124.97969573996025,0.10044789103936991,NaN
postsynaptic,4.121212121212121,pre,24.984933120239006,0.1658878319800499,3.6495323035610974
postsynaptic,4.121212121212121,pre,31.0131028061281,0.1645282579866993,3.6196216757073842
postsynaptic,4.121212121212121,pre,37.09108607925582,0.16292593947340878,3.7472966078884022
postsynaptic,4.121212121212121,pre,43.22884415038979,0.1597735786935544,3.6747923099517514
postsynaptic,4.121212121212121,pre,49.48770126667182,0.16474175831387325,3.624318682905211
postsynaptic,4.121212121212121,pre,55.55780765763771,0.16328600707263774,3.755578162670668
postsynaptic,4.121212121212121,pre,61.682031147009646,0.16191350938596846,3.724010715877275
postsynaptic,4.121212121212121,pre,67.85816804745942,0.17189484827218235,3.6097918137158294
postsynaptic,4.121212121212121,pre,73.67567805460388,0.1593063961750029,3.664047112025066
postsynaptic,4.121212121212121,post,86.06357790387892,0.14969540875282916,NaN
postsynaptic,4.121212121212121,post,92.74380950437616,0.13545109441657652,NaN
postsynaptic,4.121212121212121,post,100.12654793338083,0.12226219624367686,NaN
postsynaptic,4.121212121212121,post,108.30569104321776,0.1211797443552288,NaN
postsynaptic,4.121212121212121,post,116.55789528181212,0.10840161597268845,NaN
postsynaptic,4.121212121212121,post,125.78285001174851,0.1077286432880616,NaN
postsynaptic,4.181818181818182,pre,24.8117691222238,0.16473601846845778,3.6241924063060713
postsynaptic,4.181818181818182,pre,30.88208701200254,0.16084685237262805,3.699477604570445
postsynaptic,4.181818181818182,pre,37.09918100699932,0.16110066222533048,3.7053152311826008
postsynaptic,4.181818181818182,pre,43.306480134058816,0.16328337610794563,3.755517650482749
postsynaptic,4.181818181818182,pre,49.43080230228068,0.16017316876075957,3.68398288149747
postsynaptic,4.181818181818182,pre,55.674045210795754,0.16026876792858205,3.686181662357387
postsynaptic,4.181818181818182,pre,61.91356406980148,0.16081718347239327,3.6987952198650453
postsynaptic,4.181818181818182,pre,68.1318050463428,0.16086905765748538,3.6999883261221638
postsynaptic,4.181818181818182,pre,74.34804087541785,0.1644865505299741,3.6187041116594307
postsynaptic,4.181818181818182,post,86.4550650526768,0.14820933035515194,NaN
postsynaptic,4.181818181818182,post,93.20227858912362,0.14340383654455346,NaN
postsynaptic,4.181818181818182,post,100.17559272140846,0.12425097741993438,NaN
postsynaptic,4.181818181818182,post,108.2238191479924,0.12033990826267017,NaN
postsynaptic,4.181818181818182,post,116.53361441405879,0.10474217059700167,NaN
postsynaptic,4.181818181818182,post,126.08086739058461,0.09737938980563657,NaN
postsynaptic,4.242424242424242,pre,24.24929988042213,0.1648196381957552,3.626032040306615
postsynaptic,4.242424242424242,pre,30.316538050259066,0.17001961450165695,3.7404315190364525
postsynaptic,4.242424242424242,pre,36.19821236725532,0.16676093787681018,3.668740633289824
postsynaptic,4.242424242424242,pre,42.19482052221018,0.17627641078071535,3.701804626395022
postsynaptic,4.242424242424242,pre,47.86772931114611,0.16211087120721349,3.72855003776591
postsynaptic,4.242424242424242,pre,54.036347075970646,0.17125050324740773,3.596260568195562
postsynaptic,4.242424242424242,pre,59.87574597429264,0.17088298432853224,3.759425655227709
postsynaptic,4.242424242424242,pre,65.72770369804964,0.1701007175924238,3.5721150694409
postsynaptic,4.242424242424242,pre,71.60657366493648,0.17172518518132326,3.7779540739891115
postsynaptic,4.242424242424242,post,83.22145531908744,0.14848495757419036,NaN
postsynaptic,4.242424242424242,post,89.95614424877482,0.13195823955818334,NaN
postsynaptic,4.242424242424242,post,97.53429930258696,0.12616503432180542,NaN
postsynaptic,4.242424242424242,post,105.46042562891387,0.11483408350526371,NaN
postsynaptic,4.242424242424242,post,114.16864159995144,0.11405822358597069,NaN
postsynaptic,4.303030303030303,pre,25.223992053075172,0.1675614338518674,3.686351544741083
postsynaptic,4.303030303030303,pre,31.191952442361703,0.1760322103880689,3.696676418149447
postsynaptic,4.303030303030303,pre,36.87273096463025,0.17139045378387488,3.5991995294613726
postsynaptic,4.303030303030303,pre,42.70736164517568,0.16831113487216587,3.7028449671876493
postsynaptic,4.303030303030303,pre,48.648739206199856,0.16534299800879237,3.6375459561934327
postsynaptic,4.303030303030303,pre,54.69677276094902,0.16423161324222213,3.7773271045711088
postsynaptic,4.303030303030303,pre,60.78573444291897,0.17694678555187854,3.538935711037571
postsynaptic,4.303030303030303,pre,66.43715103622472,0.16053736799133417,3.692359463800686
postsynaptic,4.303030303030303,pre,72.66623036219187,0.17296271654344256,3.805179763955736
postsynaptic,4.303030303030303,post,84.5547041350414,0.14896697984014617,NaN
postsynaptic,4.303030303030303,post,91.26760118828825,0.1366237675498201,NaN
postsynaptic,4.303030303030303,post,98.58697188003373,0.12631957486579812,NaN
postsynaptic,4.303030303030303,post,106.50340130961659,0.12202977790596606,NaN
postsynaptic,4.303030303030303,post,114.69812244375306,0.10852210167433832,NaN
postsynaptic,4.363636363636363,pre,24.24580640468865,0.17592415884511264,3.694407335747366
postsynaptic,4.363636363636363,pre,29.930074026399556,0.1709594892935083,3.5901492751636743
postsynaptic,4.363636363636363,pre,35.77941297875903,0.17178332531954107,3.779233157029904
postsynaptic,4.363636363636363,pre,41.60069975464289,0.16285852873023093,3.7457461607953113
postsynaptic,4.363636363636363,pre,47.74099837944787,0.17146318102309088,3.6007268014849085
postsynaptic,4.363636363636363,pre,53.57315426290445,0.16973910566689815,3.734260324671759
postsynaptic,4.363636363636363,pre,59.46454856518406,0.16882978215591962,3.7142552074302317
postsynaptic,4.363636363636363,pre,65.38767413716678,0.17545228160844498,3.684497913777345
postsynaptic,4.363636363636363,pre,71.0872295423891,0.16643172337289222,3.6614979142036286
postsynaptic,4.363636363636363,post,82.77322115733261,0.14661531810954628,NaN
postsynaptic,4.363636363636363,post,89.59379088288361,0.13395659648777514,NaN
postsynaptic,4.363636363636363,post,97.05889544823631,0.13163180779418845,NaN
postsynaptic,4.363636363636363,post,104.65584345614896,0.12149410833728208,NaN
postsynaptic,4.363636363636363,post,112.88669525370182,0.10884757983859626,NaN
postsynaptic,4.424242424242424,pre,25.317402628843624,0.176587323081335,3.7083337847080355
postsynaptic,4.424242424242424,pre,30.980323287873073,0.1712678468416105,3.5966247836738203
postsynaptic,4.424242424242424,pre,36.81913085415728,0.1746486257833432,3.667621141450207
postsynaptic,4.424242424242424,pre,42.544913095584874,0.17117852822078983,3.765927620857376
postsynaptic,4.424242424242424,pre,48.38676727200458,0.17489160548890206,3.6727237152669434
postsynaptic,4.424242424242424,pre,54.104594592558605,0.1711030063345857,3.5931631330262994
postsynaptic,4.424242424242424,pre,59.94902726164062,0.17544266606637862,3.6842959873939507
postsynaptic,4.424242424242424,pre,65.64889504421097,0.1753464906192527,3.6822763030043064
postsynaptic,4.424242424242424,pre,71.35188913589998,0.17474853230492743,3.8444677107084035
postsynaptic,4.424242424242424,post,82.83669696361531,0.15006473453311636,NaN
postsynaptic,4.424242424242424,post,89.50048778103297,0.14157835740720023,NaN
postsynaptic,4.424242424242424,post,96.5637142396071,0.12330552494471057,NaN
postsynaptic,4.424242424242424,post,104.67365092288543,0.1085113316703528,NaN
postsynaptic,4.424242424242424,post,113.88927831042783,0.10892529406839072,NaN
postsynaptic,4.484848484848484,pre,24.258915012119477,0.1737258268384872,3.6482423636082313
postsynaptic,4.484848484848484,pre,30.01511153279973,0.1753091043550286,3.681491191455601
postsynaptic,4.484848484848484,pre,35.719321839954354,0.1712894057746417,3.768366927042117
postsynaptic,4.484848484848484,pre,41.55739451863279,0.1754637811928747,3.684739405050369
postsynaptic,4.484848484848484,pre,47.25657638512165,0.16168629864948872,3.7187848689382403
postsynaptic,4.484848484848484,pre,53.44139234264349,0.16587008915381315,3.649141961383889
postsynaptic,4.484848484848484,pre,59.470206851042825,0.17436181005247645,3.6615980111020057
postsynaptic,4.484848484848484,pre,65.205407694043,0.16030291096145255,3.686966952113409
postsynaptic,4.484848484848484,pre,71.44359759341711,0.17240240586087036,3.6204505230782775
postsynaptic,4.484848484848484,post,82.95127371766151,0.14892467682331792,NaN
postsynaptic,4.484848484848484,post,89.66607761269621,0.1295614661150389,NaN
postsynaptic,4.484848484848484,post,97.38442188576958,0.12571710626478927,NaN
postsynaptic,4.484848484848484,post,105.33878887456878,0.11955565858228502,NaN
postsynaptic,4.484848484848484,post,113.70309393430581,0.11463579817979795,NaN
postsynaptic,4.545454545454546,pre,24.46351481503406,0.17506903792025438,3.6764497963253424
postsynaptic,4.545454545454546,pre,30.175547118858734,0.1743646786406971,3.661658251454639
postsynaptic,4.545454545454546,pre,35.91065360829081,0.15953217179712958,3.66923995133398
postsynaptic,4.545454545454546,pre,42.17898173756406,0.16742024116870413,3.6832453057114907
postsynaptic,4.545454545454546,pre,48.15197516428079,0.1735827969244484,3.6452387354134164
postsynaptic,4.545454545454546,pre,53.91291471427115,0.17537021670030012,3.6827745507063026
postsynaptic,4.545454545454546,pre,59.615137239940694,0.16784293643883821,3.6925446016544403
postsynaptic,4.545454545454546,pre,65.57308829356992,0.17447574000263943,3.663990540055428
postsynaptic,4.545454545454546,pre,71.30454413943636,0.17571944729772573,3.6901083932522405
postsynaptic,4.545454545454546,post,82.934615086119,0.1487137532833928,NaN
postsynaptic,4.545454545454546,post,89.6589427150127,0.13613054242102235,NaN
postsynaptic,4.545454545454546,post,97.00483278652374,0.13198797868710416,NaN
postsynaptic,4.545454545454546,post,104.58128035354527,0.1142098335300379,NaN
postsynaptic,4.545454545454546,post,113.3370938338004,0.11026057707429913,NaN
postsynaptic,4.606060606060606,pre,24.16383850464688,0.1728245050476244,3.6293146060001122
postsynaptic,4.606060606060606,pre,29.95005498896104,0.17223924077477268,3.6170240562702265
postsynaptic,4.606060606060606,pre,35.75593288009528,0.1725173002993705,3.7953806065861513
postsynaptic,4.606060606060606,pre,41.55245298714943,0.16774394691775843,3.6903668321906853
postsynaptic,4.606060606060606,pre,47.51391996330375,0.16697271114973256,3.6733996452941162
postsynaptic,4.606060606060606,pre,53.502922556088215,0.1747539487136963,3.6698329229876223
postsynaptic,4.606060606060606,pre,59.22525391031887,0.17410075994804783,3.6561159589090044
postsynaptic,4.606060606060606,pre,64.96905422628764,0.17249142219950228,3.622319866189548
postsynaptic,4.606060606060606,pre,70.76644395876609,0.17261991647755465,3.797638162506202
postsynaptic,4.606060606060606,post,82.55952198636177,0.15095798722540618,NaN
postsynaptic,4.606060606060606,post,89.18388164019598,0.1425532687037774,NaN
postsynaptic,4.606060606060606,post,96.19880321367444,0.12976861279510904,NaN
postsynaptic,4.606060606060606,post,103.90482686963271,0.11655306413329533,NaN
postsynaptic,4.606060606060606,post,112.484609884658,0.11041909765670814,NaN
postsynaptic,4.666666666666667,pre,24.182041998957462,0.17292702975749144,3.6314676249073203
postsynaptic,4.666666666666667,pre,29.964827960194263,0.17222926730636062,3.616814613433573
postsynaptic,4.666666666666667,pre,35.77104205864482,0.16669150687917908,3.8339046582211185
postsynaptic,4.666666666666667,pre,41.77014794425432,0.17280748939978474,3.6289572773954792
postsynaptic,4.666666666666667,pre,47.55693417367827,0.1662246842377891,3.6569430532313603
postsynaptic,4.666666666666667,pre,53.572887848581765,0.1756909762375366,3.689510500988269
postsynaptic,4.666666666666667,pre,59.26469980964678,0.17244096913508877,3.6212603518368645
postsynaptic,4.666666666666667,pre,65.06378575201705,0.17105163437581045,3.76313595626783
postsynaptic,4.666666666666667,pre,70.90997368029456,0.16627524318482434,3.6580553500661357
postsynaptic,4.666666666666667,post,82.79464965316903,0.15049422411710725,NaN
postsynaptic,4.666666666666667,post,89.43942293843378,0.136875221991614,NaN
postsynaptic,4.666666666666667,post,96.74534716233215,0.13147893602850697,NaN
postsynaptic,4.666666666666667,post,104.35112821142113,0.11349232860007415,NaN
postsynaptic,4.666666666666667,post,113.1622964404546,0.10809401648269185,NaN
postsynaptic,4.7272727272727275,pre,24.403345534180566,0.17362814981973385,3.6461911462144108
postsynaptic,4.7272727272727275,pre,30.162780286196476,0.17417496791918224,3.6576743263028275
postsynaptic,4.7272727272727275,pre,35.90413343209746,0.16766405706989002,3.6886092555375805
postsynaptic,4.7272727272727275,pre,41.8684409734756,0.17263939181928492,3.625427228204983
postsynaptic,4.7272727272727275,pre,47.660861749880894,0.1710857700399983,3.763886940879963
postsynaptic,4.7272727272727275,pre,53.50588322516904,0.16728443173294588,3.6802574981248095
postsynaptic,4.7272727272727275,pre,59.483725811240696,0.17578157125973207,3.6914129964543734
postsynaptic,4.7272727272727275,pre,65.17260430307313,0.16853470147909377,3.707763432540063
postsynaptic,4.7272727272727275,pre,71.10610043902497,0.1662013667542693,3.6564300685939246
postsynaptic,4.7272727272727275,post,82.89984373888548,0.1508839439671066,NaN
postsynaptic,4.7272727272727275,post,89.52745416387546,0.1379349902370507,NaN
postsynaptic,4.7272727272727275,post,96.77724624550342,0.13188773800308198,NaN
postsynaptic,4.7272727272727275,post,104.35945225753338,0.11115736803682617,NaN
postsynaptic,4.7272727272727275,post,113.35570700574496,0.1100053093963714,NaN
postsynaptic,4.787878787878788,pre,24.13597909153473,0.1739280749894694,3.652489574778858
postsynaptic,4.787878787878788,pre,29.8854821551462,0.17218755518060003,3.615938658792601
postsynaptic,4.787878787878788,pre,35.69310279852628,0.16943615191282993,3.7275953420822585
postsynaptic,4.787878787878788,pre,41.59503098038485,0.17043774756586083,3.749630446448938
postsynaptic,4.787878787878788,pre,47.46227585003192,0.17040714308014365,3.5785500046830165
postsynaptic,4.787878787878788,pre,53.330574454919,0.17138899544195915,3.770557899723101
postsynaptic,4.787878787878788,pre,59.16525478209701,0.1695953627426577,3.5615026175958118
postsynaptic,4.787878787878788,pre,65.06164241810443,0.17410773755126482,3.6562624885765613
postsynaptic,4.787878787878788,pre,70.80521254350197,0.16864814316918583,3.7102591497220883
postsynaptic,4.787878787878788,post,82.63563087264865,0.14443461568534557,NaN
postsynaptic,4.787878787878788,post,89.55917891031937,0.12913998380811512,NaN
postsynaptic,4.787878787878788,post,97.3027140302081,0.12608762683066574,NaN
postsynaptic,4.787878787878788,post,105.23370634988264,0.12057839307198055,NaN
postsynaptic,4.787878787878788,post,113.52706616769875,0.10327346764461218,NaN
postsynaptic,4.848484848484849,pre,24.21652919795105,0.1730969814200591,3.635036609821241
postsynaptic,4.848484848484849,pre,29.99363745134845,0.17496614046152292,3.6742889496919813
postsynaptic,4.848484848484849,pre,35.70902899717678,0.173385760004405,3.641100960092505
postsynaptic,4.848484848484849,pre,41.47651532347367,0.1745385835980996,3.839848839158191
postsynaptic,4.848484848484849,pre,47.20590752653317,0.16741257265021897,3.6830765983048175
postsynaptic,4.848484848484849,pre,53.17917455283552,0.18072850510218091,3.614570102043618
postsynaptic,4.848484848484849,pre,58.71233601751214,0.17581944368912497,3.6922083174716245
postsynaptic,4.848484848484849,pre,64.39998909511003,0.1746546189327289,3.6677469975873067
postsynaptic,4.848484848484849,pre,70.12557486038067,0.17275391111977415,3.6278321335152572
postsynaptic,4.848484848484849,post,81.74051026173936,0.14679276325116317,NaN
postsynaptic,4.848484848484849,post,88.55283518738297,0.1364615477177388,NaN
postsynaptic,4.848484848484849,post,95.88090684364492,0.12680791895556723,NaN
postsynaptic,4.848484848484849,post,103.7668496793632,0.12147901528675827,NaN
postsynaptic,4.848484848484849,post,111.99872411166282,0.10890660711234339,NaN
postsynaptic,4.909090909090909,pre,24.395606003308735,0.171955134266458,3.6110578195956182
postsynaptic,4.909090909090909,pre,30.211076441373244,0.1718773318177296,3.609423968172322
postsynaptic,4.909090909090909,pre,36.02917932570512,0.17146213579028788,3.772166987386333
postsynaptic,4.909090909090909,pre,41.86137076197115,0.17185544020534088,3.6089642443121583
postsynaptic,4.909090909090909,pre,47.680214778809685,0.17450727829966725,3.664652844293012
postsynaptic,4.909090909090909,pre,53.410634791909544,0.1737584166372298,3.8226851660190557
postsynaptic,4.909090909090909,pre,59.16575169129857,0.17362279419721374,3.646078678141489
postsynaptic,4.909090909090909,pre,64.92536410062384,0.17273640343139,3.62746447205919
postsynaptic,4.909090909090909,pre,70.71453175802036,0.17120667244634408,3.7665467938195696
postsynaptic,4.909090909090909,post,82.36520415672602,0.14808361014095203,NaN
postsynaptic,4.909090909090909,post,89.11814595121739,0.1376796721472953,NaN
postsynaptic,4.909090909090909,post,96.38138230560207,0.12348128687867482,NaN
postsynaptic,4.909090909090909,post,104.47977539234192,0.11498131059202175,NaN
postsynaptic,4.909090909090909,post,113.17684098370758,0.1136027493088482,NaN
postsynaptic,4.96969696969697,pre,24.17795402661241,0.17384722693318425,3.6507917655968694
postsynaptic,4.96969696969697,pre,29.93013090996492,0.16908260609326714,3.719817334051877
postsynaptic,4.96969696969697,pre,35.84439981736745,0.17572282101282624,3.6901792412693513
postsynaptic,4.96969696969697,pre,41.53518029901593,0.1729076371453825,3.631060380053032
postsynaptic,4.96969696969697,pre,47.3186148338317,0.17166043240551856,3.60486908051589
postsynaptic,4.96969696969697,pre,53.14406910996722,0.17364738617760897,3.8202424959073977
postsynaptic,4.96969696969697,pre,58.90286584173712,0.16569881748895227,3.64537398475695
postsynaptic,4.96969696969697,pre,64.93791192808999,0.1746108372627105,3.666827582516921
postsynaptic,4.96969696969697,pre,70.66493331849459,0.17455493257215166,3.665653584015185
postsynaptic,4.96969696969697,post,82.27053504843417,0.1464778414786775,NaN
postsynaptic,4.96969696969697,post,89.09750621284451,0.14034927416481563,NaN
postsynaptic,4.96969696969697,post,96.22258759250077,0.129476045156662,NaN
postsynaptic,4.96969696969697,post,103.94602399179789,0.1164337463315573,NaN
postsynaptic,4.96969696969697,post,112.53459931043786,0.10839634421972578,NaN
postsynaptic,5.03030303030303,pre,24.275983962076438,0.1735936156430224,3.6454659285034703
postsynaptic,5.03030303030303,pre,30.036564478219372,0.17198090655615622,3.7835799442354365
postsynaptic,5.03030303030303,pre,35.85116343588607,0.17272132028606652,3.6271477260073968
postsynaptic,5.03030303030303,pre,41.64083664092971,0.17446524224241158,3.663770087090643
postsynaptic,5.03030303030303,pre,47.372637354624565,0.17362494538279416,3.6461238530386773
postsynaptic,5.03030303030303,pre,53.1321784032641,0.17361605193145077,3.8195531424919174
postsynaptic,5.03030303030303,pre,58.892014483368214,0.17199012776103467,3.6117926829817284
postsynaptic,5.03030303030303,pre,64.70630169286092,0.1739178210358897,3.6522742417536835
postsynaptic,5.03030303030303,pre,70.45614373920095,0.1747786495490631,3.6703516405303254
postsynaptic,5.03030303030303,post,81.98688570106508,0.1484200372203839,NaN
postsynaptic,5.03030303030303,post,88.7245204485563,0.13976704819443875,NaN
postsynaptic,5.03030303030303,post,95.87928269701445,0.12980933773509848,NaN
postsynaptic,5.03030303030303,post,103.58288875069216,0.11803982365228317,NaN
postsynaptic,5.03030303030303,post,112.05460591409422,0.10874122242842856,NaN
postsynaptic,5.090909090909091,pre,24.01343142638918,0.17674708915766915,3.711688872311052
postsynaptic,5.090909090909091,pre,29.6712332310228,0.1743110069700784,3.660531146371646
postsynaptic,5.090909090909091,pre,35.40810560289577,0.17201781254245618,3.784391875934036
postsynaptic,5.090909090909091,pre,41.22145705307299,0.17642142113200643,3.5284284226401286
postsynaptic,5.090909090909091,pre,46.88970297005693,0.17510113037342623,3.6771237378419506
postsynaptic,5.090909090909091,pre,52.60068837527601,0.1733961930976717,3.8147162481487777
postsynaptic,5.090909090909091,pre,58.36782767709859,0.17280774338730492,3.6289626111334035
postsynaptic,5.090909090909091,pre,64.15460540128166,0.1743624199042164,3.661610817988544
postsynaptic,5.090909090909091,pre,69.88978618478613,0.17494836146345033,3.6739155907324568
postsynaptic,5.090909090909091,post,81.41644778890239,0.15393578167886848,NaN
postsynaptic,5.090909090909091,post,87.91266321778909,0.13683957844234132,NaN
postsynaptic,5.090909090909091,post,95.22049046618535,0.12877980560388655,NaN
postsynaptic,5.090909090909091,post,102.98568311662231,0.11741643817851713,NaN
postsynaptic,5.090909090909091,post,111.50237818515798,0.11394372344013158,NaN
postsynaptic,5.151515151515151,pre,23.946274716826647,0.17359290335122082,3.6454509703756375
postsynaptic,5.151515151515151,pre,29.706878869962768,0.17058405465595464,3.752849202431002
postsynaptic,5.151515151515151,pre,35.56909150183429,0.17542582128978917,3.6839422470855725
postsynaptic,5.151515151515151,pre,41.26950659835581,0.17070902612640831,3.5848895486545747
postsynaptic,5.151515151515151,pre,47.12742766258536,0.1742961992018217,3.660220183238256
postsynaptic,5.151515151515151,pre,52.86478742475709,0.17235707901082925,3.7918557382382434
postsynaptic,5.151515151515151,pre,58.66669591461476,0.17475153595935128,3.669782255146377
postsynaptic,5.151515151515151,pre,64.38910627576094,0.17404094373413997,3.6548598184169396
postsynaptic,5.151515151515151,pre,70.13488068116506,0.1687872523362903,3.7133195513983868
postsynaptic,5.151515151515151,post,81.8279421100791,0.14816168064267365,NaN
postsynaptic,5.151515151515151,post,88.57732559211271,0.1347664908622667,NaN
postsynaptic,5.151515151515151,post,95.99756777250765,0.12498669767784956,NaN
postsynaptic,5.151515151515151,post,103.99841921173423,0.12059417228847505,NaN
postsynaptic,5.151515151515151,post,112.29069387993201,0.1080690451992898,NaN
postsynaptic,5.212121212121212,pre,23.547444232099995,0.17208124971095654,3.785787493641044
postsynaptic,5.212121212121212,pre,29.358652610001084,0.17261874183837853,3.624993578605949
postsynaptic,5.212121212121212,pre,35.15176632030892,0.17319182793252574,3.6370283865830406
postsynaptic,5.212121212121212,pre,40.92571080682126,0.17224538678921608,3.7893985093627536
postsynaptic,5.212121212121212,pre,46.731381534152504,0.1737249919755339,3.648224831486212
postsynaptic,5.212121212121212,pre,52.487605717146465,0.17276104960006056,3.6279820416012716
postsynaptic,5.212121212121212,pre,58.27594748929352,0.17220111635080296,3.788424559717665
postsynaptic,5.212121212121212,pre,64.08311077134118,0.1813292193923118,3.6265843878462363
postsynaptic,5.212121212121212,pre,69.5979417696287,0.1729513358751744,3.631978053378662
postsynaptic,5.212121212121212,post,81.1555049519037,0.15219398090851818,NaN
postsynaptic,5.212121212121212,post,87.7260670334691,0.1371844171465452,NaN
postsynaptic,5.212121212121212,post,95.01552469054225,0.13009093935057933,NaN
postsynaptic,5.212121212121212,post,102.70245511776533,0.1193725147371244,NaN
postsynaptic,5.212121212121212,post,111.07959287181319,0.11369902266531118,NaN
postsynaptic,5.2727272727272725,pre,23.422761333736986,0.17235084681338278,3.6193677830810387
postsynaptic,5.2727272727272725,pre,29.224879620296814,0.17270616430132332,3.799535614629113
postsynaptic,5.2727272727272725,pre,35.015060903318556,0.17321147878432336,3.6374410544707905
postsynaptic,5.2727272727272725,pre,40.78835033551123,0.17261933928149048,3.6250061249113
postsynaptic,5.2727272727272725,pre,46.58144399559818,0.1724584757681331,3.7940864668989285
postsynaptic,5.2727272727272725,pre,52.379941260206266,0.17315741937546175,3.636305806884697
postsynaptic,5.2727272727272725,pre,58.15503310210808,0.17273404084981067,3.6274148578460244
postsynaptic,5.2727272727272725,pre,63.94427994123855,0.17235160887018702,3.7917353951441144
postsynaptic,5.2727272727272725,pre,69.74637257359214,0.17313928993069858,3.63592508854467
postsynaptic,5.2727272727272725,post,81.30590848804539,0.15294913643864594,NaN
postsynaptic,5.2727272727272725,post,87.8440297438077,0.14226208660410072,NaN
postsynaptic,5.2727272727272725,post,94.87330946176155,0.12963769165781214,NaN
postsynaptic,5.2727272727272725,post,102.58711543294137,0.11895176382051055,NaN
postsynaptic,5.2727272727272725,post,110.99388442805208,0.11375118191424746,NaN
postsynaptic,5.333333333333333,pre,23.389006962015863,0.16665218490702632,3.666348067954579
postsynaptic,5.333333333333333,pre,29.389528350666666,0.1704998482326476,3.750996661118247
postsynaptic,5.333333333333333,pre,35.25463621067776,0.17804034129901666,3.5608068259803334
postsynaptic,5.333333333333333,pre,40.871340788436974,0.1724202412719079,3.7932453079819735
postsynaptic,5.333333333333333,pre,46.67112388016223,0.1736627546990418,3.6469178486798777
postsynaptic,5.333333333333333,pre,52.429410979390866,0.1737437816321479,3.648619414275106
postsynaptic,5.333333333333333,pre,58.18501265103636,0.17301751063547688,3.6333677233450143
postsynaptic,5.333333333333333,pre,63.96477445853836,0.17296380445681875,3.8052036980500126
postsynaptic,5.333333333333333,pre,69.74633091273658,0.17340944966503302,3.641598442965693
postsynaptic,5.333333333333333,post,81.2684514871587,0.15329591144821067,NaN
postsynaptic,5.333333333333333,post,87.79178267422587,0.1430859808006355,NaN
postsynaptic,5.333333333333333,post,94.78058754808224,0.13011662196742832,NaN
postsynaptic,5.333333333333333,post,102.46600071728,0.11911601511020617,NaN
postsynaptic,5.333333333333333,post,110.86117746219377,0.11381439044146935,NaN
postsynaptic,5.393939393939394,pre,24.342262930784525,0.17081155216365773,3.75785414760047
postsynaptic,5.393939393939394,pre,30.196667901250933,0.17295621500189737,3.6320805150398447
postsynaptic,5.393939393939394,pre,35.97847805469948,0.17258240581119783,3.7968129278463523
postsynaptic,5.393939393939394,pre,41.7728114648733,0.1738907068046342,3.651704842897318
postsynaptic,5.393939393939394,pre,47.523550066007964,0.17411809073805806,3.6564799054992196
postsynaptic,5.393939393939394,pre,53.266778674598626,0.17389593637978196,3.651814663975421
postsynaptic,5.393939393939394,pre,59.0173443336836,0.17320303117776167,3.6372636547329953
postsynaptic,5.393939393939394,pre,64.79091534569251,0.17345839573119812,3.8160847060863587
postsynaptic,5.393939393939394,pre,70.55598653630621,0.1735855647154257,3.6452968590239396
postsynaptic,5.393939393939394,post,82.05636089803733,0.1534896818803649,NaN
postsynaptic,5.393939393939394,post,88.57145681685898,0.1347677724263218,NaN
postsynaptic,5.393939393939394,post,95.99162843501573,0.12797060680061353,NaN
postsynaptic,5.393939393939394,post,103.8059228655959,0.11912956824481512,NaN
postsynaptic,5.393939393939394,post,112.20014450790865,0.11354807198417859,NaN
postsynaptic,5.454545454545454,pre,23.61427809440715,0.17401428777599834,3.654300043295965
postsynaptic,5.454545454545454,pre,29.360932652378047,0.17449653674023471,3.664427271544929
postsynaptic,5.454545454545454,pre,35.091705415442426,0.17407802682136794,3.6556385632487265
postsynaptic,5.454545454545454,pre,40.836255823439416,0.17329420166377266,3.6391782349392257
postsynaptic,5.454545454545454,pre,46.60678934619519,0.1738275567338196,3.8242062481440318
postsynaptic,5.454545454545454,pre,52.359617141682705,0.1740424663128912,3.654891792570715
postsynaptic,5.454545454545454,pre,58.10534128122813,0.17399448635843287,3.65388421352709
postsynaptic,5.454545454545454,pre,63.8526498363968,0.1744800440521969,3.6640809250961346
postsynaptic,5.454545454545454,pre,69.58396429950436,0.17395346633178327,3.6530227929674486
postsynaptic,5.454545454545454,post,81.11005069406961,0.14875192200410103,NaN
postsynaptic,5.454545454545454,post,87.83265290671484,0.14306536599508876,NaN
postsynaptic,5.454545454545454,post,94.82246482271923,0.12995947936223395,NaN
postsynaptic,5.454545454545454,post,102.517170933481,0.11910146060434254,NaN
postsynaptic,5.454545454545454,post,110.91337359065932,0.11383164937525145,NaN
postsynaptic,5.515151515151516,pre,23.63915469367505,0.1740889236643462,3.65586739695127
postsynaptic,5.515151515151516,pre,29.383345529894243,0.17485654079986626,3.671987356797192
postsynaptic,5.515151515151516,pre,35.10231946947686,0.17430740745935272,3.6604555566464074
postsynaptic,5.515151515151516,pre,40.83931030982995,0.1735170873817027,3.643858835015757
postsynaptic,5.515151515151516,pre,46.60243148186876,0.17372019609801195,3.821844314156263
postsynaptic,5.515151515151516,pre,52.358814576415845,0.17436654962227985,3.661697542067877
postsynaptic,5.515151515151516,pre,58.09385952721772,0.1739362214511616,3.6526606504743935
postsynaptic,5.515151515151516,pre,63.843093307605336,0.17456287474814,3.66582036971094
postsynaptic,5.515151515151516,pre,69.57168824191083,0.17478500770636038,3.670485161833568
postsynaptic,5.515151515151516,post,81.0309791173534,0.15360614974472045,NaN
postsynaptic,5.515151515151516,post,87.54113513429614,0.14281077762699418,NaN
postsynaptic,5.515151515151516,post,94.54340776817178,0.13189415167991467,NaN
postsynaptic,5.515151515151516,post,102.12524507682542,0.11970785648072833,NaN
postsynaptic,5.515151515151516,post,110.47891566619889,0.11401694558864904,NaN
postsynaptic,5.515151515151516,post,119.24954177652994,0.11186114469428074,NaN
postsynaptic,5.575757575757576,pre,23.572873272661084,0.17460642975340995,3.666735024821609
postsynaptic,5.575757575757576,pre,29.30003922761625,0.1747303567494692,3.6693374917388533
postsynaptic,5.575757575757576,pre,35.02314320681669,0.17424632274474644,3.659172777639675
postsynaptic,5.575757575757576,pre,40.76214523709139,0.17944852268425243,3.5889704536850484
postsynaptic,5.575757575757576,pre,46.3347740057302,0.18235881505394969,3.829535116132943
postsynaptic,5.575757575757576,pre,51.81846833497969,0.18228076845505053,3.6456153691010105
postsynaptic,5.575757575757576,pre,57.3045106008515,0.18305872880791163,3.6611745761582326
postsynaptic,5.575757575757576,pre,62.76723836320435,0.18336849177002226,3.667369835400445
postsynaptic,5.575757575757576,pre,68.22073798218024,0.1823404471724967,3.646808943449934
postsynaptic,5.575757575757576,post,79.20699224132643,0.15209080933410968,NaN
postsynaptic,5.575757575757576,post,85.78201149711343,0.14212880032584313,NaN
postsynaptic,5.575757575757576,post,92.81788316919825,0.1298622142377334,NaN
postsynaptic,5.575757575757576,post,100.51835251564988,0.11899694994946289,NaN
postsynaptic,5.575757575757576,post,108.92192924954678,0.11797253818887155,NaN
postsynaptic,5.636363636363637,pre,23.473356761807032,0.17494185842887758,3.673779027006429
postsynaptic,5.636363636363637,pre,29.189541607337006,0.1833063435319475,3.6661268706389496
postsynaptic,5.636363636363637,pre,34.644890182470824,0.18232861153530694,3.8289008422414454
postsynaptic,5.636363636363637,pre,40.129492909269715,0.1821286802587498,3.642573605174996
postsynaptic,5.636363636363637,pre,45.620116344191125,0.18310369374966579,3.6620738749933155
postsynaptic,5.636363636363637,pre,51.081502619484795,0.18296331646289035,3.659266329257807
postsynaptic,5.636363636363637,pre,56.547079104062924,0.18302635305470616,3.6605270610941227
postsynaptic,5.636363636363637,pre,62.010773174944084,0.1835372491736453,3.6707449834729062
postsynaptic,5.636363636363637,pre,67.45925845246884,0.18325887340930755,3.665177468186151
postsynaptic,5.636363636363637,post,78.40630061781064,0.1520168673379433,NaN
postsynaptic,5.636363636363637,post,84.98451800586493,0.14219858592030435,NaN
postsynaptic,5.636363636363637,post,92.01693674285893,0.1295343027039703,NaN
postsynaptic,5.636363636363637,post,99.73689955676575,0.11945528403563827,NaN
postsynaptic,5.636363636363637,post,108.10823288097149,0.11391563693785799,NaN
postsynaptic,5.696969696969697,pre,23.230691207470237,0.18288618273332566,3.657723654666513
postsynaptic,5.696969696969697,pre,28.6985728432204,0.1824155485337439,3.8307265192086217
postsynaptic,5.696969696969697,pre,34.18056167606935,0.18285795869220478,3.657159173844095
postsynaptic,5.696969696969697,pre,39.64928727681418,0.18297917897022128,3.659583579404426
postsynaptic,5.696969696969697,pre,45.11438994930318,0.18357604329961624,3.671520865992325
postsynaptic,5.696969696969697,pre,50.561723828091985,0.18327508891034952,3.6655017782069907
postsynaptic,5.696969696969697,pre,56.01800272527019,0.1840177398901273,3.6803547978025457
postsynaptic,5.696969696969697,pre,61.45226140379258,0.18331895509376755,3.6663791018753513
postsynaptic,5.696969696969697,pre,66.90723467422444,0.182547004372244,3.6509400874448796
postsynaptic,5.696969696969697,post,77.8578125193761,0.15197510868968195,NaN
postsynaptic,5.696969696969697,post,84.43783742359841,0.1414014741410146,NaN
postsynaptic,5.696969696969697,post,91.50989948005714,0.12963493419217734,NaN
postsynaptic,5.696969696969697,post,99.22386953166028,0.11796294463316342,NaN
postsynaptic,5.696969696969697,post,107.70110789757054,0.10320131433553897,NaN
postsynaptic,5.757575757575758,pre,23.831108064148168,0.18614873825822567,3.7229747651645133
postsynaptic,5.757575757575758,pre,29.20315629480982,0.18285293931058755,3.657058786211751
postsynaptic,5.757575757575758,pre,34.67203201411907,0.18213046325925827,3.824739728444424
postsynaptic,5.757575757575758,pre,40.162601697547174,0.18289628225415677,3.6579256450831354
postsynaptic,5.757575757575758,pre,45.63018139722843,0.18319964617298412,3.6639929234596824
postsynaptic,5.757575757575758,pre,51.088707223505196,0.18320303110600666,3.6640606221201337
postsynaptic,5.757575757575758,pre,56.54713219585934,0.183199828314781,3.6639965662956198
postsynaptic,5.757575757575758,pre,62.00565259513483,0.18288879271405956,3.657775854281191
postsynaptic,5.757575757575758,pre,67.47345619950039,0.18233904372986443,3.6467808745972885
postsynaptic,5.757575757575758,post,78.44885535021584,0.1516205817780149,NaN
postsynaptic,5.757575757575758,post,85.04426600141676,0.14153793769533174,NaN
postsynaptic,5.757575757575758,post,92.10950954165087,0.12962058023184603,NaN
postsynaptic,5.757575757575758,post,99.82433382504281,0.12542340181343026,NaN
postsynaptic,5.757575757575758,post,107.79732758491164,0.11473732126931852,NaN
postsynaptic,5.818181818181818,pre,23.17818958959906,0.18571868526612437,3.7143737053224872
postsynaptic,5.818181818181818,pre,28.56267741626581,0.18473552031620438,3.6947104063240874
postsynaptic,5.818181818181818,pre,33.975821560328306,0.1836700680155738,3.6734013603114763
postsynaptic,5.818181818181818,pre,39.420366830030105,0.1835569098499854,3.671138196999708
postsynaptic,5.818181818181818,pre,44.86826852339193,0.18362348213843466,3.672469642768693
postsynaptic,5.818181818181818,pre,50.31419509201073,0.18370267092264583,3.674053418452917
postsynaptic,5.818181818181818,pre,55.757774082874086,0.18374699541577882,3.6749399083155767
postsynaptic,5.818181818181818,pre,61.20003994271697,0.18376561394721497,3.675312278944299
postsynaptic,5.818181818181818,pre,66.64175440996894,0.18375895762372896,3.675179152474579
postsynaptic,5.818181818181818,post,77.5279640553015,0.15229547572355984,NaN
postsynaptic,5.818181818181818,post,84.09414729383155,0.14228325682572185,NaN
postsynaptic,5.818181818181818,post,91.12238113040213,0.12923333243266977,NaN
postsynaptic,5.818181818181818,post,98.86032289183584,0.11948422749745428,NaN
postsynaptic,5.818181818181818,post,107.22962837210356,0.11400123928517149,NaN
postsynaptic,5.878787878787879,pre,22.939591264535313,0.1827687996741249,3.655375993482498
postsynaptic,5.878787878787879,pre,28.41098464121115,0.18301795393746867,3.660359078749373
postsynaptic,5.878787878787879,pre,33.87492945365107,0.18336187517391034,3.850599378652117
postsynaptic,5.878787878787879,pre,39.32862586165053,0.18472348222595925,3.509746162293226
postsynaptic,5.878787878787879,pre,44.74212277038014,0.18486250787029082,3.6972501574058168
postsynaptic,5.878787878787879,pre,50.15154846475432,0.18420562328793647,3.684112465758729
postsynaptic,5.878787878787879,pre,55.580264386400614,0.18331584006290147,3.8496326413209307
postsynaptic,5.878787878787879,pre,61.035330351550535,0.18302603375970283,3.6605206751940567
postsynaptic,5.878787878787879,pre,66.49903395402772,0.18328073215486831,3.665614643097366
postsynaptic,5.878787878787879,post,77.40383923568767,0.15197457342246107,NaN
postsynaptic,5.878787878787879,post,83.98388731531074,0.14190516428385058,NaN
postsynaptic,5.878787878787879,post,91.03084719902375,0.1297245084579029,NaN
postsynaptic,5.878787878787879,post,98.73949078447632,0.12600170201419797,NaN
postsynaptic,5.878787878787879,post,106.67589151569278,0.11487904817594256,NaN
postsynaptic,5.9393939393939394,pre,23.01115067659045,0.18304871070011264,3.8440229247023656
postsynaptic,5.9393939393939394,pre,28.474177409612857,0.18343030538497374,3.6686061076994747
postsynaptic,5.9393939393939394,pre,33.925839270510124,0.18360068822855635,3.6720137645711275
postsynaptic,5.9393939393939394,pre,39.37244194748454,0.1834946191248472,3.669892382496944
postsynaptic,5.9393939393939394,pre,44.82219303429768,0.1749152179784286,3.673219577547001
postsynaptic,5.9393939393939394,pre,50.53924848297411,0.1718993180382512,3.6098856788032756
postsynaptic,5.9393939393939394,pre,56.35660722186962,0.16886681553628144,3.715069941798192
postsynaptic,5.9393939393939394,pre,62.278433821277176,0.171526658367859,3.773586484092898
postsynaptic,5.9393939393939394,pre,68.10843138267887,0.18558634000983665,3.526140460186896
postsynaptic,5.9393939393939394,post,78.95617127770593,0.15163318577906837,NaN
postsynaptic,5.9393939393939394,post,85.55103370747123,0.1423126528717425,NaN
postsynaptic,5.9393939393939394,post,92.57781579480424,0.1296026476181305,NaN
postsynaptic,5.9393939393939394,post,100.29370754839297,0.12147279673365474,NaN
postsynaptic,5.9393939393939394,post,108.52600339478427,0.1136152074460593,NaN
postsynaptic,6.0,pre,22.968141506961405,0.18484140580055786,3.696828116011157
postsynaptic,6.0,pre,28.378184758195875,0.18353250974774024,3.670650194954805
postsynaptic,6.0,pre,33.82681073391249,0.1835173136603423,3.6703462732068455
postsynaptic,6.0,pre,39.27588788121,0.18233443935423388,3.8290232264389115
postsynaptic,6.0,pre,44.7603153077656,0.174530593740023,3.665142468540483
postsynaptic,6.0,pre,50.48996979739381,0.18302929890084593,3.6605859780169188
postsynaptic,6.0,pre,55.953575930430134,0.18216736961990368,3.643347392398074
postsynaptic,6.0,pre,61.44303324699853,0.16851327683187647,3.7072920903012823
postsynaptic,6.0,pre,67.37728376304355,0.17275759160739487,3.627909423755292
postsynaptic,6.0,post,78.64070993946115,0.154644773179761,NaN
postsynaptic,6.0,post,85.10714252194221,0.1431310163852509,NaN
postsynaptic,6.0,post,92.09374839713843,0.12991921036475232,NaN
postsynaptic,6.0,post,99.79083951393685,0.11794901813838198,NaN
postsynaptic,6.0,post,108.26907880565155,0.11372094660408673,NaN
