mode,control_gain,burst_time_s,burst_frequency_hz,mean_effective_excitation,peak_effective_excitation,mean_gain_factor,alpha_eff,g_eff
direct_gmax,0.12244897959183673,200.46040534066054,0.09237432531791887,0.0002864981135640569,0.0006677379012660562,1.122448979591837,0.05,0.0007015306122448985
direct_gmax,0.12244897959183673,211.28592419082116,0.0975567391305977,0.0002876769634359167,0.0006684456557175922,1.1224489795918366,0.05000000000000004,0.0007015306122448978
direct_gmax,0.12244897959183673,221.53636930524135,0.09321894139378134,0.0002823981577816693,0.0006671559420203952,1.1224489795918369,0.04999999999999996,0.0007015306122448979
direct_gmax,0.12244897959183673,232.2638028616442,0.09787816057757448,0.0002855778685232743,0.0006684067450023546,1.1224489795918366,0.050000000000000044,0.000701530612244898
direct_gmax,0.12244897959183673,242.48058660685402,0.0933677887432717,0.00028167833395084164,0.0006671961999590279,1.1224489795918369,0.04999999999999997,0.000701530612244898
direct_gmax,0.12244897959183673,253.19091844034796,0.09784762200806524,0.0002853946340600813,0.0006682959849588164,1.1224489795918366,0.050000000000000044,0.0007015306122448979
direct_gmax,0.12244897959183673,263.4108908778751,0.10226792913163336,0.00026431779656784714,0.0006684559222217316,1.122448979591837,0.050000000000000024,0.0007015306122448985
direct_gmax,0.12244897959183673,273.1891274031582,0.10052597693585263,0.00027131984085050815,0.0006682999187491496,1.1224489795918366,0.05000000000000004,0.0007015306122448979
direct_gmax,0.12244897959183673,283.1368049137992,0.10134330553150228,0.0002703102854310386,0.0006677361576621977,1.1224489795918369,0.05000000000000003,0.0007015306122448981
direct_gmax,0.12244897959183673,293.0042549121531,0.10123060224267298,0.00027212236531904527,0.0006677008729275929,1.1224489795918369,0.05000000000000003,0.000701530612244898
direct_gmax,0.24489795918367346,190.34034648264665,0.09722819008260292,0.00029178388809873376,0.0007403327615301169,1.244897959183674,0.050000000000000024,0.0007780612244897955
direct_gmax,0.24489795918367346,200.62542943184505,0.10570403911448205,0.00029630511162505655,0.0007411460352438646,1.2448979591836729,0.05000000000000004,0.0007780612244897959
direct_gmax,0.24489795918367346,210.08580586000554,0.10493813961298393,0.0003018705325026102,0.0007407983300322816,1.244897959183674,0.05000000000000004,0.0007780612244897956
direct_gmax,0.24489795918367346,219.61522961087476,0.10420160543422036,0.00030358834507999445,0.0007408278391203411,1.2448979591836735,0.05000000000000003,0.0007780612244897957
direct_gmax,0.24489795918367346,229.2120107337076,0.10457651636248647,0.00030261137508845313,0.0007413636143469733,1.2448979591836737,0.05000000000000004,0.0007780612244897956
direct_gmax,0.24489795918367346,238.77438701839628,0.10450139940076082,0.00029102243504842127,0.0007408843219459978,1.2448979591836737,0.05000000000000003,0.0007780612244897957
direct_gmax,0.24489795918367346,248.3436368632239,0.10752256208250716,0.00027025204536004527,0.000740523358274036,1.2448979591836737,0.050000000000000024,0.0007780612244897957
direct_gmax,0.24489795918367346,257.6440104837172,0.10289544412393739,0.00028635884483866594,0.000739350630347722,1.2448979591836729,0.050000000000000044,0.0007780612244897958
direct_gmax,0.24489795918367346,267.3626137563315,0.10819940886683165,0.0002895173761198412,0.0007403494672144248,1.2448979591836735,0.05000000000000003,0.0007780612244897957
direct_gmax,0.24489795918367346,276.6048084270137,0.10376991101078367,0.00030919546223620765,0.0007404186736878351,1.2448979591836733,0.05000000000000004,0.0007780612244897958
direct_gmax,0.3673469387755102,109.74987703007791,0.0501861305382141,0.0004062974556360765,0.000805566974642212,1.367346938775512,0.05000000000000004,0.0008545918367346928
direct_gmax,0.3673469387755102,129.67570094349065,0.08207038537845489,0.0003667759048662251,0.0008138260654261826,1.3673469387755106,0.04999999999999997,0.000854591836734694
direct_gmax,0.3673469387755102,141.86036408828588,0.09176587456753131,0.0003667256854383467,0.0008151325443773348,1.3673469387755117,0.04999999999999998,0.0008545918367346937
direct_gmax,0.3673469387755102,152.75766120132207,0.09640286809433196,0.00036228626389059505,0.0008138996743822027,1.3673469387755115,0.049999999999999996,0.0008545918367346936
direct_gmax,0.3673469387755102,163.13079656303643,0.10571248820078014,0.0003596365047303694,0.0008126643076805379,1.367346938775512,0.05000000000000004,0.0008545918367346933
direct_gmax,0.3673469387755102,172.5904168692078,0.1141584025884201,0.0003391540527666444,0.0008143656644746747,1.3673469387755115,0.050000000000000024,0.0008545918367346938
direct_gmax,0.3673469387755102,181.3501750414147,0.11380456741523041,0.00032711524258432893,0.0008121481602857107,1.3673469387755113,0.050000000000000024,0.0008545918367346938
direct_gmax,0.3673469387755102,190.1371685928367,0.10814202986627837,0.0003475728167891947,0.0008124631466283772,1.3673469387755113,0.050000000000000024,0.0008545918367346937
direct_gmax,0.3673469387755102,199.38426707283136,0.10645120878518327,0.0003375780641500865,0.0008122843264900246,1.3673469387755115,0.05000000000000003,0.0008545918367346937
direct_gmax,0.3673469387755102,208.77824212874626,0.10694424958040266,0.0003293424160861679,0.0008132752839417934,1.3673469387755115,0.050000000000000024,0.0008545918367346937
direct_gmax,0.4897959183673469,71.4063169905767,0.050096586606943355,0.0004101214894159253,0.0008814646706168578,1.489795918367348,0.05000000000000004,0.0009311224489795929
direct_gmax,0.4897959183673469,91.36775683568983,0.06745000216766918,0.00040270608903231756,0.000882934398926087,1.4897959183673468,0.049999999999999926,0.0009311224489795916
direct_gmax,0.4897959183673469,106.1935532458096,0.08628829512865648,0.0004168738260305861,0.0008880470371204184,1.4897959183673477,0.04999999999999999,0.0009311224489795917
direct_gmax,0.4897959183673469,117.7826105856144,0.09856746256162272,0.00039420431606465735,0.0008883074306072906,1.489795918367348,0.05000000000000004,0.0009311224489795925
direct_gmax,0.4897959183673469,127.92794631823324,0.10322008317756903,0.00039832262451293485,0.000887946106539296,1.489795918367348,0.050000000000000044,0.0009311224489795929
direct_gmax,0.4897959183673469,137.61598346386995,0.10906222392430305,0.0003897254277441527,0.0008883064499921833,1.489795918367348,0.05000000000000004,0.0009311224489795931
direct_gmax,0.4897959183673469,146.7850611153038,0.11209983804905398,0.00038866009577912707,0.0008866212946022303,1.4897959183673477,0.05000000000000004,0.0009311224489795932
direct_gmax,0.4897959183673469,155.7056806041777,0.10963320657713783,0.00040656771663008474,0.0008866517768193568,1.4897959183673477,0.05000000000000004,0.0009311224489795928
direct_gmax,0.4897959183673469,164.82700461923696,0.11648587244985707,0.00034889182775470125,0.000887132479279504,1.4897959183673475,0.05000000000000003,0.0009311224489795924
direct_gmax,0.4897959183673469,173.41173664698104,0.1091079642518171,0.00039381611871841814,0.0008872716971358943,1.4897959183673475,0.050000000000000044,0.0009311224489795931
direct_gmax,0.6122448979591837,54.30128321233196,0.07838905277751922,0.00044510053450434056,0.0009597725335168389,1.6122448979591864,0.04999999999999995,0.001007653061224489
direct_gmax,0.6122448979591837,67.05816653426929,0.0918072940745082,0.0004604405485016583,0.000962221828180279,1.6122448979591857,0.04999999999999999,0.001007653061224489
direct_gmax,0.6122448979591837,77.95054725500405,0.09638410064546281,0.0004560528996175815,0.0009622121497525323,1.612244897959186,0.049999999999999996,0.0010076530612244893
direct_gmax,0.6122448979591837,88.32570242378421,0.10677956361873228,0.00044216181422008,0.0009616768197468343,1.6122448979591846,0.05000000000000003,0.0010076530612244893
direct_gmax,0.6122448979591837,97.69079033115388,0.11318902713337646,0.00042524311537783316,0.0009614160021170919,1.6122448979591844,0.05000000000000003,0.0010076530612244893
direct_gmax,0.6122448979591837,106.52556897821874,0.11598676055111302,0.0004379729606485322,0.000959388621799706,1.6122448979591841,0.050000000000000044,0.001007653061224489
direct_gmax,0.6122448979591837,115.14724265242504,0.11106586783902564,0.00046063923503115425,0.0009602796471383201,1.6122448979591848,0.05000000000000003,0.0010076530612244887
direct_gmax,0.6122448979591837,124.15090885030105,0.11120063887103211,0.00043436990039269187,0.0009618235654721733,1.6122448979591848,0.05000000000000003,0.0010076530612244887
direct_gmax,0.6122448979591837,133.1436629401384,0.11607927755620853,0.00043229418864494906,0.0009603770965842372,1.6122448979591841,0.05000000000000004,0.0010076530612244893
direct_gmax,0.6122448979591837,141.75846500518205,0.11498820394490805,0.00041662092878522894,0.0009601600720704012,1.6122448979591841,0.050000000000000044,0.0010076530612244895
direct_gmax,0.7346938775510204,46.7036986869456,0.09414024704861716,0.0004856048058507104,0.001036153009528031,1.7346938775510226,0.049999999999999996,0.0010841836734693873
direct_gmax,0.7346938775510204,57.32614797246284,0.10314547253399313,0.0004834515894655567,0.0010348706960740268,1.7346938775510228,0.05000000000000004,0.0010841836734693875
direct_gmax,0.7346938775510204,67.02119299414748,0.10915619925811705,0.0004940150673314549,0.0010341195221443174,1.734693877551021,0.05000000000000004,0.0010841836734693875
direct_gmax,0.7346938775510204,76.18237675463499,0.11365190625496326,0.0004885098338298988,0.0010344616587508297,1.7346938775510214,0.050000000000000024,0.001084183673469387
direct_gmax,0.7346938775510204,84.98117329885335,0.11863287216048506,0.0004844365174656254,0.0010341247497907752,1.7346938775510203,0.05000000000000004,0.0010841836734693873
direct_gmax,0.7346938775510204,93.410540149613,0.11621041570100281,0.0004578194092632935,0.0010334385595826016,1.7346938775510208,0.05000000000000004,0.0010841836734693875
direct_gmax,0.7346938775510204,102.01562080411212,0.11330838852431618,0.0004894486055296168,0.0010340426500277035,1.7346938775510212,0.05000000000000003,0.0010841836734693873
direct_gmax,0.7346938775510204,110.84109271332913,0.11522927920912725,0.00045992965419720317,0.0010349000550504142,1.7346938775510206,0.05000000000000004,0.0010841836734693875
direct_gmax,0.7346938775510204,119.51944258120534,0.11973144275889908,0.00044315788963977224,0.001032830833188821,1.7346938775510208,0.05000000000000003,0.0010841836734693873
direct_gmax,0.7346938775510204,127.87146755440875,0.11918487404485474,0.00041965587729280633,0.0010336572433521961,1.7346938775510208,0.05000000000000003,0.0010841836734693873
direct_gmax,0.8571428571428571,43.56421551116125,0.10774959672530415,0.0005328127360857131,0.0011078667024662344,1.8571428571428559,0.050000000000000024,0.0011607142857142858
direct_gmax,0.8571428571428571,52.84499270561694,0.11371433530401598,0.0005498395797617547,0.001107420317022704,1.8571428571428559,0.05000000000000003,0.0011607142857142858
direct_gmax,0.8571428571428571,61.63895871989732,0.11548462432548992,0.0005091505085698055,0.0011083254549252972,1.8571428571428565,0.05000000000000004,0.001160714285714286
direct_gmax,0.8571428571428571,70.29812010904926,0.11470782338546469,0.0005079741338893711,0.0011072036569826434,1.8571428571428565,0.050000000000000044,0.001160714285714286
direct_gmax,0.8571428571428571,79.0159213059179,0.11244520892161873,0.0005096410581343306,0.0011081788192466692,1.8571428571428565,0.05000000000000003,0.001160714285714286
direct_gmax,0.8571428571428571,87.90914147590364,0.11558708736250098,0.0005040449625368113,0.0011064490241449085,1.8571428571428563,0.050000000000000044,0.001160714285714286
direct_gmax,0.8571428571428571,96.56062688675951,0.11568300718779731,0.00048144814756927997,0.00110735535406566,1.8571428571428565,0.05000000000000004,0.0011607142857142858
direct_gmax,0.8571428571428571,105.20493882426491,0.1130843107207637,0.0004978858639499951,0.0011072112058271761,1.857142857142856,0.05000000000000003,0.0011607142857142858
direct_gmax,0.8571428571428571,114.04789850298883,0.11308083243095673,0.00048308950317356756,0.0011073864942615324,1.857142857142856,0.05000000000000003,0.001160714285714286
direct_gmax,0.8571428571428571,122.89113018516242,0.12277237965958465,0.0004814203440473545,0.0011067176310389228,1.8571428571428583,0.049999999999999926,0.0011607142857142858
direct_gmax,0.9795918367346939,39.44720319957825,0.10932317667239841,0.000590929515083382,0.0011797725979457467,1.979591836734693,0.050000000000000044,0.0012372448979591842
direct_gmax,0.9795918367346939,48.59439440311082,0.11806237143132257,0.0005380614219736027,0.0011822282235778394,1.9795918367346927,0.05000000000000003,0.0012372448979591846
direct_gmax,0.9795918367346939,57.06449362165569,0.11916387067092714,0.0005533076412621181,0.0011801047810280911,1.9795918367346932,0.05000000000000003,0.0012372448979591844
direct_gmax,0.9795918367346939,65.45629890936337,0.12364595674893132,0.000551533588791343,0.0011801614475251054,1.9795918367346956,0.049999999999999954,0.0012372448979591831
direct_gmax,0.9795918367346939,73.54390667506286,0.12546624210435778,0.0005425369042969931,0.0011809826901621092,1.9795918367346956,0.04999999999999995,0.0012372448979591831
direct_gmax,0.9795918367346939,81.51417806621714,0.11438479846066814,0.0005421503542076889,0.0011782134976699309,1.9795918367346934,0.05000000000000002,0.0012372448979591844
direct_gmax,0.9795918367346939,90.25659850544933,0.11628925731042142,0.0005524375268320942,0.0011805049702416934,1.979591836734693,0.05000000000000004,0.0012372448979591844
direct_gmax,0.9795918367346939,98.85584510077851,0.11648693030279197,0.0005053104980628169,0.0011796369364200166,1.9795918367346932,0.05000000000000004,0.0012372448979591842
direct_gmax,0.9795918367346939,107.44049916798275,0.1163588011247694,0.0005002335931308266,0.001180528713974984,1.979591836734693,0.05000000000000003,0.0012372448979591844
direct_gmax,0.9795918367346939,116.03460627748896,0.12506618813076464,0.0004948509591454196,0.0011795949903226697,1.9795918367346954,0.04999999999999994,0.0012372448979591833
direct_gmax,1.1020408163265305,38.016684182012106,0.11574868425055274,0.0005932354876644173,0.0012540491511444775,2.102040816326529,0.05000000000000004,0.0013137755102040811
direct_gmax,1.1020408163265305,46.6560912428766,0.12338915139241606,0.0005687094991572499,0.0012549822955589074,2.102040816326533,0.04999999999999994,0.001313775510204081
direct_gmax,1.1020408163265305,54.76053145269446,0.11802369394648783,0.0005740129888378643,0.00125435053213266,2.1020408163265296,0.05000000000000003,0.0013137755102040816
direct_gmax,1.1020408163265305,63.233406403154845,0.11862930948798497,0.0005758666506424959,0.0012543010696029722,2.102040816326529,0.05000000000000004,0.0013137755102040811
direct_gmax,1.1020408163265305,71.6630264044521,0.12432994515514444,0.0005618169811620271,0.0012555046440085465,2.102040816326535,0.04999999999999992,0.0013137755102040818
direct_gmax,1.1020408163265305,79.70614102782103,0.12243746370779683,0.0005743645196235868,0.0012537884713964623,2.102040816326535,0.049999999999999926,0.0013137755102040818
direct_gmax,1.1020408163265305,87.87357581221472,0.12645260043133602,0.0005541155120648768,0.0012534691892982595,2.1020408163265345,0.049999999999999926,0.0013137755102040818
direct_gmax,1.1020408163265305,95.78167731893701,0.13121451746369295,0.0005482813456373102,0.0012527829268165844,2.1020408163265323,0.04999999999999994,0.0013137755102040816
direct_gmax,1.1020408163265305,103.40278525218609,0.12698623756003533,0.0005301471850209883,0.0012541033709823166,2.1020408163265336,0.04999999999999993,0.0013137755102040813
direct_gmax,1.1020408163265305,111.27765436567746,0.1313539734042258,0.0005454713375263739,0.001252101932762946,2.1020408163265323,0.04999999999999995,0.0013137755102040816
direct_gmax,1.2244897959183674,36.55974191685629,0.12510870238132357,0.0005914113171533441,0.0013282668367043209,2.224489795918371,0.04999999999999993,0.0013903061224489793
direct_gmax,1.2244897959183674,44.55279100909339,0.1266731779571024,0.0006036378397478374,0.0013285841193425812,2.2244897959183714,0.04999999999999993,0.0013903061224489791
direct_gmax,1.2244897959183674,52.4471220437079,0.12601030497307494,0.0006044677899488413,0.0013275467389055628,2.2244897959183723,0.04999999999999991,0.0013903061224489791
direct_gmax,1.2244897959183674,60.38298094202319,0.1259149117354114,0.0006012472923630356,0.0013265572980338271,2.2244897959183723,0.04999999999999992,0.001390306122448979
direct_gmax,1.2244897959183674,68.32485205337598,0.12351427438735822,0.0005936262898944175,0.0013263353270198514,2.22448979591837,0.04999999999999995,0.0013903061224489793
direct_gmax,1.2244897959183674,76.42108226611931,0.12466716711863943,0.0005639136609409112,0.0013275646039986576,2.2244897959183714,0.04999999999999993,0.0013903061224489791
direct_gmax,1.2244897959183674,84.44244044014721,0.1269898769534527,0.000585883972262356,0.00132679681714592,2.224489795918371,0.04999999999999993,0.0013903061224489793
direct_gmax,1.2244897959183674,92.31708386835167,0.12312327836010677,0.0005671724064139058,0.0013276105441065466,2.224489795918371,0.04999999999999993,0.0013903061224489791
direct_gmax,1.2244897959183674,100.4390248474997,0.1278181403183093,0.0005627630169256441,0.0013256267026950385,2.2244897959183696,0.049999999999999954,0.0013903061224489796
direct_gmax,1.2244897959183674,108.26264047443395,0.12464999392452251,0.0005783175775240989,0.0013270260599232207,2.2244897959183714,0.04999999999999993,0.0013903061224489791
direct_gmax,1.346938775510204,35.53966855039585,0.11931089698129312,0.0006461993466081872,0.0013991903877445878,2.3469387755102034,0.05000000000000003,0.001466836734693876
direct_gmax,1.346938775510204,43.92113265217686,0.11646124125508008,0.0006478799498785157,0.0013990878010447267,2.3469387755102042,0.05000000000000004,0.001466836734693876
direct_gmax,1.346938775510204,52.50768032437402,0.13007137461858956,0.0006453195329263335,0.001400638304235846,2.3469387755102096,0.04999999999999991,0.0014668367346938767
direct_gmax,1.346938775510204,60.19576698396624,0.12967500595319142,0.0006219368927045528,0.0013994391003313254,2.3469387755102074,0.04999999999999995,0.001466836734693876
direct_gmax,1.346938775510204,67.90735328889356,0.13083323388852366,0.000634684969992587,0.0014005371809793098,2.3469387755102087,0.04999999999999993,0.0014668367346938765
direct_gmax,1.346938775510204,75.55067120039645,0.12480130407740125,0.0006119234134700813,0.0013997306653872497,2.3469387755102082,0.04999999999999993,0.0014668367346938765
direct_gmax,1.346938775510204,83.56340798542078,0.12886584897658168,0.0005988674306853279,0.0013996944793549558,2.3469387755102082,0.049999999999999926,0.0014668367346938765
direct_gmax,1.346938775510204,91.32341583809652,0.13406797248027252,0.0006088112693778518,0.0013994020139184396,2.3469387755102074,0.049999999999999954,0.001466836734693876
direct_gmax,1.346938775510204,98.78231882215668,0.13195909151340734,0.0006144667864763604,0.0014005035814273136,2.346938775510208,0.049999999999999954,0.0014668367346938756
direct_gmax,1.346938775510204,106.36042494983033,0.12923856120310465,0.0006166013032454389,0.0013996308807215129,2.346938775510208,0.04999999999999994,0.001466836734693876
direct_gmax,1.469387755102041,34.51829807374065,0.1290177966575751,0.0006711461272661478,0.0014753830365971028,2.469387755102045,0.049999999999999926,0.0015433673469387734
direct_gmax,1.469387755102041,42.26916675935377,0.13425851361589652,0.0006712513605242104,0.0014735666759982601,2.4693877551020442,0.04999999999999996,0.001543367346938774
direct_gmax,1.469387755102041,49.71748398757011,0.13365475807938992,0.0006666958253947483,0.0014734560006670282,2.4693877551020447,0.04999999999999994,0.0015433673469387738
direct_gmax,1.469387755102041,57.199447326323885,0.13162835071624857,0.000663167636979023,0.0014732509376727946,2.4693877551020447,0.049999999999999954,0.0015433673469387738
direct_gmax,1.469387755102041,64.79659485995592,0.1291447166028193,0.000662176274004201,0.0014722164381382127,2.469387755102045,0.049999999999999926,0.0015433673469387736
direct_gmax,1.469387755102041,72.53984620081773,0.12687891813748695,0.0006628114181894792,0.0014712356409787796,2.469387755102045,0.04999999999999993,0.0015433673469387738
direct_gmax,1.469387755102041,80.42137620343324,0.12658749353674578,0.0006597943316093651,0.0014729060359673094,2.4693877551020456,0.049999999999999926,0.0015433673469387736
direct_gmax,1.469387755102041,88.32105074521347,0.12629260925906147,0.0006580427163421819,0.0014720605705651672,2.469387755102046,0.049999999999999926,0.0015433673469387734
direct_gmax,1.469387755102041,96.23917046628694,0.13354616871718442,0.0006392550732069331,0.0014728704071460734,2.4693877551020447,0.04999999999999995,0.0015433673469387736
direct_gmax,1.469387755102041,103.72721755596224,0.13531101949796218,0.0006354022406925092,0.001470785967753697,2.4693877551020456,0.04999999999999994,0.0015433673469387734
direct_gmax,1.5918367346938775,32.47332756896082,0.13142439922173915,0.0007289037301807742,0.0015452690762497484,2.591836734693876,0.04999999999999994,0.0016198979591836727
direct_gmax,1.5918367346938775,40.08226476724164,0.1322160015523365,0.0007016404085859546,0.001544703061414551,2.5918367346938767,0.049999999999999926,0.0016198979591836727
direct_gmax,1.5918367346938775,47.64564581234274,0.13793965494598776,0.000727328766693854,0.00154534268571176,2.5918367346938758,0.04999999999999994,0.0016198979591836727
direct_gmax,1.5918367346938775,54.895192727561316,0.12781152303050627,0.0007132142883315793,0.0015441700379498786,2.591836734693876,0.049999999999999954,0.0016198979591836723
direct_gmax,1.5918367346938775,62.719213412780114,0.1287147034181037,0.0007034131127742024,0.0015453423530251479,2.5918367346938767,0.049999999999999926,0.0016198979591836727
direct_gmax,1.5918367346938775,70.4883335944248,0.13231303278675108,0.0007360291848965084,0.0015445986665047651,2.591836734693877,0.04999999999999992,0.0016198979591836727
direct_gmax,1.5918367346938775,78.0461680642287,0.14049372196896973,0.0006749443227983843,0.001547105657132826,2.591836734693876,0.04999999999999995,0.0016198979591836727
direct_gmax,1.5918367346938775,85.16392383285205,0.1354281571063247,0.0006949426403682476,0.0015466442359352403,2.5918367346938767,0.04999999999999994,0.0016198979591836727
direct_gmax,1.5918367346938775,92.54791266772115,0.13547841196631338,0.0006733786847736618,0.0015433969250025058,2.591836734693877,0.04999999999999994,0.0016198979591836727
direct_gmax,1.5918367346938775,99.92916245863728,0.13696102562899626,0.0006645378077110752,0.001543527619440242,2.591836734693877,0.04999999999999991,0.0016198979591836727
direct_gmax,1.7142857142857142,32.14922325291413,0.13389221912385332,0.0007302537560251256,0.001618476302600773,2.7142857142857135,0.049999999999999954,0.001696428571428571
direct_gmax,1.7142857142857142,39.617917151212865,0.13045343884002938,0.0007436625343697086,0.0016177774011655291,2.714285714285715,0.04999999999999992,0.00169642857142857
direct_gmax,1.7142857142857142,47.28348740288148,0.13038815212467048,0.0007418009368661118,0.001618797792373244,2.7142857142857153,0.049999999999999926,0.0016964285714285703
direct_gmax,1.7142857142857142,54.952895885976254,0.13372133683012236,0.0007584401199206948,0.0016196806603926339,2.7142857142857144,0.049999999999999954,0.001696428571428571
direct_gmax,1.7142857142857142,62.43113401689163,0.13788211013053836,0.0007323011800093091,0.0016193197167813612,2.7142857142857144,0.04999999999999993,0.0016964285714285705
direct_gmax,1.7142857142857142,69.68370651562451,0.14180890000079016,0.0007302629345723009,0.0016158402109361042,2.714285714285714,0.04999999999999995,0.0016964285714285705
direct_gmax,1.7142857142857142,76.7354500944438,0.13811871283156865,0.0007544670538506339,0.001618730687545547,2.714285714285714,0.04999999999999994,0.0016964285714285705
direct_gmax,1.7142857142857142,83.97559865577212,0.1338529519446148,0.0007583690400556812,0.0016162672757915298,2.714285714285714,0.04999999999999995,0.001696428571428571
direct_gmax,1.7142857142857142,91.44648357442357,0.14103291797738862,0.0007259800979202693,0.0016185359002754307,2.7142857142857135,0.049999999999999954,0.0016964285714285707
direct_gmax,1.7142857142857142,98.53702679186112,0.13149639403419727,0.0007464560573877092,0.0016179431235839085,2.7142857142857144,0.04999999999999995,0.001696428571428571
direct_gmax,1.836734693877551,31.648864408247842,0.13276880556400472,0.0007819117121865348,0.0016922959697380263,2.8367346938775513,0.049999999999999926,0.0017729591836734694
direct_gmax,1.836734693877551,39.18075411496004,0.136094119180488,0.0008009308548365863,0.0016922005933980857,2.8367346938775504,0.04999999999999995,0.0017729591836734698
direct_gmax,1.836734693877551,46.528610187078776,0.13833252186312783,0.0007770403386361478,0.0016912286480230663,2.836734693877551,0.04999999999999994,0.0017729591836734698
direct_gmax,1.836734693877551,53.75756825515653,0.14263460747573198,0.0007912878091542008,0.0016927361502616374,2.836734693877551,0.04999999999999994,0.0017729591836734696
direct_gmax,1.836734693877551,60.768489501391535,0.13570507137771504,0.0007805943390152656,0.0016907692283439993,2.836734693877551,0.04999999999999994,0.0017729591836734698
direct_gmax,1.836734693877551,68.13741086776146,0.136406003960344,0.0007346232792713469,0.001691243236721191,2.8367346938775504,0.049999999999999954,0.0017729591836734698
direct_gmax,1.836734693877551,75.46846647357424,0.14065091765179535,0.0007336503075520839,0.0016919107916636307,2.836734693877551,0.049999999999999954,0.0017729591836734698
direct_gmax,1.836734693877551,82.57826722493276,0.14462053090571428,0.0007079161435254126,0.0016877330379255178,2.8367346938775504,0.049999999999999926,0.0017729591836734698
direct_gmax,1.836734693877551,89.49291477695947,0.1392027531702497,0.0007339621329383677,0.0016935788939575513,2.836734693877551,0.04999999999999996,0.0017729591836734696
direct_gmax,1.836734693877551,96.67668073866402,0.1395557037056082,0.0007119787425396701,0.0016899327774743686,2.8367346938775513,0.04999999999999993,0.0017729591836734698
direct_gmax,1.9591836734693877,31.07020096689609,0.13200845774346373,0.0008158700618104875,0.0017666998944511905,2.959183673469389,0.04999999999999996,0.0018494897959183683
direct_gmax,1.9591836734693877,38.64547316607087,0.13977373987321748,0.0008029772659156457,0.0017661426337460741,2.9591836734693886,0.049999999999999926,0.001849489795918367
direct_gmax,1.9591836734693877,45.799892879724204,0.13543599719690766,0.0008159566027188504,0.0017638930647427206,2.9591836734693886,0.04999999999999994,0.0018494897959183674
direct_gmax,1.9591836734693877,53.183454271797245,0.14070716932890495,0.0007515561525539533,0.0017661874284039835,2.9591836734693886,0.04999999999999995,0.0018494897959183678
direct_gmax,1.9591836734693877,60.290412678887975,0.14326156655970332,0.000783859646220146,0.0017636704668572297,2.9591836734693886,0.049999999999999954,0.0018494897959183678
direct_gmax,1.9591836734693877,67.27065185966823,0.13785620667429366,0.0007681428998561094,0.0017659394468084785,2.9591836734693886,0.049999999999999926,0.0018494897959183674
direct_gmax,1.9591836734693877,74.52458713124184,0.14452862120336693,0.0007332922865123052,0.0017638829516815392,2.959183673469388,0.04999999999999993,0.0018494897959183665
direct_gmax,1.9591836734693877,81.4436318967274,0.142776324451664,0.0008011826258522206,0.0017623941461515841,2.959183673469388,0.04999999999999994,0.0018494897959183672
direct_gmax,1.9591836734693877,88.44759424020783,0.14214982661338676,0.000746027355076176,0.0017649644625880917,2.959183673469388,0.049999999999999926,0.0018494897959183665
direct_gmax,1.9591836734693877,95.482425191636,0.13713872202304672,0.0007681132590764874,0.0017617848928811665,2.959183673469388,0.04999999999999992,0.0018494897959183668
direct_gmax,2.0816326530612246,29.77027176394083,0.14233181852878643,0.0008557071398107563,0.0018398424349318758,3.081632653061225,0.049999999999999926,0.001926020408163267
direct_gmax,2.0816326530612246,36.796107661609426,0.14778325768426206,0.000833424426636673,0.0018364099006040189,3.081632653061225,0.04999999999999994,0.0019260204081632665
direct_gmax,2.0816326530612246,43.56277403281971,0.14645612578151335,0.0008323318809043248,0.0018375829617211866,3.081632653061225,0.04999999999999996,0.0019260204081632667
direct_gmax,2.0816326530612246,50.390757462422535,0.1460277861964746,0.0008335268415932252,0.0018383060522558484,3.081632653061225,0.049999999999999954,0.0019260204081632667
direct_gmax,2.0816326530612246,57.238769241869356,0.14800615462891878,0.0008557190402013926,0.0018363699596576591,3.0816326530612255,0.04999999999999994,0.0019260204081632665
direct_gmax,2.0816326530612246,63.9952450283473,0.14206525755097943,0.0008324967807300929,0.0018369972575358285,3.081632653061225,0.049999999999999926,0.001926020408163267
direct_gmax,2.0816326530612246,71.03426369651925,0.14102255271563666,0.0008157837858585736,0.0018380502066999414,3.0816326530612255,0.049999999999999954,0.0019260204081632667
direct_gmax,2.0816326530612246,78.12532807411876,0.14769008470253805,0.0007928701493633732,0.0018375328113265084,3.0816326530612255,0.04999999999999993,0.0019260204081632665
direct_gmax,2.0816326530612246,84.89626332013812,0.1420277664261791,0.000770776566944699,0.001837466639757307,3.081632653061225,0.049999999999999926,0.001926020408163267
direct_gmax,2.0816326530612246,91.93714008080846,0.13788535577097344,0.000792732503305312,0.0018377013430105023,3.081632653061226,0.04999999999999993,0.0019260204081632667
direct_gmax,2.204081632653061,29.210414226577203,0.1438013027398817,0.0009025695822659672,0.0019109849088452789,3.204081632653062,0.049999999999999954,0.0020025510204081656
direct_gmax,2.204081632653061,36.164454147960065,0.1465649794704829,0.0008625454886029462,0.001910955856001997,3.2040816326530615,0.04999999999999997,0.002002551020408166
direct_gmax,2.204081632653061,42.98736643991991,0.1495575596909738,0.0008229327685415719,0.0019075038765471212,3.2040816326530615,0.049999999999999975,0.0020025510204081656
direct_gmax,2.204081632653061,49.67375529292252,0.14564214653801064,0.0008563876349535675,0.0019099089616823658,3.2040816326530615,0.04999999999999994,0.0020025510204081665
direct_gmax,2.204081632653061,56.53989963211635,0.1489761619107225,0.0008735888203390554,0.0019110962893167387,3.2040816326530615,0.049999999999999954,0.0020025510204081656
direct_gmax,2.204081632653061,63.25238293934019,0.1418389977104758,0.0008608660708648839,0.0019086904102732527,3.2040816326530615,0.04999999999999993,0.0020025510204081665
direct_gmax,2.204081632653061,70.30263016430449,0.14001618101057103,0.0008526254611509909,0.001908178304659524,3.2040816326530615,0.04999999999999994,0.0020025510204081665
direct_gmax,2.204081632653061,77.44466184080409,0.1397054253355752,0.0008444819046903239,0.0019101776514619138,3.2040816326530615,0.04999999999999993,0.0020025510204081665
direct_gmax,2.204081632653061,84.60257999321642,0.1481338722409436,0.0008094718004239315,0.0019126983517636104,3.204081632653061,0.04999999999999995,0.0020025510204081665
direct_gmax,2.204081632653061,91.353230501923,0.14978021765642957,0.0008372315709938153,0.0019088562288896455,3.204081632653062,0.049999999999999975,0.0020025510204081656
direct_gmax,2.326530612244898,29.07346367350813,0.15438834091793582,0.0009216725672423998,0.001983779982676774,3.326530612244898,0.04999999999999996,0.0020790816326530614
direct_gmax,2.326530612244898,35.55063671685046,0.14754259356766028,0.0009339068125494605,0.0019819468330119247,3.326530612244898,0.049999999999999926,0.0020790816326530614
direct_gmax,2.326530612244898,42.32834053660485,0.1450586721884062,0.0009140706037610737,0.0019843050226453353,3.3265306122448988,0.04999999999999994,0.002079081632653062
direct_gmax,2.326530612244898,49.222102797858504,0.14369580358620115,0.0008989790594843654,0.0019830720329459817,3.326530612244899,0.04999999999999996,0.002079081632653062
direct_gmax,2.326530612244898,56.18124826378795,0.14210281842226266,0.0008893775727265433,0.001982810339917781,3.3265306122448983,0.04999999999999993,0.0020790816326530614
direct_gmax,2.326530612244898,63.21840636594797,0.14167688294008657,0.0008844393433889264,0.0019829529214066594,3.3265306122449,0.04999999999999996,0.0020790816326530623
direct_gmax,2.326530612244898,70.27672088591724,0.13996485513596313,0.0008748523533981891,0.0019841114542591275,3.326530612244899,0.04999999999999993,0.002079081632653062
direct_gmax,2.326530612244898,77.42137158432715,0.14419886884184968,0.0009002529441278012,0.0019821707500376714,3.326530612244899,0.04999999999999997,0.0020790816326530623
direct_gmax,2.326530612244898,84.35623874404635,0.1482369304475758,0.0008686235989491336,0.0019834429132154284,3.3265306122448983,0.04999999999999994,0.002079081632653062
direct_gmax,2.326530612244898,91.1021960232525,0.15178887561207077,0.0008554747604823269,0.0019807865771620894,3.3265306122448988,0.04999999999999996,0.0020790816326530623
direct_gmax,2.4489795918367347,27.959806615508096,0.14684973020551495,0.0009532560373503627,0.0020559716572313472,3.448979591836736,0.04999999999999997,0.0021556122448979616
direct_gmax,2.4489795918367347,34.76948885735157,0.15756052552066463,0.0009107100727024951,0.002058549440689973,3.4489795918367347,0.04999999999999996,0.0021556122448979616
direct_gmax,2.4489795918367347,41.116256213549846,0.15359326467383824,0.0009219636728207717,0.002057308909815973,3.4489795918367343,0.04999999999999995,0.0021556122448979616
direct_gmax,2.4489795918367347,47.62695837307189,0.15283733015309137,0.0009239382091730503,0.002056257392197302,3.4489795918367356,0.04999999999999997,0.0021556122448979616
direct_gmax,2.4489795918367347,54.169862511729235,0.15081848546903834,0.0009167185097777988,0.002056726344141714,3.4489795918367347,0.04999999999999994,0.002155612244897962
direct_gmax,2.4489795918367347,60.80034946357766,0.1510488766486134,0.0009146318798478008,0.0020567168768038627,3.448979591836735,0.04999999999999995,0.0021556122448979616
direct_gmax,2.4489795918367347,67.42072309486464,0.1505607673077285,0.0009095457586939487,0.002058086591664656,3.4489795918367343,0.04999999999999993,0.002155612244897962
direct_gmax,2.4489795918367347,74.0625595963758,0.1525861249793002,0.00085860662244227,0.0020543894814552847,3.4489795918367356,0.049999999999999975,0.002155612244897961
direct_gmax,2.4489795918367347,80.61623543115869,0.14712214114062172,0.0009023122432569795,0.0020567704726479705,3.4489795918367356,0.049999999999999954,0.0021556122448979616
direct_gmax,2.4489795918367347,87.4133088848694,0.14968301321644242,0.0009039604358747094,0.0020550801719553227,3.448979591836736,0.04999999999999997,0.002155612244897961
direct_gmax,2.5714285714285716,27.94289860488301,0.1462262300122741,0.0009765335780411107,0.002130400605438825,3.571428571428574,0.04999999999999996,0.002232142857142859
direct_gmax,2.5714285714285716,34.781616938222115,0.14561789907981507,0.0009718519456101438,0.0021285720725327056,3.571428571428573,0.04999999999999995,0.002232142857142859
direct_gmax,2.5714285714285716,41.64890458842978,0.1449534472842858,0.0009686700468653716,0.0021308961923904046,3.571428571428572,0.04999999999999993,0.002232142857142859
direct_gmax,2.5714285714285716,48.547671183740746,0.15006223842601357,0.0009972352678899717,0.002131006135704214,3.5714285714285716,0.04999999999999993,0.0022321428571428583
direct_gmax,2.5714285714285716,55.21157284540387,0.15123389131686166,0.0009509646840376788,0.002130385395162579,3.5714285714285725,0.049999999999999954,0.0022321428571428588
direct_gmax,2.5714285714285716,61.82384732497025,0.14885765217039595,0.0010315533768231809,0.002127812440586401,3.571428571428574,0.04999999999999996,0.0022321428571428596
direct_gmax,2.5714285714285716,68.54167462789795,0.15327689125082086,0.0009786774799444243,0.0021287530207375546,3.571428571428572,0.04999999999999994,0.0022321428571428583
direct_gmax,2.5714285714285716,75.0658152980242,0.14545098261520664,0.0009533824950246592,0.002129584228634864,3.5714285714285725,0.04999999999999994,0.002232142857142859
direct_gmax,2.5714285714285716,81.9409837019773,0.15046881160329906,0.0008701068086812263,0.002130927095633855,3.571428571428572,0.04999999999999994,0.0022321428571428583
direct_gmax,2.5714285714285716,88.58687921576944,0.15406644949027676,0.0009247012490326508,0.0021264157902173117,3.5714285714285725,0.04999999999999995,0.0022321428571428588
direct_gmax,2.693877551020408,27.84761648297416,0.1472688182827006,0.001015011438026276,0.002201290618973172,3.6938775510204094,0.04999999999999993,0.002308673469387759
direct_gmax,2.693877551020408,34.63792017156883,0.15461642789273033,0.0009803638264977961,0.0022055662218532163,3.6938775510204103,0.04999999999999996,0.0023086734693877585
direct_gmax,2.693877551020408,41.105538222438426,0.15366452716416074,0.0009882508495702338,0.00220306334896657,3.693877551020409,0.04999999999999995,0.0023086734693877585
direct_gmax,2.693877551020408,47.61322101985916,0.15788896633797095,0.0010108802272703853,0.0022037371913025835,3.69387755102041,0.04999999999999997,0.002308673469387758
direct_gmax,2.693877551020408,53.94678582298441,0.15635957409928164,0.0010242648434434128,0.002202400810776436,3.693877551020408,0.04999999999999994,0.0023086734693877585
direct_gmax,2.693877551020408,60.34230081309971,0.1524826445937104,0.0010150492571278028,0.002201357263518098,3.693877551020411,0.04999999999999998,0.002308673469387758
direct_gmax,2.693877551020408,66.90042421569741,0.15397454105188255,0.0009682521237772162,0.0022013135161527545,3.6938775510204094,0.049999999999999954,0.0023086734693877585
direct_gmax,2.693877551020408,73.39500437920019,0.15479929457248878,0.00094598238245812,0.0021979760092218667,3.6938775510204103,0.04999999999999997,0.002308673469387758
direct_gmax,2.693877551020408,79.85498213789549,0.1554363797526708,0.0009891057160647384,0.002195108537557723,3.693877551020411,0.049999999999999975,0.0023086734693877585
direct_gmax,2.693877551020408,86.28848246511099,0.1566838663304143,0.0009744832603415149,0.002198023038296511,3.693877551020409,0.04999999999999995,0.0023086734693877585
direct_gmax,2.816326530612245,27.57705182024151,0.1569527921376315,0.001005950835317001,0.002277886276367187,3.8163265306122467,0.04999999999999995,0.0023852040816326496
direct_gmax,2.816326530612245,33.94839435184237,0.1539112756863352,0.0010307506238671795,0.002274243541669936,3.8163265306122467,0.04999999999999995,0.0023852040816326496
direct_gmax,2.816326530612245,40.44564411824648,0.15350571667590193,0.001043096366332364,0.0022742856285218795,3.8163265306122462,0.04999999999999994,0.0023852040816326496
direct_gmax,2.816326530612245,46.96005948761874,0.16165017503463594,0.0010093664724090767,0.002271668916723989,3.816326530612248,0.049999999999999975,0.0023852040816326504
direct_gmax,2.816326530612245,53.146257552580536,0.15042567123165757,0.0010028440622265715,0.0022714701783644094,3.8163265306122462,0.04999999999999993,0.002385204081632649
direct_gmax,2.816326530612245,59.79405903361888,0.1525814066398578,0.0010231003082636582,0.0022746856869803244,3.8163265306122494,0.049999999999999975,0.0023852040816326504
direct_gmax,2.816326530612245,66.3479375304945,0.15063439235170087,0.0010176490637650458,0.002274524222652261,3.8163265306122467,0.04999999999999994,0.002385204081632649
direct_gmax,2.816326530612245,72.98652772485863,0.14880234719511568,0.0010407591807854097,0.0022768162091463926,3.816326530612248,0.04999999999999996,0.0023852040816326504
direct_gmax,2.816326530612245,79.70685182491304,0.1599594745916184,0.0010047975728774753,0.002274939258795919,3.8163265306122462,0.04999999999999995,0.0023852040816326496
direct_gmax,2.816326530612245,85.95843524973381,0.16082912438960223,0.0009624618966922506,0.002269478965468374,3.816326530612247,0.04999999999999996,0.00238520408163265
direct_gmax,2.938775510204082,26.835830058766078,0.15562772265016822,0.001081331776969987,0.0023482186346589235,3.938775510204086,0.049999999999999975,0.0024617346938775493
direct_gmax,2.938775510204082,33.26142045468722,0.15853731342450902,0.001009297348275695,0.0023477336088284814,3.938775510204086,0.049999999999999975,0.0024617346938775493
direct_gmax,2.938775510204082,39.56908379525576,0.15404954120392,0.0010649756847605984,0.002350058320463667,3.9387755102040836,0.049999999999999954,0.0024617346938775493
direct_gmax,2.938775510204082,46.06050202464386,0.15800017105908612,0.0010476522379845882,0.0023465041031079737,3.938775510204085,0.04999999999999997,0.0024617346938775493
direct_gmax,2.938775510204082,52.389609096471254,0.16282397120421385,0.0010508536565673329,0.0023482543870101884,3.9387755102040813,0.04999999999999995,0.0024617346938775493
direct_gmax,2.938775510204082,58.531210929445834,0.15300480830630508,0.0010097189103431055,0.002349468939391673,3.9387755102040827,0.04999999999999993,0.0024617346938775493
direct_gmax,2.938775510204082,65.06695324414531,0.1522929979927694,0.0010038660950404499,0.002347724221779416,3.9387755102040862,0.049999999999999975,0.0024617346938775493
direct_gmax,2.938775510204082,71.63324331118751,0.15437271382210674,0.001035356059359476,0.0023430974007143664,3.938775510204084,0.04999999999999996,0.0024617346938775493
direct_gmax,2.938775510204082,78.11107203649166,0.15844847016732633,0.0010382048233159773,0.0023465060021729783,3.9387755102040853,0.049999999999999975,0.0024617346938775493
direct_gmax,2.938775510204082,84.42227213166437,0.1570494615715043,0.0010236673493232826,0.0023411450600262207,3.938775510204083,0.049999999999999954,0.0024617346938775493
direct_gmax,3.061224489795918,26.634755796359496,0.15963028802038357,0.0011433603546770997,0.002422418042605846,4.061224489795918,0.04999999999999994,0.002538265306122449
direct_gmax,3.061224489795918,32.899231118688725,0.15817668830906514,0.0011568500631196387,0.0024176847507381893,4.061224489795914,0.04999999999999997,0.002538265306122447
direct_gmax,3.061224489795918,39.22127522449322,0.1567423508901505,0.0011514576584139423,0.0024193074311511954,4.061224489795917,0.04999999999999995,0.002538265306122446
direct_gmax,3.061224489795918,45.60117187859424,0.16127460997672707,0.0010695757581374293,0.0024219761465545816,4.061224489795915,0.049999999999999975,0.002538265306122448
direct_gmax,3.061224489795918,51.801775929934415,0.14968305667754275,0.0010960548990783553,0.002419744426972265,4.061224489795913,0.04999999999999997,0.0025382653061224473
direct_gmax,3.061224489795918,58.48255879338346,0.16023481635342496,0.001098004988889896,0.002415396279177875,4.061224489795917,0.049999999999999954,0.0025382653061224486
direct_gmax,3.061224489795918,64.723399721452,0.16450776781948614,0.0009611825476627386,0.0024185817473952294,4.061224489795916,0.049999999999999975,0.002538265306122448
direct_gmax,3.061224489795918,70.80214003417265,0.15891506739504246,0.0009917211064996501,0.002418627504601337,4.061224489795913,0.04999999999999999,0.0025382653061224473
direct_gmax,3.061224489795918,77.09480954872616,0.15388751382579727,0.00103077866257899,0.0024190741281595075,4.061224489795916,0.04999999999999995,0.002538265306122446
direct_gmax,3.061224489795918,83.59306255924665,0.1532697005357016,0.0010422818143506756,0.002417982749999782,4.061224489795918,0.04999999999999994,0.002538265306122446
direct_gmax,3.183673469387755,26.85483370750295,0.16008947664796705,0.0011826002439856574,0.0024947857919615487,4.183673469387753,0.049999999999999954,0.0026147959183673475
direct_gmax,3.183673469387755,33.10134047945634,0.168227155244874,0.0011435707267629593,0.002492931401327748,4.183673469387752,0.04999999999999998,0.0026147959183673445
direct_gmax,3.183673469387755,39.04568399845828,0.1662422134508338,0.0011551844782085807,0.002494368454493416,4.183673469387754,0.04999999999999995,0.002614795918367344
direct_gmax,3.183673469387755,45.06100332826106,0.16812522552570985,0.0011001268822155436,0.002490388103631835,4.183673469387752,0.049999999999999975,0.002614795918367344
direct_gmax,3.183673469387755,51.00895073991868,0.16047666248755482,0.0010425539136228422,0.002489401539042682,4.183673469387752,0.04999999999999996,0.002614795918367347
direct_gmax,3.183673469387755,57.24038641722504,0.1566036704388906,0.0011160919341467652,0.002490977684874435,4.183673469387753,0.04999999999999995,0.002614795918367348
direct_gmax,3.183673469387755,63.62593279169662,0.15641497980538419,0.0010857178032982924,0.0024941540552361834,4.183673469387753,0.04999999999999993,0.0026147959183673484
direct_gmax,3.183673469387755,70.01918234646578,0.16041788073007573,0.0010960828280905661,0.002491821344162183,4.183673469387752,0.049999999999999954,0.002614795918367347
direct_gmax,3.183673469387755,76.25290140227747,0.1616158508737315,0.000967178580617395,0.002489209321950337,4.1836734693877515,0.049999999999999975,0.0026147959183673453
direct_gmax,3.183673469387755,82.44041329912284,0.15883475404957262,0.0010798564044219678,0.0024969365101856563,4.183673469387751,0.04999999999999998,0.0026147959183673453
direct_gmax,3.306122448979592,26.221957214569564,0.16498822941993088,0.0011435648763269473,0.0025679599043189473,4.306122448979588,0.04999999999999998,0.0026913265306122433
direct_gmax,3.306122448979592,32.28299565055873,0.15743784964189794,0.0011083155699789452,0.0025676967774616736,4.306122448979589,0.04999999999999996,0.002691326530612244
direct_gmax,3.306122448979592,38.63470842022982,0.1545353360421484,0.0011641702489832283,0.002565732348541221,4.306122448979588,0.04999999999999997,0.002691326530612245
direct_gmax,3.306122448979592,45.10572032994125,0.16061865670932107,0.00113491153329248,0.0025704668403012908,4.30612244897959,0.049999999999999954,0.0026913265306122446
direct_gmax,3.306122448979592,51.33164713376047,0.1648113234768054,0.0010900954271982593,0.0025629683808794405,4.306122448979589,0.049999999999999975,0.002691326530612244
direct_gmax,3.306122448979592,57.39919139530955,0.16065090095767712,0.0011315537915768206,0.0025680716241691017,4.30612244897959,0.04999999999999996,0.0026913265306122446
direct_gmax,3.306122448979592,63.62386859312649,0.15843419104064224,0.0011161367747450216,0.0025688508954778075,4.306122448979588,0.049999999999999975,0.0026913265306122438
direct_gmax,3.306122448979592,69.93563749497594,0.1583708702646162,0.0010693133825477594,0.002564519507559654,4.306122448979588,0.04999999999999997,0.0026913265306122433
direct_gmax,3.306122448979592,76.24993000551866,0.15510501067140206,0.0011017387189254215,0.002567935193138187,4.306122448979588,0.04999999999999997,0.002691326530612244
direct_gmax,3.306122448979592,82.69717497633751,0.162061648845424,0.0010688875114160672,0.002561405750283405,4.306122448979589,0.04999999999999998,0.0026913265306122433
direct_gmax,3.4285714285714284,25.92877371790483,0.1584141704656881,0.0012644676109363308,0.002639053955690831,4.428571428571424,0.049999999999999975,0.0027678571428571427
direct_gmax,3.4285714285714284,32.24134030876165,0.1660555083793694,0.0012219095476489383,0.0026389983146622347,4.428571428571428,0.04999999999999995,0.0027678571428571405
direct_gmax,3.4285714285714284,38.26342298316114,0.16356244804973516,0.0012161243601735104,0.0026384968343952254,4.428571428571427,0.049999999999999954,0.0027678571428571414
direct_gmax,3.4285714285714284,44.377295769510766,0.16297712234337147,0.001186967820497662,0.0026387913912339633,4.428571428571427,0.04999999999999995,0.0027678571428571414
direct_gmax,3.4285714285714284,50.51312628131187,0.16492210567627627,0.0012106877403405788,0.002642777576681212,4.428571428571425,0.04999999999999998,0.002767857142857142
direct_gmax,3.4285714285714284,56.57659482544317,0.17019312526594466,0.0011799260470904845,0.0026315714654113294,4.428571428571427,0.049999999999999954,0.0027678571428571405
direct_gmax,3.4285714285714284,62.452272814418315,0.15812984930819254,0.0012138661450239242,0.0026394148553765167,4.428571428571425,0.04999999999999997,0.0027678571428571422
direct_gmax,3.4285714285714284,68.77618954724853,0.16538314711998683,0.0011308859026939126,0.002635173304859176,4.428571428571424,0.049999999999999996,0.0027678571428571422
direct_gmax,3.4285714285714284,74.82275485583159,0.16222446720827724,0.0011080083569642027,0.0026375886416421003,4.428571428571425,0.04999999999999999,0.0027678571428571422
direct_gmax,3.4285714285714284,80.98705311002846,0.15887148883087007,0.0011101536432661678,0.002637509235231597,4.428571428571424,0.04999999999999999,0.0027678571428571422
direct_gmax,3.5510204081632653,25.554734255255035,0.15934987143571164,0.0012977877595919248,0.002713853716240891,4.5510204081632635,0.04999999999999994,0.002844387755102038
direct_gmax,3.5510204081632653,31.830233513523602,0.1636044004197999,0.0012167785973771282,0.0027145677435707898,4.551020408163263,0.049999999999999954,0.002844387755102039
direct_gmax,3.5510204081632653,37.942538545870256,0.16652746747166872,0.001236053166065738,0.002713925438348942,4.5510204081632635,0.049999999999999954,0.0028443877551020385
direct_gmax,3.5510204081632653,43.947553905694484,0.16907121993739663,0.0011007359244267715,0.002711008718472628,4.551020408163262,0.04999999999999999,0.0028443877551020402
direct_gmax,3.5510204081632653,49.86222111144528,0.16408937473568547,0.0011295705687885283,0.002713142935596305,4.551020408163263,0.04999999999999997,0.002844387755102039
direct_gmax,3.5510204081632653,55.95646092198022,0.16982849691015675,0.0011858473326305519,0.0027063773796632915,4.5510204081632635,0.04999999999999995,0.0028443877551020376
direct_gmax,3.5510204081632653,61.844754219005765,0.16752840536357283,0.0011165315461989457,0.0027081080853105944,4.551020408163263,0.04999999999999997,0.0028443877551020394
direct_gmax,3.5510204081632653,67.81389120105835,0.16022058450345833,0.00116935429711206,0.002707777664707126,4.551020408163263,0.04999999999999995,0.002844387755102039
direct_gmax,3.5510204081632653,74.05528648181527,0.15945373826740486,0.0012023157777544342,0.002712105177523947,4.551020408163263,0.04999999999999994,0.002844387755102038
direct_gmax,3.5510204081632653,80.32669793234517,0.15855014147797108,0.001148104704543908,0.0027070976009348565,4.551020408163262,0.049999999999999975,0.0028443877551020407
direct_gmax,3.673469387755102,24.835870458933073,0.16317890287548623,0.0012489643382672761,0.0027898366114174874,4.6734693877551,0.04999999999999995,0.0029209183673469404
direct_gmax,3.673469387755102,30.96411364710459,0.16330209752967245,0.0012468204482749903,0.002788920516785458,4.6734693877551,0.04999999999999995,0.00292091836734694
direct_gmax,3.673469387755102,37.0877337054342,0.16333966456687668,0.0012459041746150541,0.0027869892174504926,4.6734693877551,0.04999999999999995,0.00292091836734694
direct_gmax,3.673469387755102,43.20994537185137,0.16678551246460574,0.0011836807212303444,0.002783800313796117,4.6734693877551,0.049999999999999954,0.00292091836734694
direct_gmax,3.673469387755102,49.20566997180554,0.16684930271170365,0.0012254158882514837,0.0027811936567215157,4.6734693877551,0.04999999999999995,0.0029209183673469404
direct_gmax,3.673469387755102,55.199102271177416,0.15840995744761907,0.0012123258694709711,0.0027782243830199557,4.673469387755099,0.049999999999999975,0.0029209183673469374
direct_gmax,3.673469387755102,61.511836748936915,0.1634248632700006,0.0011997046149498734,0.0027811396144042963,4.6734693877551,0.049999999999999954,0.0029209183673469395
direct_gmax,3.673469387755102,67.63085670704366,0.1629610910292747,0.001199362420170957,0.0027824752407801896,4.673469387755101,0.04999999999999995,0.00292091836734694
direct_gmax,3.673469387755102,73.76729083180267,0.16263781612407133,0.0012240392537797556,0.0027807754478478062,4.673469387755101,0.04999999999999994,0.0029209183673469404
direct_gmax,3.673469387755102,79.91592233603494,0.16926830690266773,0.001147464097014926,0.0027799660174805166,4.673469387755099,0.049999999999999996,0.002920918367346938
direct_gmax,3.795918367346939,25.325597697027614,0.1675419644917228,0.0013121751385514135,0.002861101760782728,4.795918367346936,0.04999999999999996,0.002997448979591837
direct_gmax,3.795918367346939,31.294251598357533,0.16288390786715337,0.0012944245430501005,0.0028610709015223115,4.795918367346936,0.04999999999999994,0.002997448979591838
direct_gmax,3.795918367346939,37.433593495873836,0.1716133145485222,0.0012879302235435076,0.0028590477860524263,4.795918367346936,0.049999999999999975,0.0029974489795918375
direct_gmax,3.795918367346939,43.26064719873358,0.16427464112187967,0.0012928551410705358,0.0028540049138016757,4.795918367346936,0.04999999999999997,0.0029974489795918375
direct_gmax,3.795918367346939,49.3480140203605,0.16883659273708163,0.0012264721656105137,0.0028557802314638915,4.795918367346935,0.04999999999999998,0.002997448979591837
direct_gmax,3.795918367346939,55.2709006635258,0.17137971109912778,0.001172465937231252,0.0028568920781931267,4.795918367346936,0.04999999999999997,0.0029974489795918375
direct_gmax,3.795918367346939,61.105897079301,0.15909727712184973,0.0012372060546205666,0.002854321889141209,4.795918367346935,0.049999999999999975,0.0029974489795918375
direct_gmax,3.795918367346939,67.39135977288386,0.15786799028435575,0.0012616474230590271,0.002859253785526597,4.795918367346936,0.04999999999999997,0.0029974489795918375
direct_gmax,3.795918367346939,73.72576612213031,0.1686597540126818,0.0011634870715159372,0.002852084856853382,4.795918367346936,0.04999999999999998,0.002997448979591837
direct_gmax,3.795918367346939,79.65486287585146,0.16556239664041933,0.0011688695709392285,0.002850248950790481,4.795918367346935,0.04999999999999999,0.0029974489795918375
direct_gmax,3.9183673469387754,24.422723928897067,0.17181370112850744,0.001274524444758928,0.0029286242826332396,4.918367346938773,0.04999999999999998,0.003073979591836734
direct_gmax,3.9183673469387754,30.2429815301931,0.1682862239868101,0.0012980068917009377,0.00292906378415133,4.918367346938773,0.04999999999999998,0.0030739795918367347
direct_gmax,3.9183673469387754,36.18523857482426,0.16696457269471837,0.0012912083171471253,0.0029299852236141376,4.918367346938773,0.04999999999999996,0.003073979591836734
direct_gmax,3.9183673469387754,42.17453309317949,0.16680706738755158,0.001302110152706034,0.002929100048856857,4.918367346938772,0.04999999999999995,0.003073979591836733
direct_gmax,3.9183673469387754,48.16948292151409,0.17068879093002093,0.0013393087022247777,0.0029232856470595113,4.918367346938773,0.04999999999999996,0.003073979591836733
direct_gmax,3.9183673469387754,54.02809844366622,0.17258478234351723,0.0013252713984813862,0.00292985577713747,4.918367346938773,0.04999999999999999,0.003073979591836734
direct_gmax,3.9183673469387754,59.822352064530506,0.1705820091468325,0.001215195577855399,0.00292864332354469,4.918367346938774,0.04999999999999997,0.0030739795918367334
direct_gmax,3.9183673469387754,65.68463499226426,0.16123631698225,0.0013266855266141084,0.0029237488604978486,4.918367346938773,0.04999999999999997,0.0030739795918367334
direct_gmax,3.9183673469387754,71.88671166280795,0.1670480887322137,0.0012930378066859708,0.002928227798830889,4.918367346938772,0.049999999999999954,0.0030739795918367334
direct_gmax,3.9183673469387754,77.87301182098007,0.16652131004011142,0.001262679882741454,0.0029258737190111096,4.918367346938773,0.049999999999999954,0.0030739795918367334
direct_gmax,4.040816326530612,24.767721502902543,0.16673625848614546,0.0013717975873637535,0.003004409664415627,5.040816326530609,0.04999999999999996,0.003150510204081631
direct_gmax,4.040816326530612,30.7652172430573,0.1756759787493247,0.0013505958121078586,0.003001898591948508,5.040816326530609,0.04999999999999998,0.0031505102040816327
direct_gmax,4.040816326530612,36.45751511507837,0.17242735287133268,0.0012616171767163681,0.002996818649203018,5.040816326530609,0.04999999999999999,0.0031505102040816336
direct_gmax,4.040816326530612,42.25705900035864,0.17742260461989842,0.0012692411319387658,0.003002221428994975,5.04081632653061,0.049999999999999954,0.00315051020408163
direct_gmax,4.040816326530612,47.89331939763074,0.1634501609402843,0.0012667628613274578,0.0030041347570052743,5.040816326530609,0.04999999999999996,0.0031505102040816314
direct_gmax,4.040816326530612,54.01139229671675,0.17073294488082555,0.0013071317898526828,0.003006149629871692,5.040816326530609,0.049999999999999954,0.0031505102040816314
direct_gmax,4.040816326530612,59.86849269815372,0.16602101401907396,0.0013118230978319608,0.003002537246942906,5.040816326530609,0.04999999999999995,0.00315051020408163
direct_gmax,4.040816326530612,65.8918265869897,0.16948471961649134,0.0013122759878135414,0.003004328721194919,5.040816326530609,0.04999999999999998,0.0031505102040816336
direct_gmax,4.040816326530612,71.79206350665297,0.16945061592196126,0.001276382618394027,0.002997086662947793,5.040816326530609,0.04999999999999997,0.0031505102040816323
direct_gmax,4.040816326530612,77.69348791021217,0.16919815561540066,0.0012757508387152396,0.002997584135078728,5.040816326530609,0.05,0.0031505102040816344
direct_gmax,4.163265306122449,24.51511999206545,0.1692775014017548,0.001385766003456104,0.003069027619717925,5.1632653061224465,0.049999999999999996,0.00322704081632653
direct_gmax,4.163265306122449,30.422579587813203,0.16264226327639256,0.0013576632964205414,0.0030734890645919863,5.163265306122445,0.04999999999999994,0.0032270408163265316
direct_gmax,4.163265306122449,36.571042969072295,0.1767577406873389,0.0013676612100933846,0.003080746042148624,5.163265306122446,0.049999999999999996,0.0032270408163265294
direct_gmax,4.163265306122449,42.22850383110531,0.17424124545526043,0.001383410223890529,0.003075566158420493,5.163265306122446,0.049999999999999954,0.003227040816326531
direct_gmax,4.163265306122449,47.967673092592065,0.1634189875240273,0.00134727744741999,0.00307779031789336,5.163265306122445,0.049999999999999954,0.0032270408163265307
direct_gmax,4.163265306122449,54.086913060670874,0.17109130518213114,0.0013524177370019613,0.0030760687784341647,5.163265306122446,0.04999999999999997,0.003227040816326531
direct_gmax,4.163265306122449,59.93174543795313,0.172714910427244,0.0013245103631012811,0.003071260542128067,5.163265306122446,0.05,0.00322704081632653
direct_gmax,4.163265306122449,65.72163351146285,0.17079739855842657,0.0013111102582939885,0.00306942350123687,5.163265306122446,0.04999999999999996,0.003227040816326531
direct_gmax,4.163265306122449,71.5765236236089,0.1704318974753212,0.001328319478699918,0.0030738018180688845,5.163265306122446,0.049999999999999954,0.0032270408163265307
direct_gmax,4.163265306122449,77.4439698869752,0.1663901849577349,0.0012497524890442062,0.003070739114282681,5.163265306122446,0.04999999999999994,0.0032270408163265307
direct_gmax,4.285714285714286,24.496463301687612,0.1816715071534968,0.0013601487251918936,0.0031466857356737105,5.285714285714283,0.049999999999999954,0.0033035714285714305
direct_gmax,4.285714285714286,30.000903792485577,0.17615653358079764,0.0014452641531499284,0.0031496639458259913,5.285714285714284,0.04999999999999999,0.003303571428571431
direct_gmax,4.285714285714286,35.677673082120414,0.17369453847206504,0.0013164959873461684,0.0031437733800484626,5.285714285714283,0.049999999999999954,0.0033035714285714305
direct_gmax,4.285714285714286,41.43490649197128,0.18015993354710902,0.0013399104150855405,0.0031450487715447657,5.285714285714284,0.05,0.0033035714285714313
direct_gmax,4.285714285714286,46.9855302089728,0.17665788409750868,0.0013404080262371153,0.003141676632814603,5.285714285714284,0.05,0.003303571428571431
direct_gmax,4.285714285714286,52.646188973843074,0.17380911346407116,0.0013332528927762037,0.0031458982382608016,5.285714285714283,0.049999999999999954,0.0033035714285714305
direct_gmax,4.285714285714286,58.399627214621596,0.1661705486906671,0.0013509894527182324,0.0031502723643756694,5.285714285714282,0.04999999999999994,0.0033035714285714305
direct_gmax,4.285714285714286,64.41754078522392,0.16645570050378888,0.0013460232781708906,0.0031502533216308344,5.285714285714283,0.04999999999999995,0.0033035714285714305
direct_gmax,4.285714285714286,70.42514519272355,0.1682001335655744,0.0012743887693688085,0.0031463472201164458,5.285714285714284,0.049999999999999975,0.0033035714285714313
direct_gmax,4.285714285714286,76.37044368209806,0.16586818656929514,0.001253406917780495,0.0031426410557273883,5.285714285714283,0.04999999999999997,0.003303571428571431
direct_gmax,4.408163265306122,24.048326120837608,0.168436738030443,0.0015151322086042849,0.0032270861327194146,5.408163265306117,0.04999999999999998,0.003380102040816326
direct_gmax,4.408163265306122,29.985273200751145,0.17632604700731677,0.0014810243912727256,0.0032224712537138613,5.408163265306117,0.049999999999999996,0.0033801020408163263
direct_gmax,4.408163265306122,35.65658505156638,0.17371862092965737,0.001346954225726329,0.0032214062136080358,5.408163265306116,0.049999999999999954,0.0033801020408163237
direct_gmax,4.408163265306122,41.41302034128079,0.16352608396752755,0.00143422675722089,0.003220501291382734,5.408163265306116,0.049999999999999954,0.0033801020408163254
direct_gmax,4.408163265306122,47.52825269894293,0.16323708197499595,0.0014122610972016566,0.0032238544133693877,5.408163265306115,0.049999999999999954,0.0033801020408163246
direct_gmax,4.408163265306122,53.654311728552244,0.17421768689730288,0.001330103670352699,0.0032164291350668885,5.408163265306116,0.04999999999999996,0.003380102040816324
direct_gmax,4.408163265306122,59.394257068255186,0.1748920814801214,0.0013685505530065718,0.0032169352426892994,5.408163265306116,0.049999999999999975,0.003380102040816325
direct_gmax,4.408163265306122,65.11206882700918,0.1700328503237004,0.0013796942833222748,0.003214383038048158,5.408163265306115,0.049999999999999954,0.0033801020408163246
direct_gmax,4.408163265306122,70.9932852983925,0.17006808694955827,0.0013130483330753783,0.003217483461409412,5.408163265306115,0.049999999999999954,0.0033801020408163246
direct_gmax,4.408163265306122,76.87328323296441,0.16778694722252752,0.0012972252719649236,0.003219383715018285,5.408163265306117,0.04999999999999997,0.003380102040816325
direct_gmax,4.530612244897959,24.125814915303735,0.18005733399889476,0.0014592832835203153,0.0032894392760844365,5.530612244897954,0.04999999999999999,0.003456632653061229
direct_gmax,4.530612244897959,29.67960146645937,0.1787951503022746,0.0014023012322470546,0.0032961401992056606,5.530612244897953,0.04999999999999997,0.0034566326530612304
direct_gmax,4.530612244897959,35.272594331810474,0.17436767964618552,0.0014162379876851954,0.0032897900042154204,5.530612244897952,0.04999999999999997,0.0034566326530612304
direct_gmax,4.530612244897959,41.00760211553008,0.1740830253987427,0.0014810393255258116,0.0032962338449420638,5.530612244897952,0.04999999999999996,0.003456632653061231
direct_gmax,4.530612244897959,46.75198757591295,0.16926555708286883,0.001400298023352008,0.0032928621926064106,5.530612244897955,0.049999999999999996,0.003456632653061228
direct_gmax,4.530612244897959,52.65986403485741,0.17603210272395634,0.001418504315192148,0.003291250400122666,5.530612244897954,0.04999999999999998,0.003456632653061229
direct_gmax,4.530612244897959,58.34064603158299,0.17148870304272326,0.0014088936156988953,0.003287638458772307,5.530612244897953,0.04999999999999998,0.003456632653061229
direct_gmax,4.530612244897959,64.17193393718263,0.1730870486519873,0.0014031881207710757,0.0032925259979712873,5.530612244897955,0.049999999999999996,0.003456632653061228
direct_gmax,4.530612244897959,69.94937371553729,0.17057360470472097,0.0014065668896132083,0.0032903647482093214,5.530612244897952,0.04999999999999997,0.0034566326530612304
direct_gmax,4.530612244897959,75.81194548759484,0.1686320508468464,0.0013756145424214177,0.003290142486083677,5.530612244897955,0.04999999999999998,0.003456632653061229
direct_gmax,4.653061224489796,24.007906149251728,0.17362335936139692,0.0015669870994467598,0.0033683250228543574,5.653061224489789,0.04999999999999995,0.00353316326530612
direct_gmax,4.653061224489796,29.76749981037022,0.17725969277392395,0.0015108386587561313,0.0033621604703590207,5.6530612244897895,0.04999999999999996,0.00353316326530612
direct_gmax,4.653061224489796,35.40894025490148,0.17776312945771283,0.0014988828264034541,0.0033661571723301387,5.653061224489789,0.049999999999999954,0.00353316326530612
direct_gmax,4.653061224489796,41.034403775096116,0.17607033281441328,0.0014776369183925116,0.0033597405454092307,5.653061224489791,0.049999999999999996,0.0035331632653061193
direct_gmax,4.653061224489796,46.713952305591874,0.17362777300074342,0.0014547800496229556,0.003365865193447689,5.653061224489789,0.04999999999999995,0.00353316326530612
direct_gmax,4.653061224489796,52.47339955713105,0.17429997911852296,0.0014002357583360835,0.003367753627571472,5.6530612244897895,0.049999999999999954,0.0035331632653061197
direct_gmax,4.653061224489796,58.210634897360244,0.17362669673695136,0.0014447866050892088,0.0033674653864901203,5.653061224489789,0.04999999999999995,0.00353316326530612
direct_gmax,4.653061224489796,63.970117850117354,0.1713254460934318,0.0014291511937986174,0.0033604407568448113,5.65306122448979,0.049999999999999975,0.0035331632653061193
direct_gmax,4.653061224489796,69.80696242167419,0.16852774047520663,0.0014410368115340174,0.0033647732573155176,5.653061224489792,0.04999999999999999,0.0035331632653061193
direct_gmax,4.653061224489796,75.7407036394716,0.16819574376458374,0.0013953271024200876,0.00336518844222511,5.653061224489792,0.049999999999999975,0.0035331632653061193
direct_gmax,4.775510204081633,23.516548758989213,0.17827641287099788,0.0015561508708663513,0.003434863152269417,5.775510204081626,0.04999999999999997,0.003609693877551019
direct_gmax,4.775510204081633,29.125815761257243,0.17628807910259905,0.0015136155697964288,0.0034366270980851752,5.775510204081628,0.04999999999999999,0.0036096938775510208
direct_gmax,4.775510204081633,34.79834906634819,0.17140280788293735,0.0015180393305612595,0.003442777083255943,5.77551020408163,0.04999999999999997,0.00360969387755102
direct_gmax,4.775510204081633,40.63255920766027,0.17784326685492463,0.001499321617991821,0.0034325670498676544,5.775510204081626,0.04999999999999996,0.0036096938775510195
direct_gmax,4.775510204081633,46.25548785536527,0.17297234675708725,0.001502016699309662,0.003437388500006576,5.77551020408163,0.05,0.003609693877551021
direct_gmax,4.775510204081633,52.036758785361634,0.17591287655595883,0.0014707223344531857,0.0034362152358859465,5.775510204081628,0.04999999999999999,0.0036096938775510208
direct_gmax,4.775510204081633,57.72139097135113,0.183870292763229,0.0013994156681558304,0.0034331289572163146,5.775510204081628,0.04999999999999999,0.0036096938775510203
direct_gmax,4.775510204081633,63.16000742739662,0.17457750283957532,0.0013901230508869748,0.0034341146199251622,5.77551020408163,0.04999999999999997,0.0036096938775510203
direct_gmax,4.775510204081633,68.88812235477607,0.17065995192984257,0.0014364422576554393,0.003435394029485293,5.775510204081633,0.049999999999999954,0.0036096938775510195
direct_gmax,4.775510204081633,74.74772789604035,0.16950848316008926,0.0014255043327609464,0.0034381100827603575,5.775510204081632,0.04999999999999997,0.0036096938775510203
direct_gmax,4.8979591836734695,23.337337228914045,0.18154674299647827,0.0015521343525942111,0.0035088623417812484,5.897959183673462,0.049999999999999954,0.003686224489795912
direct_gmax,4.8979591836734695,28.845560529947864,0.17261002923445093,0.0015029885745278394,0.003510059738780858,5.897959183673466,0.04999999999999999,0.0036862244897959153
direct_gmax,4.8979591836734695,34.63896665145272,0.1841434542971436,0.0015366867703561645,0.00351170474939382,5.897959183673465,0.05,0.003686224489795915
direct_gmax,4.8979591836734695,40.06951537129126,0.17458220532200242,0.0015554156433215374,0.0035050015896890057,5.897959183673463,0.04999999999999997,0.003686224489795913
direct_gmax,4.8979591836734695,45.79747600826215,0.17276373433491785,0.0014811678860094384,0.0035113114054932623,5.897959183673467,0.049999999999999996,0.0036862244897959153
direct_gmax,4.8979591836734695,51.585727830032866,0.1720613210515087,0.0015213911274796531,0.0035083322118610143,5.897959183673465,0.04999999999999998,0.003686224489795915
direct_gmax,4.8979591836734695,57.3976092795577,0.17148456851246155,0.0015083606047466178,0.003511764862684152,5.897959183673465,0.049999999999999975,0.003686224489795914
direct_gmax,4.8979591836734695,63.229037778777624,0.17289956728780329,0.0015231904152096392,0.0035117015739063824,5.897959183673467,0.049999999999999996,0.0036862244897959157
direct_gmax,4.8979591836734695,69.01274224771612,0.18273742816192134,0.0014248701519799707,0.0035093700701483784,5.897959183673463,0.049999999999999975,0.003686224489795913
direct_gmax,4.8979591836734695,74.48507492777284,0.17816482402274345,0.0014063510565721262,0.003507573286984319,5.897959183673463,0.04999999999999996,0.0036862244897959127
direct_gmax,5.020408163265306,23.033438102695534,0.17923972222496426,0.0015951255427205221,0.0035819172458846477,6.020408163265304,0.04999999999999998,0.0037627551020408176
direct_gmax,5.020408163265306,28.61255855427098,0.17559801947602346,0.0016133659036426968,0.003576863798824186,6.020408163265304,0.04999999999999999,0.0037627551020408176
direct_gmax,5.020408163265306,34.307383604029255,0.17128530364287908,0.0016017766694578005,0.0035802061817020382,6.020408163265304,0.049999999999999975,0.0037627551020408185
direct_gmax,5.020408163265306,40.145596099392826,0.17567810141610454,0.0015760333175097964,0.003577351393645086,6.020408163265304,0.04999999999999998,0.0037627551020408176
direct_gmax,5.020408163265306,45.83782519305452,0.17470308305041996,0.0015442055679252933,0.0035808279103600855,6.020408163265305,0.04999999999999997,0.0037627551020408185
direct_gmax,5.020408163265306,51.56182263224909,0.17326787922851053,0.0015408538502891971,0.0035817969767495497,6.020408163265304,0.049999999999999975,0.003762755102040818
direct_gmax,5.020408163265306,57.33323280043827,0.16928587871431575,0.0015006712466523937,0.0035812603895002994,6.020408163265302,0.049999999999999996,0.0037627551020408176
direct_gmax,5.020408163265306,63.240400058538896,0.17793345095036484,0.0015722537968034759,0.0035794248889888364,6.020408163265306,0.04999999999999996,0.0037627551020408194
direct_gmax,5.020408163265306,68.86047877144462,0.18058063662524018,0.0014826851425573386,0.0035808403226404747,6.020408163265303,0.049999999999999996,0.003762755102040817
direct_gmax,5.020408163265306,74.39817106608031,0.180920161856303,0.0014560276481744299,0.0035838518940489125,6.020408163265302,0.05000000000000001,0.003762755102040817
direct_gmax,5.142857142857143,23.255272942295896,0.1784252553839044,0.001547692854812579,0.003652096369826987,6.142857142857138,0.04999999999999997,0.0038392857142857126
direct_gmax,5.142857142857143,28.85986068884766,0.18574315557716325,0.0016128186689620344,0.0036598913942951085,6.14285714285714,0.049999999999999954,0.0038392857142857126
direct_gmax,5.142857142857143,34.243639148369795,0.17417581784448616,0.001630242518526373,0.003647529451629455,6.142857142857137,0.04999999999999996,0.0038392857142857117
direct_gmax,5.142857142857143,39.98496427820415,0.17690209645483992,0.0015923864509219366,0.0036575940217164244,6.142857142857141,0.05,0.0038392857142857126
direct_gmax,5.142857142857143,45.63780853522675,0.17579708093708354,0.0015893759212336149,0.0036529956210045785,6.142857142857138,0.04999999999999998,0.003839285714285712
direct_gmax,5.142857142857143,51.32618512640515,0.17315750751035847,0.001585506313837715,0.0036573460434949673,6.142857142857141,0.04999999999999999,0.0038392857142857117
direct_gmax,5.142857142857143,57.10127402886108,0.1853515639648816,0.0015003016421062307,0.0036546262126208903,6.142857142857139,0.05000000000000001,0.0038392857142857126
direct_gmax,5.142857142857143,62.49642677863485,0.1814542188892428,0.0014856844616216009,0.003644246716234453,6.142857142857134,0.04999999999999996,0.0038392857142857126
direct_gmax,5.142857142857143,68.00745874097454,0.18084977030105687,0.0014823007628424645,0.003644074104808095,6.142857142857141,0.05,0.003839285714285712
direct_gmax,5.142857142857143,73.53691005482095,0.17912917510653778,0.0014711177643496533,0.0036477549611320112,6.142857142857139,0.04999999999999998,0.0038392857142857117
direct_gmax,5.26530612244898,23.234315091291457,0.17825494626370844,0.0016375063365152026,0.0037263848112261654,6.265306122448981,0.04999999999999996,0.003915816326530612
direct_gmax,5.26530612244898,28.844257597574625,0.17791037096571208,0.0016347052570314412,0.0037265779824661484,6.2653061224489806,0.04999999999999996,0.003915816326530612
direct_gmax,5.26530612244898,34.46506539293764,0.17807853714514196,0.0016299223364087618,0.003731552210872793,6.2653061224489806,0.04999999999999996,0.003915816326530612
direct_gmax,5.26530612244898,40.080565250649045,0.17583679812607864,0.0016218008931252954,0.0037302587690683487,6.265306122448977,0.04999999999999999,0.003915816326530614
direct_gmax,5.26530612244898,45.76765697807563,0.17981795352647767,0.0016602193509207182,0.003729556495459031,6.2653061224489806,0.04999999999999998,0.003915816326530613
direct_gmax,5.26530612244898,51.328836940302,0.18460123184630142,0.0015523011829964265,0.003723665210272025,6.265306122448977,0.05,0.003915816326530614
direct_gmax,5.26530612244898,56.74591888498045,0.18308745882672325,0.0015333287970393126,0.003720246669562772,6.265306122448978,0.04999999999999998,0.003915816326530613
direct_gmax,5.26530612244898,62.207789438039,0.18169998263371612,0.0015186774235957956,0.0037214788014529538,6.26530612244898,0.049999999999999954,0.003915816326530612
direct_gmax,5.26530612244898,67.71136728931415,0.18113972701024722,0.0015146047650892312,0.003720540268079003,6.265306122448978,0.05000000000000001,0.003915816326530614
direct_gmax,5.26530612244898,73.2319674166591,0.17129654354315926,0.0014685660607669238,0.0037200694479655547,6.26530612244898,0.049999999999999975,0.003915816326530613
direct_gmax,5.387755102040816,22.94263130691904,0.187908569122255,0.00169740133204242,0.003798036602051626,6.387755102040812,0.04999999999999998,0.003992346938775512
direct_gmax,5.387755102040816,28.264368387197646,0.1862099798795491,0.0017109944962060784,0.0037998636875078975,6.387755102040809,0.049999999999999954,0.003992346938775514
direct_gmax,5.387755102040816,33.63464983315911,0.18777639527407572,0.0016066874753185916,0.003796642039047909,6.387755102040812,0.04999999999999999,0.003992346938775513
direct_gmax,5.387755102040816,38.96013282872101,0.18603241700625517,0.001580233046580603,0.003799934303415118,6.387755102040809,0.04999999999999997,0.003992346938775515
direct_gmax,5.387755102040816,44.33554006200109,0.186459119332252,0.0015823378330374858,0.003793470839307991,6.387755102040808,0.04999999999999997,0.003992346938775514
direct_gmax,5.387755102040816,49.69864594591389,0.1841779822227085,0.0015669707701462126,0.0037935987731230795,6.3877551020408125,0.05,0.003992346938775511
direct_gmax,5.387755102040816,55.128176598447574,0.1841707522056607,0.0015631288119423042,0.0037911701353480196,6.3877551020408125,0.049999999999999996,0.003992346938775511
direct_gmax,5.387755102040816,60.557920398827534,0.18310203538250372,0.0015594357249422638,0.00379853708996581,6.387755102040811,0.04999999999999998,0.003992346938775512
direct_gmax,5.387755102040816,66.01935613825545,0.17949647706629948,0.0015696185779805352,0.003800765850684598,6.3877551020408125,0.04999999999999998,0.003992346938775512
direct_gmax,5.387755102040816,71.59049612018744,0.17707036879291396,0.0015966161292995337,0.003796838255910638,6.387755102040815,0.04999999999999999,0.003992346938775511
direct_gmax,5.510204081632653,23.395433987600985,0.17712514477762167,0.0017225037437166718,0.0038748037873765164,6.510204081632652,0.04999999999999999,0.004068877551020413
direct_gmax,5.510204081632653,29.041159789296092,0.1908408492753296,0.0016237677838208417,0.0038764493900107287,6.510204081632653,0.04999999999999997,0.004068877551020413
direct_gmax,5.510204081632653,34.28112808642561,0.18689945534112504,0.0016276464763393425,0.0038686779013828564,6.5102040816326525,0.04999999999999998,0.004068877551020413
direct_gmax,5.510204081632653,39.631598467277286,0.18582399151051424,0.001610437014503162,0.0038659610862137924,6.5102040816326525,0.04999999999999996,0.004068877551020413
direct_gmax,5.510204081632653,45.01303491082402,0.18591290374117644,0.0016092607408825649,0.003865026413132108,6.510204081632654,0.049999999999999954,0.004068877551020413
direct_gmax,5.510204081632653,50.3918977002094,0.18369524509595714,0.0015923488859576312,0.0038668543044006244,6.5102040816326525,0.04999999999999999,0.004068877551020413
direct_gmax,5.510204081632653,55.83569674616526,0.1823772734314652,0.0015964435590240405,0.0038689311580281543,6.510204081632653,0.04999999999999997,0.004068877551020413
direct_gmax,5.510204081632653,61.31883607150333,0.18124212899230818,0.0015522534370827539,0.003868709019887694,6.510204081632652,0.049999999999999996,0.004068877551020412
direct_gmax,5.510204081632653,66.83631705431853,0.1812761955981522,0.0015563459258192364,0.003866084023112712,6.5102040816326525,0.04999999999999998,0.004068877551020413
direct_gmax,5.510204081632653,72.35276115609553,0.176816384470698,0.0015261306368462605,0.003869247720861205,6.510204081632652,0.05,0.004068877551020413
direct_gmax,5.63265306122449,22.91089467578042,0.18689186333721064,0.0017404699839907957,0.0039509442383338965,6.6326530612244845,0.04999999999999998,0.004145408163265306
direct_gmax,5.63265306122449,28.261582405805836,0.19007136799047372,0.0016706597329608577,0.003944125733310089,6.632653061224488,0.05,0.004145408163265306
direct_gmax,5.63265306122449,33.522764090204085,0.18760039008316018,0.0016452121424585266,0.003947197351421561,6.632653061224485,0.04999999999999998,0.004145408163265306
direct_gmax,5.63265306122449,38.853243411471574,0.1873953468333038,0.0016481498918399751,0.003943860616934461,6.632653061224485,0.04999999999999998,0.004145408163265306
direct_gmax,5.63265306122449,44.18955520842106,0.18566877656220937,0.001637619461341362,0.003943912509272277,6.6326530612244845,0.04999999999999997,0.004145408163265306
direct_gmax,5.63265306122449,49.57549041258257,0.1823074223996857,0.0016021352678213877,0.003938868460458422,6.6326530612244845,0.04999999999999997,0.004145408163265306
direct_gmax,5.63265306122449,55.06073060103539,0.18217375453836476,0.0015834424848040576,0.003942081958645401,6.6326530612244845,0.04999999999999997,0.004145408163265306
direct_gmax,5.63265306122449,60.549995520310055,0.18191619348898688,0.0015872264327828852,0.00394392909354713,6.632653061224484,0.049999999999999954,0.0041454081632653055
direct_gmax,5.63265306122449,66.04703226465321,0.17933834251545358,0.0015664443243444412,0.003945891220470556,6.632653061224488,0.04999999999999998,0.004145408163265306
direct_gmax,5.63265306122449,71.62308469144438,0.17886993792767109,0.0015541580493575922,0.003942453082393958,6.632653061224487,0.04999999999999998,0.004145408163265306
direct_gmax,5.755102040816326,22.905170813628843,0.18650244052677606,0.0018152492329237633,0.004025367049586658,6.755102040816328,0.04999999999999996,0.004221938775510198
direct_gmax,5.755102040816326,28.267030943584786,0.19078547665987763,0.0017087130833644394,0.004016074382654092,6.755102040816327,0.04999999999999996,0.004221938775510198
direct_gmax,5.755102040816326,33.5085200627107,0.18793911580448736,0.0016822846321132175,0.004016252545217568,6.755102040816327,0.04999999999999999,0.0042219387755102
direct_gmax,5.755102040816326,38.82939217450832,0.18620262757834727,0.0017148336585860685,0.004015590397209864,6.755102040816328,0.049999999999999954,0.004221938775510198
direct_gmax,5.755102040816326,44.19988566864141,0.1841704045593858,0.0016472433302279863,0.004016354524151448,6.755102040816327,0.05,0.0042219387755102
direct_gmax,5.755102040816326,49.62963971838912,0.1822621723307048,0.0016274397940367836,0.004016253436566781,6.755102040816328,0.04999999999999997,0.004221938775510198
direct_gmax,5.755102040816326,55.116241722591916,0.1828309134542595,0.0016167275246996254,0.004015420780300511,6.755102040816328,0.049999999999999975,0.004221938775510198
direct_gmax,5.755102040816326,60.585776283825616,0.18254433218500066,0.0016265597951518596,0.004020866453848636,6.755102040816327,0.049999999999999975,0.004221938775510198
direct_gmax,5.755102040816326,66.06389761484861,0.17945854914934287,0.001603628966497565,0.004016983595744064,6.755102040816327,0.04999999999999999,0.0042219387755102
direct_gmax,5.755102040816326,71.63621503711761,0.180511532862739,0.001636320653047779,0.004014120628640405,6.755102040816328,0.05,0.004221938775510201
direct_gmax,5.877551020408164,22.25409380975503,0.19094658069106837,0.0017344310969448675,0.004094683654735686,6.877551020408158,0.04999999999999997,0.004298469387755107
direct_gmax,5.877551020408164,27.491160618601928,0.19262560625475217,0.0017293140082862996,0.004093675362251537,6.877551020408161,0.049999999999999996,0.004298469387755106
direct_gmax,5.877551020408164,32.68257841316801,0.1864676953066165,0.00169501615123326,0.004086243838834413,6.877551020408159,0.04999999999999996,0.004298469387755108
direct_gmax,5.877551020408164,38.04543763849205,0.18770279413878727,0.00173346523298295,0.004089749462034473,6.877551020408161,0.04999999999999998,0.004298469387755107
direct_gmax,5.877551020408164,43.373008837355506,0.18566059793221962,0.0017570650248373142,0.0040937027495495555,6.877551020408159,0.04999999999999997,0.004298469387755108
direct_gmax,5.877551020408164,48.759181300104316,0.18052354078261643,0.0017456445869217148,0.004089201736025033,6.877551020408166,0.05,0.004298469387755106
direct_gmax,5.877551020408164,54.29862505167677,0.1814945325736473,0.0016433655858797275,0.004085390689576971,6.877551020408158,0.04999999999999996,0.004298469387755108
direct_gmax,5.877551020408164,59.80843289998877,0.18261241974142378,0.0016993237186111864,0.004094883137448825,6.877551020408161,0.04999999999999997,0.004298469387755107
direct_gmax,5.877551020408164,65.28451169800253,0.1813966788966036,0.001709873294866053,0.00408176274078839,6.877551020408157,0.049999999999999954,0.004298469387755107
direct_gmax,5.877551020408164,70.79729178903166,0.17855295544283958,0.0016346122293475801,0.004086716956055412,6.877551020408161,0.04999999999999997,0.004298469387755107
direct_gmax,6.0,22.210681192221514,0.18986851401449845,0.0018004686334802227,0.00416389868186746,7.0,0.05000000000000001,0.004374999999999999
direct_gmax,6.0,27.47748388033672,0.1901845830637578,0.0017828710766580164,0.004167460026795551,7.0,0.049999999999999975,0.0043749999999999995
direct_gmax,6.0,32.735533633322,0.18914818443439002,0.0017799220510860316,0.004165357446943939,7.0,0.05000000000000001,0.004374999999999999
direct_gmax,6.0,38.02239379003088,0.18665744013070598,0.001781582807033847,0.004166615179582113,7.0,0.04999999999999997,0.0043749999999999995
direct_gmax,6.0,43.37980145242974,0.18624053129358187,0.001792195665693565,0.004166308481207977,7.0,0.049999999999999954,0.0043749999999999995
direct_gmax,6.0,48.74920194250696,0.18474949724794257,0.0017852751944690349,0.004160037021265545,7.0,0.05,0.004374999999999999
direct_gmax,6.0,54.16193656368946,0.18173203361705798,0.0017559765226402106,0.004162948903325036,7.0,0.049999999999999954,0.004374999999999999
direct_gmax,6.0,59.66454378211293,0.18179241296866575,0.0016774668746315268,0.004158207956053078,7.0,0.04999999999999996,0.004374999999999999
direct_gmax,6.0,65.16532340030504,0.18034269359088534,0.0016961920498387724,0.004163138592084155,7.0,0.04999999999999999,0.004374999999999999
direct_gmax,6.0,70.71032209189906,0.17941286266524814,0.0017132405056521811,0.004157509011679618,7.0,0.04999999999999999,0.004374999999999998
presynaptic,3.559322033898305,31.363416829827603,0.14799895617573994,0.00018794538128131898,0.0008029639092617228,4.2482410088606635,0.046730651097467296,0.0010000000000000009
presynaptic,3.559322033898305,38.120221241424666,0.13505724688997225,0.00016650604747005856,0.0007860721644669517,4.220204408360277,0.04642224849196305,0.0010000000000000007
presynaptic,3.559322033898305,45.524488861470815,0.1285127494322653,0.0001838000275680393,0.0008367872946702603,4.187807890928811,0.04606588680021693,0.0010000000000000009
presynaptic,3.559322033898305,53.305817985761834,0.12700387722572481,0.0001834530739405627,0.0008275979954637748,4.150919249765312,0.045660111747418415,0.0010000000000000007
presynaptic,3.559322033898305,61.17959335265629,0.12605528143269393,0.00017823419375571318,0.0008113430223779375,4.1086310060596825,0.0451949410666565,0.0010000000000000009
presynaptic,3.559322033898305,69.11262074059593,0.12396332069857395,0.0001686646027384346,0.0007964354233058619,4.061694749739478,0.04467864224713425,0.0009999999999999998
presynaptic,3.559322033898305,77.17952306593436,0.10898778515537555,0.0001376446182915977,0.0007547203321702291,4.00355459810423,0.04403910057914652,0.0010000000000000007
presynaptic,3.559322033898305,86.35486320679856,0.09240772438742594,0.00010616854019058289,0.000662067355096924,3.925087316170139,0.043175960477871526,0.0010000000000000007
presynaptic,3.559322033898305,97.17646937261462,0.07123533530727719,0.00012472903158558516,0.0007577044457788627,3.8089518915849436,0.04189847080743437,0.0010000000000000007
presynaptic,3.559322033898305,111.21444639183478,0.04889922055913549,0.00011260970140108933,0.0007576616062455388,3.593712202875555,0.039530834231631104,0.0010000000000000007
presynaptic,3.6610169491525424,31.54208434962611,0.13976253449065407,0.00010801751550343522,0.000554691791216463,4.339402582804475,0.04773342841084922,0.0010000000000000007
presynaptic,3.6610169491525424,38.69707766485445,0.12440067449625802,0.00022630938280655436,0.0008400815660317995,4.3087533937828315,0.04739628733161115,0.001
presynaptic,3.6610169491525424,46.73561928892,0.12917513756172563,0.00021541014001886228,0.0008020010443466478,4.273444377130182,0.047007888148431994,0.0010000000000000009
presynaptic,3.6610169491525424,54.477047081262434,0.12684045814197045,0.0002039900151293665,0.0007693269798281611,4.234550894656764,0.046580059841224424,0.0010000000000000007
presynaptic,3.6610169491525424,62.36096688609881,0.1266635976216236,0.00019600132393132437,0.0007514931888958577,4.191204590194584,0.046103250492140424,0.0010000000000000009
presynaptic,3.6610169491525424,70.25589501680969,0.12154418039328153,0.0001826372825325586,0.0007329048304663067,4.14089860655898,0.04554988467214879,0.0010000000000000007
presynaptic,3.6610169491525424,78.48335598420682,0.1116400368767622,0.00015080773991064765,0.0008027023709438197,4.080593020558868,0.04488652322614754,0.0010000000000000007
presynaptic,3.6610169491525424,87.44071597777155,0.08495653417877166,0.0001099215616511469,0.000591021014599632,3.9952854619488036,0.043948140081436826,0.0010000000000000007
presynaptic,3.6610169491525424,99.21144096869135,0.07399811384496831,0.00011672088965486327,0.0006858157793579764,3.869727589756723,0.042567003487323944,0.0010000000000000007
presynaptic,3.6610169491525424,112.72529893127505,0.05274312762719302,9.467842571921314e-5,0.0007098890568855768,3.6572886781631837,0.04023017545979503,0.0010000000000000009
presynaptic,3.76271186440678,31.233830433661563,0.1532061330099149,0.00021734679060369573,0.0007591234497848427,4.4346111833816115,0.04878072301719773,0.0010000000000000007
presynaptic,3.76271186440678,37.760984277661294,0.14640960819862722,0.00021880900791145853,0.0007819676591804379,4.406996542917489,0.04847696197209237,0.0010000000000000009
presynaptic,3.76271186440678,44.59113710918411,0.12597873875126864,0.00016532723432444626,0.0006578075583004348,4.373951128555963,0.048113462414115606,0.0010000000000000007
presynaptic,3.76271186440678,52.52898447860723,0.12636539407618627,0.00018869968367764617,0.0008411759923839637,4.3348137168076475,0.047682950884884126,0.0010000000000000007
presynaptic,3.76271186440678,60.44254346610261,0.13024605338073136,0.00013807013484909547,0.0007018503780873302,4.2919586379507315,0.04721154501745805,0.0010000000000000009
presynaptic,3.76271186440678,68.12031929150002,0.115571057372835,0.00010571246854982485,0.0005966544108696418,4.240698072611305,0.046647678798724355,0.0010000000000000007
presynaptic,3.76271186440678,76.77300468464284,0.10686984311095467,0.00020563644339094083,0.0008461866467439547,4.177155891284248,0.045948714804126725,0.0010000000000000009
presynaptic,3.76271186440678,86.13018132952458,0.09487873106984204,0.00016211777534297538,0.0007773109026589888,4.09612706483986,0.045057397713238447,0.0010000000000000007
presynaptic,3.76271186440678,96.66995129402675,0.0743140487046769,0.00014086289149250683,0.0008010455657643738,3.977917070062421,0.04375708777068663,0.0010000000000000007
presynaptic,3.76271186440678,110.12635714770305,0.05915917061108008,0.00012032656870480356,0.0007654008086995613,3.7865742478825313,0.04165231672670784,0.0010000000000000007
presynaptic,3.864406779661017,31.38658426847678,0.15301730763527885,0.00013834446888491718,0.0006473729109631153,4.527020205124769,0.04979722225637247,0.0010000000000000009
presynaptic,3.864406779661017,37.92179270635839,0.14632919584438922,0.00019000992712846844,0.0008287643164174557,4.498441230253663,0.0494828535327903,0.0010000000000000007
presynaptic,3.864406779661017,44.75569891509222,0.13445140503174544,0.00018006296759838565,0.0008397247694102625,4.465773654494604,0.049123510199440626,0.0010000000000000009
presynaptic,3.864406779661017,52.19333037579647,0.14087372335838325,0.00016093853122696745,0.0007563042954301429,4.428921094785881,0.0487181320426447,0.0010000000000000007
presynaptic,3.864406779661017,59.29188627508222,0.12830936237246934,0.00016170164443539487,0.0008062224259175811,4.386983160749468,0.04825681476824415,0.0010000000000000007
presynaptic,3.864406779661017,67.08554982004708,0.11046958450349205,0.00015627805291523205,0.0006989665145690997,4.334175510916763,0.047675930620084385,0.0010000000000000007
presynaptic,3.864406779661017,76.13781524219492,0.1096133425161573,0.00019298466461138106,0.0008263190761873768,4.269344842692218,0.04696279326961439,0.0010000000000000007
presynaptic,3.864406779661017,85.26079221785459,0.0959190325290939,0.00016305116179638238,0.0007725828008130532,4.188009725199851,0.04606810697719836,0.0010000000000000007
presynaptic,3.864406779661017,95.68625183345989,0.07913896092858669,0.00015998999561221193,0.0008357739432709018,4.073930113591129,0.04481323124950242,0.0010000000000000009
presynaptic,3.864406779661017,108.3222529669898,0.06441768623091083,9.374904711795892e-5,0.0006103060324766875,3.8983271228020167,0.042881598350822184,0.0010000000000000009
presynaptic,3.9661016949152543,31.12141594877822,0.14479829508039646,0.0002153607861590947,0.0007813938962081616,4.619956362256108,0.050819519984817194,0.0010000000000000007
presynaptic,3.9661016949152543,38.027574612074424,0.13121573500656347,0.00019002019356033982,0.0007085826547624879,4.588434393044907,0.05047277832349399,0.0010000000000000009
presynaptic,3.9661016949152543,45.64861182952384,0.131053883841111,0.00022906098610628423,0.0008280611894620718,4.551771960201114,0.05006949156221225,0.0010000000000000009
presynaptic,3.9661016949152543,53.2790610057756,0.13045470067168766,0.00022978419103845024,0.0008393864992264552,4.511511359897615,0.04962662495887378,0.0010000000000000007
presynaptic,3.9661016949152543,60.94455711171261,0.12600424311975833,0.00021793671955829043,0.0008234640609004162,4.465318575490569,0.049118504330396266,0.0010000000000000007
presynaptic,3.9661016949152543,68.88079779092187,0.12485359800350096,0.00020650664464343774,0.0007863727478477298,4.413529491628907,0.04854882440791797,0.0010000000000000007
presynaptic,3.9661016949152543,76.8901785055406,0.11205649153050946,0.00018153425787932484,0.0007670295174604447,4.349662723664388,0.047846289960308264,0.0010000000000000007
presynaptic,3.9661016949152543,85.81424873424066,0.10868681933518287,0.00013958006267548342,0.0007678668993320535,4.272934860822504,0.04700228346904754,0.0010000000000000007
presynaptic,3.9661016949152543,95.01499640646821,0.09522939513751805,9.969396885481504e-5,0.0006650530113243875,4.174359631437405,0.04591795594581145,0.0010000000000000007
presynaptic,3.9661016949152543,105.51595568018752,0.07282979005040256,0.00015416442923114632,0.0008498401284122094,4.026924456058512,0.044296169016643634,0.0010000000000000007
presynaptic,4.067796610169491,30.2514086624756,0.13517100347198924,0.00021667461108665836,0.0008073224436248334,4.715136379302051,0.05186650017232256,0.0010000000000000009
presynaptic,4.067796610169491,37.64944503354704,0.12704474928331635,0.00022858254316983402,0.0008573039941221276,4.681413857103911,0.05149555242814301,0.0010000000000000007
presynaptic,4.067796610169491,45.520687297719235,0.14333292726435845,0.00012878798026187547,0.0006597921531129225,4.6453798467325855,0.05109917831405843,0.0010000000000000007
presynaptic,4.067796610169491,52.497451249212624,0.12785374780991873,0.00015096641268390828,0.0007701639829212039,4.605649922257052,0.050662149144827556,0.0010000000000000009
presynaptic,4.067796610169491,60.318887985558504,0.12891392193725318,0.0001499624734457623,0.0007740209788827895,4.5591651579061825,0.050150816736967994,0.0010000000000000009
presynaptic,4.067796610169491,68.07600207356782,0.12545767964149873,0.0001415122199905105,0.0007540457177502552,4.506253548851293,0.04956878903736422,0.0010000000000000007
presynaptic,4.067796610169491,76.04681743423404,0.12590121457993877,0.00012728857373885965,0.0006863740816692261,4.446516498357825,0.048911681481936066,0.0010000000000000009
presynaptic,4.067796610169491,83.98955256460141,0.1058778641832914,0.0001554492832466407,0.0007279777603662746,4.372475037874336,0.048097225416617685,0.0010000000000000007
presynaptic,4.067796610169491,93.43439741214047,0.09050123622277663,0.00014011702236048324,0.0007196400008723355,4.27028294516015,0.04697311239676164,0.0010000000000000009
presynaptic,4.067796610169491,104.48397023276375,0.07523517238333954,0.0001204126294533815,0.0007085031796266177,4.121997442162825,0.045341971863791054,0.0010000000000000009
presynaptic,4.169491525423729,29.993540234926087,0.14909369187930685,0.00013794177714764033,0.0006643484794124521,4.810976234339709,0.0529207385777368,0.0010000000000000009
presynaptic,4.169491525423729,36.70073211806432,0.1447645427910725,0.00020311033388522331,0.0008758988498242831,4.780234487152837,0.0525825793586812,0.0010000000000000007
presynaptic,4.169491525423729,43.60850097306097,0.12702052767602023,0.00018600802822086568,0.0007520024864463169,4.744103904443948,0.05218514294888342,0.0010000000000000007
presynaptic,4.169491525423729,51.48124420831669,0.12609415915739228,0.00015901928300361627,0.0006754814226892486,4.701082381976878,0.05171190620174566,0.0010000000000000007
presynaptic,4.169491525423729,59.411825661750925,0.12450261205984527,0.00021661401039315212,0.000852710571972186,4.653362360701973,0.0511869859677217,0.0010000000000000002
presynaptic,4.169491525423729,67.44378566207064,0.1296034944517062,0.00010212801636044004,0.0005717349366128046,4.599598111682553,0.050595579228508096,0.0010000000000000009
presynaptic,4.169491525423729,75.1596269997641,0.10666525071147294,0.00019385795328657167,0.0008326046903334785,4.534373278790767,0.04987810606669844,0.0010000000000000007
presynaptic,4.169491525423729,84.53475145060308,0.10627847212330636,0.00015161253111407495,0.000716100579188071,4.451146244641064,0.048962608691051714,0.0010000000000000007
presynaptic,4.169491525423729,93.94399473403851,0.10652403487751333,0.0001336183040756145,0.0007418547789434524,4.35512219881451,0.04790634418695961,0.0010000000000000007
presynaptic,4.169491525423729,103.33154751637397,0.08321820745765125,0.00012451703540591666,0.0006990309739499425,4.225271274805914,0.04647798402286505,0.0010000000000000007
presynaptic,4.271186440677966,29.953361551310163,0.15582052621778342,0.0001553126212313939,0.0007084471811006174,4.904773367350864,0.05395250704085951,0.0010000000000000007
presynaptic,4.271186440677966,36.371001282563185,0.14711854622903014,0.00023245780440133527,0.0008154576818045318,4.874288588733653,0.05361717447607018,0.0010000000000000009
presynaptic,4.271186440677966,43.16824082599388,0.13701358742062464,0.00022193539269321492,0.0008223891458528587,4.839316556098821,0.053232482117087025,0.0010000000000000007
presynaptic,4.271186440677966,50.46678704192538,0.14127694561852577,0.0002596377908980924,0.0008837760052392495,4.799571299512961,0.052795284294642565,0.0010000000000000009
presynaptic,4.271186440677966,57.54508276542005,0.132027294086526,0.00020273406055339272,0.0008714003072843745,4.755735572134476,0.05231309129347924,0.0010000000000000009
presynaptic,4.271186440677966,65.11927419999293,0.12763514014265528,0.00016065866041929859,0.0008157950464210609,4.703676425294394,0.05174044067823833,0.0010000000000000007
presynaptic,4.271186440677966,72.95410713771149,0.1257348511733207,0.0001514903149267155,0.0007924665378953996,4.644312853865209,0.05108744139251729,0.0010000000000000007
presynaptic,4.271186440677966,80.9073515299249,0.1215729196492034,0.0001367947214319439,0.0007598960141118051,4.57496324896524,0.05032459573861764,0.0010000000000000007
presynaptic,4.271186440677966,89.13286756495542,0.11073326404277162,0.00010863987166556824,0.0006655121488117429,4.491837617224314,0.04941021378946745,0.0010000000000000007
presynaptic,4.271186440677966,98.16357761079803,0.08278969728822566,0.00012030713564677423,0.0006784386206239443,4.370752817812907,0.048078280995941976,0.0010000000000000007
presynaptic,4.372881355932203,28.22054515141556,0.16069376531300372,0.00020083036566792355,0.0008678548959933636,5.005671743688569,0.05506238918057426,0.0010000000000000009
presynaptic,4.372881355932203,34.44356194395989,0.14932005982573138,0.00022696590736494374,0.0008993936125588771,4.976065458785509,0.054736720046640604,0.0010000000000000007
presynaptic,4.372881355932203,41.14058578099211,0.1411899861226156,0.00022770585398905412,0.0008369448730314977,4.942086431883475,0.05436295075071822,0.0010000000000000007
presynaptic,4.372881355932203,48.22324105607342,0.13824211857143273,0.00021799193635631785,0.0008269142235931725,4.902836392112677,0.05393120031323946,0.0010000000000000007
presynaptic,4.372881355932203,55.45692649386768,0.1326321928258576,0.00020433084401176837,0.0008148610475346101,4.858169383178324,0.053439863214961546,0.0010000000000000009
presynaptic,4.372881355932203,62.99657413667618,0.13844790081668082,0.00012993902812618167,0.0006858910637167132,4.809914825231299,0.052909063077544276,0.0010000000000000009
presynaptic,4.372881355932203,70.21950777525913,0.12594685928253904,0.00015394605402212636,0.0007986958376959013,4.753058631819033,0.052283644950009346,0.0010000000000000009
presynaptic,4.372881355932203,78.15936435998492,0.12391813452576753,0.00015063893970107865,0.0008032423300587457,4.686149784962642,0.051547647634589064,0.0009999999999999996
presynaptic,4.372881355932203,86.22920824382793,0.11912183399647615,0.0001328658537223227,0.0007501715122729597,4.608190648600354,0.050690097134603894,0.0010000000000000007
presynaptic,4.372881355932203,94.62397489953256,0.09662487213355488,0.0001348372074298486,0.0007030310474747323,4.505699240454701,0.04956269164500171,0.0010000000000000009
presynaptic,4.47457627118644,28.570338710196022,0.15856178727823364,0.00012067510060236667,0.0006036367902205211,5.0972782123555795,0.05607006033591137,0.0010000000000000007
presynaptic,4.47457627118644,34.8770284692189,0.1473195555598774,0.00014837334132571743,0.0007354129182473081,5.066450164692457,0.05573095181161703,0.0010000000000000009
presynaptic,4.47457627118644,41.66499355776109,0.145885638705858,0.0001541816181818622,0.0007667065707483251,5.031314262908177,0.05534445689198995,0.0010000000000000009
presynaptic,4.47457627118644,48.519677876731315,0.13080330600674592,0.00019567766731206347,0.0007909573343381147,4.990269888496409,0.0548929687734605,0.0010000000000000009
presynaptic,4.47457627118644,56.164744584360456,0.12827409894949388,0.00019317462312330892,0.0007965869483901229,4.9430355198099205,0.054373390717909136,0.0010000000000000009
presynaptic,4.47457627118644,63.96055066048605,0.12452417792545468,0.00017985876951118296,0.0007728623401330876,4.887800730066749,0.05376580803073424,0.0010000000000000002
presynaptic,4.47457627118644,71.99111963640526,0.12617647275976876,0.00016476007048162554,0.0008305976640002518,4.826056187337819,0.05308661806071602,0.0010000000000000009
presynaptic,4.47457627118644,79.91652742541463,0.12473975032202539,0.0001551434803938002,0.0008223279748979642,4.755868155165996,0.05231454970682595,0.0010000000000000005
presynaptic,4.47457627118644,87.93321815486071,0.12118823796323719,0.00014220583789872893,0.0007894978043960454,4.675329037376438,0.05142861941114082,0.0010000000000000007
presynaptic,4.47457627118644,96.18484402884489,0.1063426660485891,0.00015786067230971865,0.0007261584016466162,4.573397640361003,0.05030737404397104,0.0010000000000000007
presynaptic,4.576271186440678,28.606190956409538,0.15848363254004955,0.00012514818921293907,0.0006297996212194692,5.190187308040189,0.05709206038844208,0.0010000000000000009
presynaptic,4.576271186440678,34.91599080118086,0.16108870911538753,0.00016900230074017234,0.0007652442969464049,5.159849606033107,0.05675834566636417,0.0010000000000000007
presynaptic,4.576271186440678,41.12375052246401,0.14754177488716458,0.0002491557296057746,0.0008572500080680299,5.126180730319255,0.05638798803351179,0.0010000000000000007
presynaptic,4.576271186440678,47.901491950373284,0.1540795116849706,0.00019315491315484665,0.0008649218254644806,5.088638903975797,0.05597502794373379,0.0010000000000000007
presynaptic,4.576271186440678,54.39164751397988,0.15004011397433073,0.0002261763493038035,0.0009050723568711602,5.047718246503922,0.05552490071154312,0.0010000000000000007
presynaptic,4.576271186440678,61.05653181399503,0.1418564854407147,0.00023353128031723775,0.0008471593324136825,5.00158765464374,0.05501746420108115,0.0010000000000000007
presynaptic,4.576271186440678,68.10590990124452,0.12444869553661386,0.00019997094925797295,0.0008208084660618955,4.944292435185188,0.05438721678703706,0.0010000000000000002
presynaptic,4.576271186440678,76.14134969181903,0.12543337485654726,0.00016307224603610544,0.0008399551826979349,4.876963691587015,0.05364660060745718,0.0010000000000000007
presynaptic,4.576271186440678,84.11370952941135,0.11969127419132755,0.0002036506995141529,0.000840191213250248,4.798417424451793,0.052782591668969724,0.0010000000000000007
presynaptic,4.576271186440678,92.46853745447372,0.11668819621678937,0.00019916184575973438,0.0008354371609645959,4.704829219783923,0.051753121417623144,0.0010000000000000007
presynaptic,4.677966101694915,28.59239562410479,0.16042581973571038,0.00013548417818530102,0.0006726854314525708,5.283581507855443,0.058119396586409876,0.0010000000000000007
presynaptic,4.677966101694915,34.82580619135279,0.16503644236332876,0.00018405310765594822,0.0008048142564463886,5.253332154199465,0.05778665369619411,0.0010000000000000007
presynaptic,4.677966101694915,40.885073985059186,0.14572732305793185,0.00025258622458204525,0.0008867740989255124,5.21920500501625,0.05741125505517876,0.0010000000000000009
presynaptic,4.677966101694915,47.747205114733916,0.14334874380219148,0.0002424597459904673,0.0008645065372107618,5.178914925298797,0.05696806417828676,0.0010000000000000007
presynaptic,4.677966101694915,54.723199277472524,0.14050709570963965,0.00023423166041118947,0.0008540663122417608,5.1339068716884695,0.05647297558857316,0.0010000000000000009
presynaptic,4.677966101694915,61.84027756415576,0.13923950666363444,0.00022725863380936975,0.0008451913971233513,5.084392716989216,0.055928319886881385,0.0010000000000000009
presynaptic,4.677966101694915,69.02214730760245,0.1354175888830797,0.0002173065445571881,0.0008456402333398262,5.026688626938943,0.05529357489632838,0.0010000000000000007
presynaptic,4.677966101694915,76.40671240175286,0.13172608435364036,0.00020481357757565793,0.0008278251691573223,4.9620642559268715,0.05458270681519559,0.0010000000000000007
presynaptic,4.677966101694915,83.99822326239102,0.12564360189759768,0.00018617709295087724,0.0008026069377792725,4.885872388526531,0.053744596273791835,0.0010000000000000007
presynaptic,4.677966101694915,91.95724373694748,0.12229353822227768,9.806942689558844e-5,0.0005911100530886206,4.796044641765482,0.05275649105942029,0.0009999999999999992
presynaptic,4.779661016949152,28.56728920850945,0.1741037239538057,0.00014768547264128437,0.0006771121153291738,5.378282452304341,0.059161106975347745,0.0010000000000000007
presynaptic,4.779661016949152,34.310991739911515,0.14428966156698161,0.0002483034864328761,0.0008756494248903792,5.34602126375163,0.05880623390126792,0.0010000000000000007
presynaptic,4.779661016949152,41.24149520869804,0.14514195384872083,0.0002497403019428876,0.0008817909242489752,5.308178303630526,0.05838996133993577,0.0010000000000000007
presynaptic,4.779661016949152,48.131301866821744,0.14356772067675683,0.00024529348829082726,0.0008787917196108098,5.2670435479575985,0.05793747902753359,0.0010000000000000009
presynaptic,4.779661016949152,55.096655884327554,0.1408442532746881,0.00023810910559083522,0.0008657282233979664,5.221468259681996,0.05743615085650196,0.0010000000000000007
presynaptic,4.779661016949152,62.196697076989516,0.1400653688132039,0.00023285920298163755,0.0008585069531176068,5.170411275232539,0.05687452402755792,0.0010000000000000009
presynaptic,4.779661016949152,69.33622063283461,0.1372544075052051,0.00022535017626388766,0.0008541768360542096,5.11268536423905,0.05623953900662956,0.0010000000000000009
presynaptic,4.779661016949152,76.62196116515287,0.1337608373923584,0.0002136096086415645,0.0008361193335947583,5.046890219940439,0.055515792419344824,0.0010000000000000009
presynaptic,4.779661016949152,84.09799091717002,0.12873968738089941,0.0001970722734744768,0.0008213276063388667,4.969766533758346,0.0546674318713418,0.0010000000000000007
presynaptic,4.779661016949152,91.86560337875167,0.11547326845268668,0.0001643422741772538,0.000778435446076433,4.87748579109157,0.05365234370200728,0.0010000000000000007
presynaptic,4.88135593220339,28.478560424135647,0.1731241128587539,0.00023680992966199782,0.0009097516473886092,5.471273863006671,0.06018401249307337,0.0010000000000000007
presynaptic,4.88135593220339,34.25476330822416,0.1450654182844895,0.000266199430606611,0.0009055704351176994,5.43886062885422,0.05982746691739642,0.0010000000000000009
presynaptic,4.88135593220339,41.1482049831993,0.15835285260107795,0.0002084644440372917,0.0008954190353073107,5.402628837747639,0.05942891721522401,0.0010000000000000007
presynaptic,4.88135593220339,47.463215944948104,0.148653818297801,0.00019558955928290411,0.0007665617132441058,5.363005981347307,0.05899306579482038,0.0010000000000000007
presynaptic,4.88135593220339,54.190254721689655,0.15570229759181922,0.00019689166018692277,0.000874114892958498,5.319892430586802,0.05851881673645483,0.0010000000000000009
presynaptic,4.88135593220339,60.61276752635967,0.13978135085229787,0.0002345355260022053,0.0008757626371377422,5.271026134789149,0.05798128748268064,0.0010000000000000007
presynaptic,4.88135593220339,67.76679768776987,0.13778950055477715,0.0002275158054659035,0.0008638468615387857,5.213370048740875,0.05734707053614963,0.0010000000000000007
presynaptic,4.88135593220339,75.02424470640143,0.13486204757868075,0.00022001371673949203,0.0008502369623843689,5.148637115564777,0.056635008271212546,0.0010000000000000009
presynaptic,4.88135593220339,82.43922926250187,0.13229922165379188,0.00020896731293530718,0.0008374273272423198,5.073671786242262,0.05581038964866488,0.0010000000000000009
presynaptic,4.88135593220339,89.99785271847999,0.1283856772136054,0.00019581552894932982,0.0008175016812028385,4.9879130362443735,0.05486704339868811,0.0010000000000000009
presynaptic,4.983050847457627,28.614266814732424,0.1700134092072284,0.00022627453309358351,0.0009053791641303723,5.563687446091876,0.06120056190701063,0.0010000000000000007
presynaptic,4.983050847457627,34.4961558060949,0.1522452521336562,0.0002255385896682287,0.0008583387806332982,5.53079968732278,0.06083879656055059,0.0010000000000000007
presynaptic,4.983050847457627,41.06450513709472,0.1457351829445315,0.00025376536465954923,0.0008934701531154171,5.492868817101894,0.060421556988120836,0.0010000000000000009
presynaptic,4.983050847457627,47.9262661737595,0.1460204759530815,0.00025487788980557377,0.0009003119759987377,5.450771725774983,0.059958488983524794,0.0010000000000000007
presynaptic,4.983050847457627,54.774620786172314,0.15698285529944325,0.00027479288903130603,0.0008948284078862177,5.40620216750998,0.05946822384260979,0.0010000000000000007
presynaptic,4.983050847457627,61.14474316732349,0.15082807479864938,0.00022054624109589567,0.0008427833959128203,5.3579829687896074,0.05893781265668569,0.0010000000000000009
presynaptic,4.983050847457627,67.77480856685185,0.13075502671206354,0.00016519246195627102,0.000723531632195127,5.298916762697565,0.058288084389673214,0.0010000000000000007
presynaptic,4.983050847457627,75.42269809848803,0.12519310707066728,0.0001911807046476974,0.0008171119293572063,5.22868370431877,0.05751552074750647,0.0010000000000000007
presynaptic,4.983050847457627,83.41035830916987,0.13714082455848034,0.00020028709671504307,0.0008949527175884525,5.148839734549419,0.05663723708004361,0.0010000000000000007
presynaptic,4.983050847457627,90.70213304670307,0.13116243528352642,0.00020362053417025044,0.0008418654609675416,5.064017075197014,0.055704187827167156,0.0010000000000000007
presynaptic,5.084745762711864,28.450230102098804,0.16372377159438398,0.00022487785931602145,0.000917594001381355,5.657231319696115,0.06222954451665725,0.0010000000000000007
presynaptic,5.084745762711864,34.558078646398414,0.16062470853044958,0.00014830777250549477,0.0007277789344133782,5.62418401602424,0.061866024176266646,0.0010000000000000007
presynaptic,5.084745762711864,40.783770877369406,0.14522112046992236,0.0002469187471730966,0.0008930678129616494,5.586166251998526,0.06144782877198378,0.0010000000000000009
presynaptic,5.084745762711864,47.669821589305045,0.15511032983928477,0.0002738787705770726,0.0009104285194107015,5.544482178641878,0.06098930396506065,0.0010000000000000007
presynaptic,5.084745762711864,54.11684546602644,0.16650131034040322,0.00023063480134870683,0.0009090044155945571,5.502380102398819,0.060526181126387,0.0010000000000000007
presynaptic,5.084745762711864,60.1228042056637,0.16119770654324594,0.00022042300873035815,0.0008955398015455518,5.4567979745532895,0.06002477772008617,0.0010000000000000007
presynaptic,5.084745762711864,66.32636641162921,0.13823015434649552,0.00019073555640650654,0.0008070542368434133,5.40172636592956,0.05941899002522515,0.0010000000000000007
presynaptic,5.084745762711864,73.56067794609616,0.13626600492213575,0.0002224838301648241,0.0008645160660375537,5.336072067781455,0.058696792745596006,0.0010000000000000007
presynaptic,5.084745762711864,80.89926544318624,0.1347707003423882,0.00022296762183533528,0.0008692675648839913,5.260792331058804,0.05786871564164684,0.0010000000000000007
presynaptic,5.084745762711864,88.31927585687019,0.1314354267365035,0.00021231890878968467,0.000855484395734785,5.174954211131691,0.05692449632244861,0.0010000000000000007
presynaptic,5.186440677966102,28.12992036078929,0.17003336023165022,0.00026133220887974274,0.0009009451665458422,5.752333065552533,0.06327566372107786,0.0010000000000000007
presynaptic,5.186440677966102,34.011119195168725,0.16266495299397107,0.0002493769116210453,0.0008862388607795725,5.72024181284692,0.0629226599413161,0.0010000000000000009
presynaptic,5.186440677966102,40.15872494302188,0.17413016585896374,0.00017477675511712204,0.0007840576867779516,5.685409733616719,0.0625395070697839,0.0010000000000000007
presynaptic,5.186440677966102,45.90155528529553,0.14359168509093442,0.0002579652818159915,0.0009062214551449637,5.645261019941282,0.06209787121935412,0.0010000000000000009
presynaptic,5.186440677966102,52.86574683557029,0.15647704450064862,0.0002097411131651862,0.0009127746922085614,5.599931291808949,0.06159924420989846,0.0010000000000000007
presynaptic,5.186440677966102,59.25646058653109,0.1689577823320129,0.00013894284641808007,0.0006590271198189761,5.553799238811808,0.06109179162692988,0.0010000000000000007
presynaptic,5.186440677966102,65.17509887710084,0.13916292551431955,0.00023981881667228377,0.0008849416688979215,5.500140895244523,0.060501549847689746,0.0010000000000000007
presynaptic,5.186440677966102,72.36092079270222,0.14037971647800604,0.0002401408796758924,0.0008900485727101734,5.434946227457068,0.05978440850202775,0.0010000000000000009
presynaptic,5.186440677966102,79.48445704914333,0.14854103025354035,0.00018550655612406859,0.0008742142171024904,5.365171938217842,0.059016891320396246,0.0010000000000000007
presynaptic,5.186440677966102,86.216603704469,0.12312891098043413,0.00014472567297270288,0.0007119173406887202,5.280691527206559,0.05808760679927216,0.001
presynaptic,5.288135593220339,28.469737101282814,0.16765919204475008,0.00026055705980551044,0.0009003860900748497,5.8433183226350325,0.06427650154898536,0.0010000000000000007
presynaptic,5.288135593220339,34.434217711049136,0.16049030882801804,0.00024926115159009933,0.0008901925696659439,5.80980477325512,0.06390785250580631,0.0010000000000000009
presynaptic,5.288135593220339,40.66512353522325,0.1749348805744259,0.0001747683350492168,0.0007816087900621231,5.774381059285007,0.06351819165213508,0.0010000000000000009
presynaptic,5.288135593220339,46.381536389631385,0.14228164791867887,0.0002602531979699143,0.0009115803154887495,5.733026637204161,0.06306329300924576,0.0010000000000000009
presynaptic,5.288135593220339,53.40984970078695,0.16181927228686005,0.00021859720124158238,0.0009168456083535569,5.686528483842538,0.0625518133222679,0.0010000000000000009
presynaptic,5.288135593220339,59.58958333737927,0.15342239563816978,0.0002076939080645349,0.0009081161128311426,5.637767486341213,0.06201544234975334,0.0010000000000000009
presynaptic,5.288135593220339,66.1075365725666,0.128382977211392,0.00017271331241169928,0.0007712679983794822,5.5773266198903775,0.061350592818794146,0.0010000000000000009
presynaptic,5.288135593220339,73.8967312284393,0.13220364274918517,0.00021432936893884654,0.0008601132726478173,5.504320657151361,0.06054752722866496,0.0010000000000000007
presynaptic,5.288135593220339,81.46081932166366,0.13635150254168063,0.00022928675592436126,0.000879706725898779,5.425394622192311,0.059679340844115414,0.0010000000000000009
presynaptic,5.288135593220339,88.7948052430459,0.13494426493597475,0.0002241760091515002,0.0008759174947697429,5.338578451996509,0.05872436297196158,0.0010000000000000007
presynaptic,5.389830508474576,28.2862740298635,0.16496767780308394,0.0002511518638117346,0.0008989300462168632,5.937476215549368,0.06531223837104304,0.0010000000000000007
presynaptic,5.389830508474576,34.34806754794687,0.16257349955062558,0.00023541148853002775,0.0009335424628501539,5.902837633443349,0.06493121396787684,0.0010000000000000009
presynaptic,5.389830508474576,40.499131545241205,0.1753915141146809,0.0001752921534895813,0.000786955562840159,5.866889042348008,0.06453577946582807,0.0010000000000000007
presynaptic,5.389830508474576,46.20066166229204,0.1560168828963351,0.00021821126522692314,0.0009213335796386485,5.8276718378386025,0.06410439021622463,0.0010000000000000007
presynaptic,5.389830508474576,52.61022440598848,0.14111576056115463,0.0002551130371245083,0.0009167377129396556,5.7793304568979,0.06357263502587689,0.0010000000000000009
presynaptic,5.389830508474576,59.69660509106182,0.15928543301035392,0.00022985437660163054,0.0008468238125611996,5.727516132195306,0.06300267745414836,0.0010000000000000009
presynaptic,5.389830508474576,65.97464308299168,0.1572348669831097,0.00023599410550587268,0.0008749887469594237,5.67304063424953,0.06240344697674482,0.0010000000000000007
presynaptic,5.389830508474576,72.3345556086748,0.1508468189967706,0.0002084627453131971,0.0009098273179736161,5.611762617719676,0.06172938879491645,0.0010000000000000009
presynaptic,5.389830508474576,78.96379715749002,0.1371418237321246,0.00010599072124853,0.000629735962748582,5.539006854343213,0.060929075397775354,0.0010000000000000007
presynaptic,5.389830508474576,86.25551876936878,0.12349307417327714,0.00016762649880634756,0.0008790150028963324,5.44863469515255,0.059934981646678036,0.0010000000000000002
presynaptic,5.491525423728813,28.23975883088336,0.16613445277353428,0.0002569468144921629,0.0009048786169980015,6.030955575495267,0.06634051133044795,0.0010000000000000009
presynaptic,5.491525423728813,34.25897990938625,0.16335169032018626,0.0002553406052063285,0.0009044931463030028,5.996358002778416,0.06595993803056259,0.0010000000000000007
presynaptic,5.491525423728813,40.38074086600626,0.16778701130411364,0.00024360403749381412,0.0009302216108611292,5.959056380442294,0.06554962018486524,0.0010000000000000007
presynaptic,5.491525423728813,46.340677765934124,0.1586359413631915,0.00024453442132463824,0.0008923078690225044,5.917867419208531,0.06509654161129384,0.0010000000000000007
presynaptic,5.491525423728813,52.644419474192624,0.16069040951124555,0.00023093533252659378,0.0009181607574901786,5.871907117874119,0.0645909782966153,0.0010000000000000009
presynaptic,5.491525423728813,58.86756622602175,0.15994605736627332,0.00023817238532517125,0.0008820028286720833,5.8237695877160816,0.06406146546487688,0.0010000000000000007
presynaptic,5.491525423728813,65.11967407079356,0.15644047448810824,0.000219478587569753,0.0009184868465045571,5.768776428990803,0.06345654071889882,0.0010000000000000007
presynaptic,5.491525423728813,71.51188173490426,0.15565363351717046,0.0002097791901062442,0.0009133661750000938,5.708338436170201,0.06279172279787221,0.0010000000000000007
presynaptic,5.491525423728813,77.93640249554355,0.16003666253705892,0.0001390466324751381,0.0006967216642409078,5.642096417698637,0.06206306059468501,0.0010000000000000007
presynaptic,5.491525423728813,84.18497069327408,0.12704552530878446,0.00015822420459789526,0.0007591900039374,5.560007721507033,0.061160084936577354,0.0010000000000000007
presynaptic,5.593220338983051,27.89148801788648,0.16601457452261772,0.0002711899211004759,0.0009073035206720526,6.1263674008301985,0.0673900414091322,0.0010000000000000007
presynaptic,5.593220338983051,33.91505554426508,0.16634527430002885,0.0002479735639760924,0.0009366341568693971,6.091270855547933,0.06700397941102727,0.0010000000000000007
presynaptic,5.593220338983051,39.926648023870776,0.16371048019415288,0.00025426489994497686,0.0009022407107613148,6.052940753373791,0.0665823482871117,0.0010000000000000007
presynaptic,5.593220338983051,46.03499245493009,0.16481781431142525,0.0002562782885931849,0.0009053198786470444,6.0118903838712745,0.066130794222584,0.0010000000000000009
presynaptic,5.593220338983051,52.10229776520734,0.16459174957221887,0.000254169365952828,0.0009036191297722396,5.967760938877516,0.06564537032765268,0.0010000000000000007
presynaptic,5.593220338983051,58.17793644453995,0.16436559318181887,0.00025334880701173454,0.0009033707990135496,5.919269834672974,0.0651119681814027,0.0010000000000000009
presynaptic,5.593220338983051,64.26193480844215,0.17439424445882984,0.0001814796864478172,0.0008097298688858478,5.867745293453575,0.0645451982279893,0.0010000000000000007
presynaptic,5.593220338983051,69.99606900021632,0.146237311513619,0.00021395282221867897,0.0008808048675368623,5.808557082970523,0.06389412791267575,0.0010000000000000009
presynaptic,5.593220338983051,76.83426911241457,0.1543545172361567,0.00020131163447874832,0.0009064882776975924,5.738276722350336,0.06312104394585369,0.0010000000000000009
presynaptic,5.593220338983051,83.31286149769629,0.1475287690482939,0.00019627452494891487,0.0008982421912796752,5.662588185902426,0.0622884700449267,0.0010000000000000007
presynaptic,5.694915254237288,27.765438567265782,0.16565528635648966,0.0002699240008809142,0.0009148083388194046,6.220199115443081,0.0684221902698739,0.0010000000000000007
presynaptic,5.694915254237288,33.80207055163846,0.16640439507663787,0.0002647038632999523,0.0009149972630016238,6.1843610410281755,0.06802797145130993,0.0010000000000000007
presynaptic,5.694915254237288,39.81152721015669,0.16823246574110204,0.00026550220825472855,0.0009139874653578984,6.146245903067946,0.06760870493374742,0.0010000000000000007
presynaptic,5.694915254237288,45.755683087530144,0.1710002660415321,0.0002683249008685241,0.0009140343682383915,6.106046788410431,0.06716651467251475,0.0010000000000000007
presynaptic,5.694915254237288,51.603627205682116,0.16314945810398387,0.0002610785936311017,0.0009127620781178961,6.061269334471393,0.06667396267918532,0.0010000000000000007
presynaptic,5.694915254237288,57.732976402555614,0.1769531813883976,0.000188854022995194,0.0008276671907434889,6.0145395415494995,0.06615993495704449,0.0010000000000000009
presynaptic,5.694915254237288,63.384188729759174,0.14828986369380898,0.0002238069457991798,0.000893985292010171,5.959731850858569,0.06555705035944424,0.0010000000000000009
presynaptic,5.694915254237288,70.12773798586217,0.15003653234335598,0.00020307797186123363,0.0009213173854524599,5.895269541845899,0.06484796496030489,0.0010000000000000007
presynaptic,5.694915254237288,76.79278138816846,0.1413878599295552,0.0002001235069867366,0.0008429291350938035,5.822431669050042,0.06404674835955049,0.0010000000000000007
presynaptic,5.694915254237288,83.86552441220347,0.14653200921337822,0.00019104052873110581,0.0009125480786514506,5.739012853994849,0.06312914139394334,0.0010000000000000007
presynaptic,5.796610169491525,27.748223893200734,0.1666746429492404,0.0002731572680583685,0.0009165966270729103,6.313825324385074,0.06945207856823583,0.0010000000000000007
presynaptic,5.796610169491525,33.747936760769576,0.1683566080197699,0.0002694938180664899,0.0009180695747113193,6.2776777398816925,0.06905445513869862,0.0010000000000000009
presynaptic,5.796610169491525,39.68770955473423,0.17219871050609936,0.0002746566507005537,0.0009193449989358536,6.239001246995703,0.06862901371695272,0.0010000000000000007
presynaptic,5.796610169491525,45.49495397056613,0.1653902259433262,0.00026859212420211794,0.000917961953205314,6.198197767569084,0.06818017544325992,0.0010000000000000007
presynaptic,5.796610169491525,51.541260481705834,0.18509841536059046,0.00020565686942360123,0.0008592792827260266,6.155293193070338,0.0677082251237737,0.0010000000000000007
presynaptic,5.796610169491525,56.943791875893616,0.16278453477811589,0.0002589993329105566,0.000908471603233306,6.108698450153246,0.06719568295168571,0.0010000000000000007
presynaptic,5.796610169491525,63.086881582560494,0.15557531961775395,0.00024542132564417033,0.0009053761045517075,6.052465626976811,0.06657712189674493,0.0010000000000000007
presynaptic,5.796610169491525,69.51463633477302,0.1659818936776377,0.00017337231853149795,0.0008155089628774353,5.992631197581342,0.06591894317339476,0.0010000000000000007
presynaptic,5.796610169491525,75.53938986567412,0.13712809015178784,0.00020274215571573266,0.0008277282904070034,5.92093790932078,0.06513031700252857,0.0010000000000000007
presynaptic,5.796610169491525,82.83184175421931,0.14076917224628321,0.0002495362459932089,0.0009134128662150481,5.834544383114749,0.06417998821426224,0.0010000000000000007
presynaptic,5.898305084745763,27.94303356297525,0.18658898235474364,0.00021843699914563973,0.0008942497155977822,6.407905646845855,0.0704869621153044,0.0010000000000000007
presynaptic,5.898305084745763,33.302406808812435,0.1676138980171948,0.00027354626776499995,0.0009213135233408523,6.372845993488354,0.07010130592837188,0.0010000000000000007
presynaptic,5.898305084745763,39.268499190348805,0.1717252967877462,0.00027587092312381914,0.0009224589310692704,6.3341093622566245,0.06967520298482287,0.0010000000000000007
presynaptic,5.898305084745763,45.0917530656122,0.1639635373283926,0.00026763196542064826,0.0009272635052698467,6.292343359969602,0.06921577695966563,0.0010000000000000009
presynaptic,5.898305084745763,51.19067003394499,0.17482695190272585,0.0001949929922213395,0.0008591094738418896,6.246560087329472,0.06871216096062419,0.0010000000000000007
presynaptic,5.898305084745763,56.91061189140186,0.15987686247249097,0.00025351668529852736,0.0009040348633176288,6.19780636586161,0.06817587002447771,0.0010000000000000009
presynaptic,5.898305084745763,63.16542565578921,0.15565777393769195,0.00023469323067620767,0.000929860433519525,6.140397725847279,0.06754437498432009,0.0010000000000000007
presynaptic,5.898305084745763,69.58977552732398,0.16646084926877294,0.00017292624978632208,0.0008157862541292221,6.079298397364888,0.06687228237101378,0.0010000000000000007
presynaptic,5.898305084745763,75.59719411489449,0.15999261953400187,0.00015393667960576023,0.0007575201229406365,6.011969565311035,0.06613166521842138,0.0010000000000000007
presynaptic,5.898305084745763,81.84748242764681,0.13964023368419376,0.0002488836864733137,0.000916139567538101,5.933717373506406,0.06527089110857047,0.0010000000000000007
presynaptic,6.0,27.872346201292174,0.16640961222021872,0.000279260005070814,0.000925156441763936,6.49913409754751,0.0714904750730226,0.0010000000000000007
presynaptic,6.0,33.881614456040865,0.17001289220368138,0.000279195147881379,0.00092998233462575,6.461865024101588,0.07108051526511745,0.0010000000000000007
presynaptic,6.0,39.763521334032006,0.17076669384922438,0.00020534762630139994,0.0008962940250110802,6.42290936131416,0.07065200297445576,0.0010000000000000007
presynaptic,6.0,45.61946418482546,0.17797864842166564,0.00019577225863428717,0.0008519311447739604,6.381079497294217,0.07019187447023637,0.0010000000000000009
presynaptic,6.0,51.23811568526167,0.1665318027938124,0.00026435827582779313,0.0009177425369175026,6.335518709665829,0.0696907058063241,0.0010000000000000009
presynaptic,6.0,57.24297471653107,0.16382286542717997,0.0002634544473499223,0.000925192785184319,6.285530657465995,0.06914083723212595,0.0010000000000000007
presynaptic,6.0,63.347128720872455,0.1684145454054096,0.0001895602874092241,0.0008578862055486768,6.230297789516456,0.06853327568468101,0.0010000000000000007
presynaptic,6.0,69.28485813487757,0.15369407124297216,0.00015940682262214698,0.0008120853736254658,6.166886134987915,0.06783574748486704,0.0010000000000000007
presynaptic,6.0,75.79128998298131,0.14325693052877597,0.000256977724665399,0.0009220038815582425,6.093239277045509,0.06702563204750059,0.0010000000000000009
presynaptic,6.0,82.77175505583257,0.15364900693589392,0.00023253311029751276,0.0009047363524323218,6.010005702843447,0.06611006273127792,0.0010000000000000009
postsynaptic,0.12244897959183673,221.02900320559039,0.0882105433495986,0.0002576398180023675,0.0005958536943333657,1.0002438306092742,0.049999999999999996,0.0006251523941307965
postsynaptic,0.12244897959183673,232.36551652959034,0.09047294046147464,0.0002527180987547163,0.0005949490708632149,1.0000878183522743,0.05,0.0006250548864701715
postsynaptic,0.12244897959183673,243.41854514675816,0.09378424936494106,0.000247442972203924,0.000595203817821302,1.0000378380791504,0.04999999999999998,0.000625023648799469
postsynaptic,0.12244897959183673,254.08131641988226,0.09791897683012905,0.0002551307613253553,0.000594055894583602,1.0000213851688649,0.050000000000000044,0.0006250133657305404
postsynaptic,0.12244897959183673,264.2938414316051,0.1005526910343862,0.000246112775004338,0.0005950623096445022,1.000015732522313,0.050000000000000044,0.0006250098328264454
postsynaptic,0.12244897959183673,274.23887611653487,0.10020894005763371,0.000246005875414665,0.0005950796197862411,1.0000136906348547,0.05000000000000004,0.0006250085566467841
postsynaptic,0.12244897959183673,284.2180256756946,0.10023107734219322,0.00024606611601908044,0.0005951900045862625,1.0000129356736367,0.050000000000000044,0.0006250080847960229
postsynaptic,0.12244897959183673,294.19497121511006,0.10023236954051991,0.00024616157318687075,0.0005953500010158815,1.0000126573741754,0.050000000000000044,0.0006250079108588598
postsynaptic,0.12244897959183673,304.17178813148297,0.10023756392080872,0.0002461273841211144,0.0005949859326319753,1.0000125547425023,0.050000000000000044,0.000625007846714064
postsynaptic,0.12244897959183673,314.1480880422633,0.10024140431694488,0.0002461877386660343,0.0005954172646866324,1.0000125168981384,0.050000000000000044,0.0006250078230613365
postsynaptic,0.24489795918367346,205.76916593495915,0.08839292419862589,0.00025893223106450517,0.000597313074652328,1.0021549630929585,0.05,0.000626346851933099
postsynaptic,0.24489795918367346,217.0822886658343,0.08929112926658594,0.00025514902268528207,0.0005958247681575456,1.000715339815026,0.04999999999999997,0.0006254470873843913
postsynaptic,0.24489795918367346,228.2816094518266,0.091868842580881,0.0002566975461362546,0.0005956593112862306,1.0002531810061859,0.04999999999999998,0.000625158238128866
postsynaptic,0.24489795918367346,239.16669270646327,0.09402842404220586,0.00024976841654970894,0.0005953891938627059,1.0001026206527912,0.049999999999999996,0.0006250641379079945
postsynaptic,0.24489795918367346,249.8017747062545,0.08660371369072231,0.00025838672337572693,0.000594562672918689,1.0000508095203655,0.04999999999999999,0.0006250317559502284
postsynaptic,0.24489795918367346,261.34862365052936,0.09025253439280492,0.00024973821287236817,0.0005957281239971786,1.0000332827031675,0.05,0.0006250208016894797
postsynaptic,0.24489795918367346,272.4286449122893,0.0886277986406567,0.00026494661590075814,0.0005949878521890972,1.0000277056136118,0.049999999999999954,0.0006250173160085075
postsynaptic,0.24489795918367346,283.71178649244433,0.09372496672431425,0.00025445835564916045,0.0005944211980714001,1.0000258908862836,0.04999999999999998,0.0006250161818039272
postsynaptic,0.24489795918367346,294.38130215033124,0.0933368135114757,0.00025077606651948884,0.0005946092238061597,1.0000252991072642,0.049999999999999975,0.0006250158119420401
postsynaptic,0.24489795918367346,305.09518836926725,0.09514445090450155,0.0002554588002479937,0.0005949139277255027,1.0000250965044046,0.049999999999999954,0.0006250156853152529
postsynaptic,0.3673469387755102,201.2783040781294,0.08594535570503377,0.00025283086625004506,0.0005997751343234351,1.0049785201248311,0.04999999999999998,0.0006281115750780194
postsynaptic,0.3673469387755102,212.91360411030357,0.09049976293618958,0.0002481330056658309,0.0005965914827109374,1.0016183461231238,0.05000000000000001,0.0006260114663269524
postsynaptic,0.3673469387755102,223.96335681192213,0.08733792883026394,0.0002606148584471134,0.0005957476781829081,1.0005526037049208,0.04999999999999997,0.0006253453773155756
postsynaptic,0.3673469387755102,235.4131360017108,0.09083462723787969,0.00025553567327433823,0.0005950042464322464,1.0002043793965536,0.04999999999999996,0.0006251277371228461
postsynaptic,0.3673469387755102,246.42215349215724,0.08905852906101283,0.0002622592288694607,0.0005955980125501505,1.0000924905028947,0.04999999999999997,0.0006250578065643092
postsynaptic,0.3673469387755102,257.6507243044476,0.0938232481058037,0.0002492070391707368,0.0005956325842792898,1.0000558053731263,0.04999999999999999,0.000625034878358204
postsynaptic,0.3673469387755102,268.3090634707948,0.08611705724377644,0.00025761513187421185,0.0005945722464111682,1.000043553551237,0.04999999999999999,0.0006250272209695231
postsynaptic,0.3673469387755102,279.9211648593646,0.08966201409353425,0.0002481863348948518,0.000595166676280014,1.0000394204674,0.04999999999999998,0.000625024637792125
postsynaptic,0.3673469387755102,291.0741599165224,0.09277682458886345,0.0002549219312486351,0.000595701261369381,1.0000381288684674,0.04999999999999999,0.0006250238305427921
postsynaptic,0.3673469387755102,301.8527137679983,0.0945774375038395,0.00025066735386179484,0.0005953355871430469,1.000037705582828,0.05,0.0006250235659892674
postsynaptic,0.4897959183673469,70.68534818783351,0.049354102671898666,0.00039847182639166995,0.0008420372661190333,1.4140568404728568,0.05000000000000004,0.0008837855252955355
postsynaptic,0.4897959183673469,90.94708826338314,0.049648180901994104,0.0003222202836639729,0.0008334129077804656,1.3906807451039989,0.05000000000000004,0.0008691754656899995
postsynaptic,0.4897959183673469,111.08881313290067,0.05001886044896391,0.0003099288201107553,0.0008165262897498545,1.357728605247825,0.050000000000000044,0.0008485803782798906
postsynaptic,0.4897959183673469,131.08127179797435,0.050507779160810194,0.0003994019409400252,0.0007883267685807208,1.3079302309827041,0.05000000000000004,0.0008174563943641902
postsynaptic,0.4897959183673469,150.88020211356258,0.08402413108320259,0.0003217358001639395,0.0007585673099164038,1.2472681761195632,0.04999999999999998,0.000779542610074727
postsynaptic,0.4897959183673469,162.78154506240875,0.08846857056644133,0.0002960000771321947,0.0007267226906427733,1.1815868051831095,0.05,0.0007384917532394434
postsynaptic,0.4897959183673469,174.08499433933568,0.09667604948503772,0.00027432777620373886,0.0006713574668613545,1.100282334976343,0.05,0.0006876764593602144
postsynaptic,0.4897959183673469,184.42881791639203,0.09578001581216063,0.0002536904461913111,0.0006266286625236479,1.0373561278537071,0.049999999999999975,0.000648347579908567
postsynaptic,0.4897959183673469,194.86940921845607,0.09268747366177134,0.0002648996967652669,0.0006070529855860119,1.0129948231291401,0.05000000000000001,0.0006331217644557125
postsynaptic,0.4897959183673469,205.6583536193913,0.09893758264683292,0.00025539500701370044,0.0005995220971831635,1.0045769268616123,0.05000000000000004,0.0006278605792885076
postsynaptic,0.6122448979591837,58.24520297744679,0.050967451726856655,0.0003807667732396694,0.0009137590601057725,1.5317351570118491,0.050000000000000024,0.0009573344731324055
postsynaptic,0.6122448979591837,77.86556785970875,0.054698982581169536,0.0003962130519296124,0.0009004060117316675,1.509663326572256,0.05000000000000004,0.0009435395791076601
postsynaptic,0.6122448979591837,96.14744355120024,0.057998329820109745,0.00039136513567244096,0.0008875634614260248,1.4819267552377628,0.05000000000000004,0.0009262042220236018
postsynaptic,0.6122448979591837,113.38931936213558,0.07394891938767179,0.0004157382186096223,0.0008719671396743388,1.449737096698634,0.04999999999999993,0.0009060856854366462
postsynaptic,0.6122448979591837,126.91216740752179,0.09399879543385806,0.0003915093241454962,0.0008584124954859124,1.4167672981052586,0.04999999999999999,0.0008854795613157867
postsynaptic,0.6122448979591837,137.55060160643285,0.09809074319772067,0.0003734178849699148,0.0008356372979360275,1.3794469729761578,0.05000000000000004,0.0008621543581100987
postsynaptic,0.6122448979591837,147.74524350025874,0.10448517502588192,0.00035337549660927384,0.0008096899173022728,1.3336344165711078,0.05000000000000004,0.0008335215103569423
postsynaptic,0.6122448979591837,157.31597925059165,0.10569263746946572,0.00032605754209222667,0.0007830429771286592,1.2755551923611521,0.05000000000000004,0.0007972219952257201
postsynaptic,0.6122448979591837,166.77737622149132,0.10978526166738653,0.00028618356080140577,0.0007352579351953178,1.2025615532999603,0.05000000000000004,0.0007516009708124753
postsynaptic,0.6122448979591837,175.88606699484552,0.10475975810964745,0.0002912683624142651,0.000690909009621328,1.111763489411208,0.05000000000000003,0.000694852180882005
postsynaptic,0.7346938775510204,47.89206721160698,0.09286252017213434,0.0004564707817537038,0.0009919046429879771,1.6543141913664443,0.049999999999999954,0.0010339463696040277
postsynaptic,0.7346938775510204,58.660674375685154,0.10293473935169956,0.0004584296360200667,0.0009846224021754838,1.6435681366067665,0.05000000000000004,0.001027230085379229
postsynaptic,0.7346938775510204,68.37556758179001,0.11154484970740564,0.0004554653656270879,0.0009769790353705641,1.6322462097010646,0.05000000000000003,0.0010201538810631653
postsynaptic,0.7346938775510204,77.34057136836653,0.10901816124733722,0.0004633379561661731,0.0009734323775888535,1.6196810103068988,0.05000000000000004,0.0010123006314418119
postsynaptic,0.7346938775510204,86.51335495376593,0.11289338702512132,0.0004585939825177495,0.0009640724230502311,1.6054411593131965,0.05000000000000004,0.001003400724570748
postsynaptic,0.7346938775510204,95.37126972053147,0.10314567278986467,0.0004349990969634118,0.0009538458668188482,1.5881269987297009,0.050000000000000044,0.0009925793742060632
postsynaptic,0.7346938775510204,105.0662959194227,0.10318961964866365,0.0004285596770451878,0.0009449186601557528,1.566927285272703,0.050000000000000044,0.0009793295532954395
postsynaptic,0.7346938775510204,114.7571931570011,0.10682543031246715,0.00040985126030256545,0.000929376471672154,1.5422096513027463,0.050000000000000024,0.0009638810320642165
postsynaptic,0.7346938775510204,124.11826005909523,0.10587755200160122,0.00041609557043273794,0.0009151175635334123,1.5121988715224925,0.05000000000000004,0.0009451242947015578
postsynaptic,0.7346938775510204,133.56313275491348,0.11160660069298671,0.0004070608276200894,0.0008972632582542428,1.4768280480340223,0.05000000000000004,0.000923017530021264
postsynaptic,0.8571428571428571,43.67333520587222,0.10038751190107091,0.0004882369972546564,0.0010608424473325466,1.768489790379105,0.05000000000000004,0.0011053061189869402
postsynaptic,0.8571428571428571,53.63473360157578,0.1063460111644763,0.0004977535336224321,0.001052768676799701,1.7573885789886996,0.05000000000000004,0.001098367861867937
postsynaptic,0.8571428571428571,63.038001190553665,0.11439595110385371,0.0004918039766801567,0.001046490531833015,1.745646445008333,0.05000000000000002,0.001091029028130208
postsynaptic,0.8571428571428571,71.77956931731504,0.11548567701260477,0.00046595026926543257,0.001040617663046542,1.7325805379826185,0.05000000000000004,0.0010828628362391365
postsynaptic,0.8571428571428571,80.43865177557394,0.11774971030961073,0.0004621105928448312,0.0010307685610404331,1.718267665049576,0.05000000000000003,0.001073917290655985
postsynaptic,0.8571428571428571,88.9312416712994,0.11340461247386975,0.0004380913611902784,0.001022906081877428,1.7013299669012631,0.050000000000000024,0.0010633312293132898
postsynaptic,0.8571428571428571,97.7492251570277,0.11480511988861489,0.0004732071623683195,0.0010097664801722217,1.681683821254843,0.05000000000000004,0.0010510523882842771
postsynaptic,0.8571428571428571,106.4596380808608,0.11323326576888819,0.00045875098023991323,0.0009963392777768238,1.6587348192963,0.05000000000000003,0.0010367092620601876
postsynaptic,0.8571428571428571,115.29096510485589,0.11422831312854337,0.0004151572861406667,0.0009812528463165777,1.6318680426037717,0.05000000000000002,0.0010199175266273573
postsynaptic,0.8571428571428571,124.04536208938178,0.11070739175107346,0.0004076258120854835,0.0009699031907301518,1.598877743630212,0.05000000000000003,0.0009992985897688826
postsynaptic,0.9795918367346939,41.03105273842703,0.11345021689504137,0.0005215770970424101,0.0011271681912532138,1.8821051601422147,0.05000000000000003,0.0011763157250888842
postsynaptic,0.9795918367346939,49.845491594239455,0.11637810129238471,0.0005070882415805587,0.0011197403671706226,1.871355312617222,0.05000000000000003,0.0011695970703857637
postsynaptic,0.9795918367346939,58.43817345530223,0.1152481432471372,0.0005112171763134107,0.0011154952454835653,1.8592043771945161,0.05000000000000004,0.0011620027357465727
postsynaptic,0.9795918367346939,67.11510283416092,0.11417033029113556,0.0005058874043869365,0.0011055751528964912,1.8454233320235767,0.050000000000000024,0.0011533895825147356
postsynaptic,0.9795918367346939,75.87394584924189,0.11279927955745098,0.00049175667270127,0.0010967274119574218,1.8294192021441449,0.05000000000000003,0.0011433870013400904
postsynaptic,0.9795918367346939,84.73925069802578,0.11567026937786784,0.0005159855930061811,0.0010883181031997966,1.8114080243900867,0.05000000000000004,0.0011321300152438041
postsynaptic,0.9795918367346939,93.38451456209818,0.11079570321156876,0.0004833351090303176,0.0010763034398116444,1.7901545509905064,0.05000000000000003,0.0011188465943690663
postsynaptic,0.9795918367346939,102.41013533089695,0.10955338628868108,0.00048081196590777167,0.001062553891371249,1.7650254131108816,0.05000000000000004,0.001103140883194301
postsynaptic,0.9795918367346939,111.53810511692372,0.11245088096049452,0.0004519307211860451,0.0010475031945370156,1.7358763742078418,0.05000000000000004,0.001084922733879901
postsynaptic,0.9795918367346939,120.4308767115839,0.11254426139495854,0.0004487223400775726,0.0010314075871037038,1.700902045854176,0.05000000000000003,0.0010630637786588598
postsynaptic,1.1020408163265305,38.76451209476018,0.11455880635948457,0.0005603164054316532,0.00119448642806606,1.9954290190926725,0.05000000000000004,0.0012471431369329203
postsynaptic,1.1020408163265305,47.49365332605067,0.11818067365713202,0.0005660943751753808,0.001189964688561144,1.9836535484331157,0.050000000000000044,0.0012397834677706971
postsynaptic,1.1020408163265305,55.95527373364133,0.12445904465632575,0.0005172224820140061,0.001185050513947206,1.971278864242186,0.049999999999999926,0.001232049290151366
postsynaptic,1.1020408163265305,63.99004535479063,0.1204838133655491,0.00052992919283595,0.0011738320864431925,1.9572340216318262,0.050000000000000024,0.0012232712635198914
postsynaptic,1.1020408163265305,72.28991545407102,0.12152669856261257,0.0005349083261971699,0.0011645056622855592,1.9413987475102876,0.05000000000000002,0.0012133742171939296
postsynaptic,1.1020408163265305,80.51855995628947,0.11373333633049058,0.0005175850320266255,0.0011565204563831687,1.9228310725450772,0.05000000000000003,0.0012017694203406734
postsynaptic,1.1020408163265305,89.31105679375287,0.1239391894138148,0.0004968490182431947,0.0011451455037362153,1.901763804479395,0.04999999999999991,0.0011886023777996219
postsynaptic,1.1020408163265305,97.37952976610019,0.11936392656707676,0.0005112483564443929,0.0011296271107788774,1.8780797555829738,0.05000000000000004,0.0011737998472393589
postsynaptic,1.1020408163265305,105.75727025068494,0.1211772265231111,0.00048404976554101357,0.0011174679054545115,1.8506119196514301,0.050000000000000024,0.0011566324497821437
postsynaptic,1.1020408163265305,114.00964595437608,0.11824073666743765,0.0004901018144496674,0.001098116059198686,1.8182357648959528,0.05000000000000004,0.0011363973530599707
postsynaptic,1.2244897959183674,37.6752310750354,0.11549171208944814,0.0005845810494755985,0.0012654679892096978,2.1076424085773673,0.05000000000000004,0.0013172765053608545
postsynaptic,1.2244897959183674,46.33386104863473,0.12820949568134743,0.0005943119375301838,0.0012554881917846948,2.095362813424492,0.04999999999999991,0.0013096017583903072
postsynaptic,1.2244897959183674,54.13359534043325,0.12476367397459517,0.0005690195517682136,0.0012471919439694622,2.082321605546972,0.04999999999999993,0.0013014510034668576
postsynaptic,1.2244897959183674,62.1487488554189,0.12624914354896855,0.000554915712992028,0.0012410669273372112,2.0676800382523326,0.04999999999999992,0.0012923000239077082
postsynaptic,1.2244897959183674,70.06959466782735,0.12762343506512616,0.0005387623025898908,0.001229937394877018,2.0515423107542374,0.04999999999999995,0.0012822139442213983
postsynaptic,1.2244897959183674,77.90514618303065,0.12541133941995725,0.0005465784962905551,0.0012173277663898462,2.0329185275298958,0.04999999999999995,0.0012705740797061848
postsynaptic,1.2244897959183674,85.87890680647286,0.12378788517717487,0.0005326344667602604,0.0012079867189915886,2.011760477909402,0.04999999999999994,0.0012573502986933764
postsynaptic,1.2244897959183674,93.9572417628276,0.12021571551967078,0.0005443314204599154,0.0011960945705003381,1.9872494619109653,0.050000000000000024,0.0012420309136943531
postsynaptic,1.2244897959183674,102.27562173234475,0.11998074648666242,0.0005096411421824813,0.0011808758435852462,1.958255315004121,0.05000000000000003,0.0012239095718775755
postsynaptic,1.2244897959183674,110.61029232977401,0.1207571319743816,0.0004984270354851541,0.0011616070680751506,1.9250739442543032,0.05000000000000003,0.0012031712151589391
postsynaptic,1.346938775510204,36.16326263958214,0.1207543096352558,0.0006334528280396152,0.0013331021426958526,2.2210029913602125,0.05000000000000003,0.0013881268696001327
postsynaptic,1.346938775510204,44.4445405750906,0.12547154818830658,0.0006308298612652,0.0013221746885864335,2.2080179888336375,0.04999999999999994,0.0013800112430210234
postsynaptic,1.346938775510204,52.41447491031701,0.12355049314352176,0.0006062179114521284,0.0013164701895827706,2.19363278010283,0.04999999999999995,0.0013710204875642686
postsynaptic,1.346938775510204,60.50833171781964,0.13251854298276458,0.0005828979181213604,0.0013063138778736025,2.178388885638653,0.04999999999999992,0.001361493053524158
postsynaptic,1.346938775510204,68.05444547285889,0.12320172517208643,0.0005832772341773515,0.0012982311451984264,2.1609487663773423,0.04999999999999994,0.001350592978985839
postsynaptic,1.346938775510204,76.17121493045548,0.1287375875729877,0.0005886354348333865,0.0012835745539424997,2.1411309850902014,0.049999999999999926,0.0013382068656813753
postsynaptic,1.346938775510204,83.93895408770084,0.12814165269486097,0.0005757828057136856,0.0012765223619235478,2.1194976009029824,0.04999999999999991,0.0013246860005643641
postsynaptic,1.346938775510204,91.74281785072927,0.12124329930546746,0.0005923845695796883,0.0012632999901698242,2.093742348141505,0.050000000000000024,0.0013085889675884409
postsynaptic,1.346938775510204,99.99069633744499,0.12580528897910823,0.0005436202961754004,0.0012434385364143725,2.064021725903103,0.04999999999999993,0.001290013578689439
postsynaptic,1.346938775510204,107.9394877445063,0.12446055047130859,0.0005513726062964482,0.0012214151166989344,2.030624088100861,0.049999999999999926,0.001269140055063038
postsynaptic,1.469387755102041,34.447702970619595,0.1288012490299629,0.0006328428493548649,0.0013984905571850397,2.3352551184632664,0.049999999999999926,0.0014595344490395414
postsynaptic,1.469387755102041,42.21160283596462,0.12665433073487842,0.000630345591743788,0.0013907244264911487,2.321942759212371,0.049999999999999926,0.0014512142245077322
postsynaptic,1.469387755102041,50.10710861297014,0.1225170069645378,0.0006306682470888198,0.0013851403074646219,2.3068240525785484,0.04999999999999992,0.0014417650328615928
postsynaptic,1.469387755102041,58.26924075099606,0.12681739621722599,0.000592541659415617,0.001377673801437697,2.290052787051037,0.04999999999999993,0.0014312829919068985
postsynaptic,1.469387755102041,66.15459425791633,0.1259080142847379,0.0005809160887173078,0.001367854743666101,2.2715877090651526,0.04999999999999992,0.0014197423181657202
postsynaptic,1.469387755102041,74.0969004381927,0.13204502163661783,0.0005810929112779218,0.0013474175149798557,2.2512692288637255,0.04999999999999996,0.0014070432680398281
postsynaptic,1.469387755102041,81.6700750085446,0.12598875391836226,0.0006031723902934846,0.0013418132047988188,2.2280293756238905,0.04999999999999991,0.0013925183597649315
postsynaptic,1.469387755102041,89.6072913782531,0.12721363513739378,0.0006008445160068676,0.0013253702636477878,2.201737371302714,0.04999999999999995,0.001376085857064196
postsynaptic,1.469387755102041,97.46808396483374,0.12693017694750586,0.0005781841544849455,0.0013086106769893495,2.1715233299501553,0.04999999999999994,0.0013572020812188472
postsynaptic,1.469387755102041,105.34643113213949,0.12557917698897134,0.0005476914257448641,0.0012877046641327859,2.1368013175094003,0.04999999999999995,0.0013355008234433754
postsynaptic,1.5918367346938775,33.841853262489906,0.12923693126587973,0.0006421372992445035,0.0014651615696272564,2.447512375372942,0.04999999999999994,0.0015296952346080888
postsynaptic,1.5918367346938775,41.5795795471128,0.12895472983646317,0.0006880941490129262,0.0014560125536998713,2.4334748896439455,0.049999999999999926,0.0015209218060274656
postsynaptic,1.5918367346938775,49.33423888584487,0.13128347374951047,0.0006699780663356957,0.0014492579602894196,2.418045886742872,0.04999999999999994,0.0015112786792142948
postsynaptic,1.5918367346938775,56.95134385297885,0.12507245593259417,0.0006359339026748079,0.001440959983839934,2.4006399485345478,0.04999999999999994,0.0015003999678340925
postsynaptic,1.5918367346938775,64.9467093596651,0.13088385444616793,0.0006191977590553586,0.0014281958445816782,2.381138108974778,0.04999999999999993,0.0014882113181092361
postsynaptic,1.5918367346938775,72.5870711463154,0.12713215620830906,0.0006294332969216737,0.001419644936163999,2.359404010561205,0.04999999999999993,0.001474627506600753
postsynaptic,1.5918367346938775,80.45290171054712,0.12707747071254666,0.0006066229442500468,0.0014016482218978789,2.334834940957619,0.04999999999999994,0.0014592718380985114
postsynaptic,1.5918367346938775,88.32211719298328,0.11800408012230502,0.00061293440205253,0.0013858649003038164,2.3053006951135027,0.05000000000000003,0.001440812934445939
postsynaptic,1.5918367346938775,96.7964004462704,0.12567601051414154,0.0005716883724776984,0.0013684820641767916,2.271923421752463,0.049999999999999954,0.0014199521385952893
postsynaptic,1.5918367346938775,104.75336849378394,0.13051016430013956,0.0005898413121252848,0.0013489030988457515,2.2355836622092853,0.049999999999999926,0.0013972397888808036
postsynaptic,1.7142857142857142,32.5291332487212,0.13407114707178713,0.0006921541357297519,0.0015362462274401483,2.5616258334432795,0.049999999999999954,0.0016010161459020498
postsynaptic,1.7142857142857142,39.98785961782252,0.13218853610224338,0.0006884720351868633,0.0015238930401068596,2.547212377099741,0.04999999999999995,0.0015920077356873382
postsynaptic,1.7142857142857142,47.552812143104546,0.13113679853773857,0.0006850363886300348,0.0015181869928401627,2.5310313839692107,0.04999999999999993,0.0015818946149807566
postsynaptic,1.7142857142857142,55.17843676678498,0.1283675960511928,0.0006840649474385848,0.0015055293195363605,2.5128990478093467,0.04999999999999991,0.0015705619048808422
postsynaptic,1.7142857142857142,62.96856473335687,0.12763027851323863,0.0006755601868435935,0.0014955400098924355,2.4927546778834015,0.04999999999999995,0.001557971673677126
postsynaptic,1.7142857142857142,70.80369611165496,0.126512839173248,0.0006632555995350116,0.0014820206777406318,2.469436484710145,0.04999999999999992,0.0015433978029438405
postsynaptic,1.7142857142857142,78.70803219750147,0.12736698998576956,0.0006542067723123191,0.001467667751277602,2.443590608303896,0.04999999999999994,0.001527244130189935
postsynaptic,1.7142857142857142,86.55936008168659,0.13246235556752697,0.0006270207652278157,0.00145990775127723,2.415120062262457,0.049999999999999926,0.0015094500389140357
postsynaptic,1.7142857142857142,94.10867472066882,0.13524164053629426,0.0006183435262231252,0.0014396168425149678,2.383118193310763,0.049999999999999926,0.0014894488708192266
postsynaptic,1.7142857142857142,101.50284707789953,0.12974355483430305,0.0006236701417421232,0.0014103983474361825,2.3476279477007904,0.04999999999999995,0.0014672674673129945
postsynaptic,1.836734693877551,31.80422684716509,0.1316177065268132,0.0007292727516171232,0.00160041275912042,2.674420374118127,0.04999999999999995,0.0016715127338238294
postsynaptic,1.836734693877551,39.40198877744367,0.13050789780645028,0.0007257762414791121,0.0015937646680848326,2.658864128100274,0.049999999999999926,0.0016617900800626711
postsynaptic,1.836734693877551,47.06436030290529,0.12966940577948136,0.0007232586422411173,0.0015839376891036072,2.6415235961397916,0.04999999999999995,0.00165095224758737
postsynaptic,1.836734693877551,54.77627965650071,0.12927592166952423,0.0007150287404936475,0.00157381290992982,2.6222518686464964,0.04999999999999993,0.0016389074179040599
postsynaptic,1.836734693877551,62.51167219585046,0.12838828214735368,0.0007038367937157195,0.0015574651710762975,2.6006127958775482,0.04999999999999991,0.0016253829974234675
postsynaptic,1.836734693877551,70.30054500631677,0.13357087128237644,0.0007212047608523736,0.0015453666749207172,2.5768638793899497,0.04999999999999995,0.0016105399246187184
postsynaptic,1.836734693877551,77.78720725834283,0.1328899829575243,0.000683070258705107,0.0015364458564682193,2.5508894706531087,0.04999999999999993,0.0015943059191581932
postsynaptic,1.836734693877551,85.31222891719601,0.1327056087464879,0.0006626684629042137,0.0015186630829188378,2.521342163377338,0.04999999999999993,0.0015758388521108363
postsynaptic,1.836734693877551,92.84770544637824,0.13190498329036937,0.0006535795731290299,0.0014977329824056244,2.487895359077415,0.04999999999999996,0.0015549345994233842
postsynaptic,1.836734693877551,100.42892015908282,0.13757739030775876,0.0006428320757384719,0.0014791908775112382,2.4504953440611055,0.049999999999999926,0.0015315595900381907
postsynaptic,1.9591836734693877,31.584456229974663,0.13172075623733895,0.0007614399243506687,0.001667218366367501,2.7865415621267813,0.04999999999999995,0.0017415884763292383
postsynaptic,1.9591836734693877,39.17627416790212,0.13114563782185176,0.0007583646973743829,0.001661983869374281,2.7700702406227977,0.04999999999999994,0.0017312939003892487
postsynaptic,1.9591836734693877,46.80138482052177,0.13974677073654862,0.0007447239633334468,0.0016528874754522392,2.752350412905466,0.04999999999999993,0.001720219008065916
postsynaptic,1.9591836734693877,53.95718523529633,0.137176231948203,0.0007272062533853374,0.0016390932429145488,2.733252129515773,0.04999999999999992,0.0017082825809473577
postsynaptic,1.9591836734693877,61.24707784859974,0.13575369876921753,0.0007337159814976802,0.0016261359272884482,2.712001528617623,0.04999999999999995,0.0016950009553860141
postsynaptic,1.9591836734693877,68.61335964472235,0.13842010268748253,0.0006805776609231151,0.0016171256809254474,2.688407746923513,0.04999999999999994,0.0016802548418271956
postsynaptic,1.9591836734693877,75.83774382436529,0.13427116980221634,0.0007118440534588606,0.0015981713507294965,2.6616930510044816,0.04999999999999996,0.0016635581568778012
postsynaptic,1.9591836734693877,83.28535898607883,0.13666171987165748,0.0006614832895723668,0.0015867275637650798,2.632161082527723,0.04999999999999997,0.0016451006765798265
postsynaptic,1.9591836734693877,90.60269701562453,0.134926769222016,0.0007184150805250032,0.0015694580855216461,2.5982563400693843,0.049999999999999926,0.0016239102125433652
postsynaptic,1.9591836734693877,98.01412475354468,0.13975405519524986,0.0006915684134802838,0.0015467605680940645,2.560983352924655,0.049999999999999926,0.0016006145955779092
postsynaptic,2.0816326530612246,30.761869588052814,0.13776466732323436,0.0008277428780806678,0.0017340220389336022,2.900372896104236,0.049999999999999926,0.0018127330600651475
postsynaptic,2.0816326530612246,38.020624822105106,0.14067670134958946,0.0007843931547030931,0.0017301303824925473,2.8841501083507217,0.04999999999999995,0.0018025938177192008
postsynaptic,2.0816326530612246,45.129122465328514,0.13860931341555735,0.000771064316849865,0.0017195175142769728,2.8661120028585105,0.04999999999999994,0.0017913200017865695
postsynaptic,2.0816326530612246,52.34364489068641,0.13656246116054604,0.0007799024357177113,0.0017109935167345818,2.8462020253159017,0.04999999999999996,0.001778876265822439
postsynaptic,2.0816326530612246,59.66630143555035,0.14043695004666557,0.0007943408509405304,0.00169691401867412,2.824445822211688,0.04999999999999995,0.001765278638882305
postsynaptic,2.0816326530612246,66.78693457140037,0.1345894691897648,0.0007683388668597454,0.0016839825547077549,2.8001338706148746,0.049999999999999926,0.0017500836691342967
postsynaptic,2.0816326530612246,74.21693638372676,0.1388694532535548,0.0007634602922700057,0.0016677548286416165,2.7726711741044947,0.049999999999999954,0.0017329194838153093
postsynaptic,2.0816326530612246,81.41794406807438,0.1307073730637419,0.0007503011415577235,0.001651004371669263,2.7416902069373483,0.049999999999999926,0.0017135563793358424
postsynaptic,2.0816326530612246,89.06862188800372,0.13875605904960703,0.0007164140112217207,0.0016312946753896992,2.7066303064713995,0.04999999999999995,0.0016916439415446244
postsynaptic,2.0816326530612246,96.27551437867677,0.13808632628901105,0.0007126383878176197,0.0016129934056166096,2.668506803248529,0.04999999999999994,0.0016678167520303307
postsynaptic,2.204081632653061,29.420137165560813,0.13094404364337295,0.0008402772630909996,0.001807269904481704,3.0148200805203724,0.04999999999999993,0.0018842625503252331
postsynaptic,2.204081632653061,37.056987015130964,0.14024691542102166,0.0008207638906942619,0.0017960470302369953,2.9972509404221577,0.04999999999999993,0.0018732818377638488
postsynaptic,2.204081632653061,44.187268611685134,0.14322150996197258,0.000838190520901583,0.0017909217473691325,2.978909482793848,0.049999999999999954,0.001861818426746155
postsynaptic,2.204081632653061,51.169460045538294,0.13963582831417992,0.0008413746164265487,0.0017726680935958989,2.958523188202631,0.049999999999999926,0.0018490769926266444
postsynaptic,2.204081632653061,58.33094583377027,0.13882870900904443,0.0008302300584239326,0.0017627658080623847,2.93611806468667,0.049999999999999954,0.001835073790429169
postsynaptic,2.204081632653061,65.53406691108903,0.13898742766572772,0.0008240094243104464,0.0017478350470309524,2.9111009885477577,0.04999999999999996,0.0018194381178423481
postsynaptic,2.204081632653061,72.72896228252546,0.13796093139823914,0.0008121508351293236,0.0017291701648597428,2.8830462224546256,0.04999999999999993,0.0018019038890341407
postsynaptic,2.204081632653061,79.97739116644907,0.14320717226200091,0.0007831473078570136,0.0017156151183560125,2.8521809610565096,0.04999999999999995,0.0017826131006603184
postsynaptic,2.204081632653061,86.96028164745428,0.14781039873579607,0.0007321938059891946,0.0016935221251999065,2.819391240554266,0.04999999999999994,0.0017621195253464163
postsynaptic,2.204081632653061,93.72570551852746,0.13673896840008595,0.0007446467130569178,0.0016840112295356028,2.7808819466144485,0.04999999999999996,0.0017380512166340304
postsynaptic,2.326530612244898,29.706516624755565,0.13984024008691268,0.0008486907482331921,0.0018713147801636097,3.126728019069772,0.04999999999999993,0.0019542050119186073
postsynaptic,2.326530612244898,36.85753409568157,0.1420468009084732,0.0008027194497233045,0.00186229614639014,3.1086927705545513,0.049999999999999926,0.0019429329815965949
postsynaptic,2.326530612244898,43.897467368408655,0.1405765667358528,0.0007956858201076373,0.0018557333971287572,3.0894022643666386,0.04999999999999994,0.0019308764152291492
postsynaptic,2.326530612244898,51.01102849185697,0.13999175665630725,0.0007787204621647748,0.001845808426534324,3.0681582447935143,0.04999999999999993,0.0019175989029959464
postsynaptic,2.326530612244898,58.15430623823951,0.1347893705230822,0.0008134676933936577,0.0018247362165718947,3.0436496725161963,0.04999999999999992,0.001902281045322623
postsynaptic,2.326530612244898,65.5732888784823,0.14201834206081881,0.0007898493378560692,0.0018133949994873098,3.017422442464806,0.04999999999999992,0.0018858890265405037
postsynaptic,2.326530612244898,72.61463287313163,0.14488665109663826,0.000814628752207041,0.0017965746313584531,2.9889226690689688,0.04999999999999994,0.0018680766681681055
postsynaptic,2.326530612244898,79.5165799637094,0.14204803592077003,0.0007544911105930531,0.001782832819901357,2.957014611564129,0.049999999999999926,0.001848134132227581
postsynaptic,2.326530612244898,86.55645202894351,0.14154598316356584,0.0007400569591786777,0.0017621424781679143,2.9218554023782684,0.04999999999999997,0.0018261596264864182
postsynaptic,2.326530612244898,93.62129398100677,0.13716455642516098,0.0007413453031236829,0.001742276424917383,2.88079772011581,0.04999999999999992,0.0018004985750723814
postsynaptic,2.4489795918367347,28.863335609432305,0.14874654596247813,0.0008884841494447887,0.0019420309068573882,3.241245846574501,0.049999999999999954,0.002025778654109063
postsynaptic,2.4489795918367347,35.58618079235342,0.14028000971508217,0.0008377861891377965,0.0019310916355755959,3.2230102141854537,0.04999999999999994,0.0020143813838659087
postsynaptic,2.4489795918367347,42.71478024163393,0.1401457704343949,0.0009036906679834667,0.001918712732793278,3.202949306320462,0.04999999999999994,0.0020018433164502893
postsynaptic,2.4489795918367347,49.85020785318729,0.14799429678188686,0.0008911132114834759,0.0019048961718082574,3.1814332135799566,0.04999999999999994,0.001988395758487473
postsynaptic,2.4489795918367347,56.60722499333962,0.14332477068544544,0.0008693822094230092,0.0019005958447844927,3.157761824446126,0.04999999999999995,0.0019736011402788287
postsynaptic,2.4489795918367347,63.58438599082482,0.14325636180066775,0.0008411785810365455,0.0018774614950824516,3.131845455209662,0.049999999999999954,0.0019574034095060384
postsynaptic,2.4489795918367347,70.56487877613957,0.1454426892754182,0.000779373115499274,0.0018716255826682743,3.1025599024245145,0.04999999999999994,0.0019390999390153218
postsynaptic,2.4489795918367347,77.4404392115379,0.14365027213908046,0.0008153395167367948,0.0018480033772255082,3.070789891686554,0.04999999999999996,0.001919243682304096
postsynaptic,2.4489795918367347,84.40179045096899,0.13842731216181603,0.0007976073847179205,0.001819672882827185,3.034432176377904,0.04999999999999994,0.0018965201102361898
postsynaptic,2.4489795918367347,91.62579837529421,0.13708975091612652,0.0007810890896907872,0.0017990432518343107,2.991793209789052,0.04999999999999991,0.0018698707561181564
postsynaptic,2.5714285714285716,28.970026218294564,0.14616582565930653,0.000902358850422728,0.0020051918680304066,3.3529642168001565,0.04999999999999996,0.0020956026355000977
postsynaptic,2.5714285714285716,35.811570714002265,0.14677994587845672,0.0008911110672196374,0.001994340869620331,3.334101690683545,0.049999999999999975,0.0020838135566772155
postsynaptic,2.5714285714285716,42.62449051728428,0.14609503593187728,0.0009004836313895988,0.001983645936619557,3.313827116815357,0.049999999999999954,0.002071141948009598
postsynaptic,2.5714285714285716,49.46935005423864,0.15438197982097485,0.0008774007799077188,0.001970649735980718,3.292090647496947,0.04999999999999996,0.0020575566546855916
postsynaptic,2.5714285714285716,55.94678998057994,0.14147853425673634,0.0008916179557603185,0.001960527203434413,3.2680137370573017,0.04999999999999997,0.002042508585660814
postsynaptic,2.5714285714285716,63.01500004688819,0.14111175099485063,0.0008681489455609248,0.0019471763575810072,3.240402172063976,0.04999999999999996,0.002025251357539985
postsynaptic,2.5714285714285716,70.10158208523659,0.1404034442916207,0.0008537457638571818,0.0019212136338077304,3.209708653123984,0.04999999999999994,0.0020060679082024896
postsynaptic,2.5714285714285716,77.22391448274516,0.1396578037941939,0.000842458530428148,0.0019015338556399209,3.174604300585149,0.049999999999999926,0.0019841276878657175
postsynaptic,2.5714285714285716,84.38427339454392,0.1389565608068982,0.0008261284582517866,0.0018844170999212592,3.1361869919851473,0.049999999999999954,0.001960116869990717
postsynaptic,2.5714285714285716,91.58076699076682,0.13876520302280285,0.0008109717738345322,0.0018673835006193336,3.092420879025521,0.04999999999999995,0.001932763049390951
postsynaptic,2.693877551020408,27.95524415625456,0.1442445217666017,0.0009823104661542937,0.002071030286047833,3.4676076571701895,0.04999999999999997,0.002167254785731369
postsynaptic,2.693877551020408,34.88791645294028,0.1494401040322248,0.0008917678272667752,0.002067611064042881,3.448152159473999,0.04999999999999997,0.0021550950996712492
postsynaptic,2.693877551020408,41.57956061684131,0.14559643249501586,0.0009218747660777038,0.0020588243672339164,3.427482851498996,0.04999999999999995,0.0021421767821868725
postsynaptic,2.693877551020408,48.44786077271383,0.1433920201356351,0.0009180663824740133,0.002045601206881758,3.403896595929619,0.049999999999999954,0.0021274353724560118
postsynaptic,2.693877551020408,55.421749550165295,0.14250958690402118,0.000906598481867025,0.0020287574130156594,3.3780974697747355,0.04999999999999993,0.0021113109186092095
postsynaptic,2.693877551020408,62.438821325648654,0.1423004021727978,0.0008980070626756378,0.0020158643085594007,3.3494867549585394,0.04999999999999993,0.0020934292218490872
postsynaptic,2.693877551020408,69.4662083514821,0.14163504925445167,0.0008958790528896086,0.001999505201218294,3.318024228297592,0.04999999999999997,0.002073765142685995
postsynaptic,2.693877551020408,76.52660763304318,0.14839980342336567,0.000855173071557488,0.0019788645545488863,3.282954084550265,0.04999999999999995,0.002051846302843916
postsynaptic,2.693877551020408,83.26516103359674,0.14918691003083537,0.0008478787954322702,0.0019595497387364966,3.246098808951028,0.04999999999999996,0.0020288117555943923
postsynaptic,2.693877551020408,89.96816198584725,0.14169155669174033,0.0008119289307603148,0.0019387950122762823,3.2036756128039845,0.04999999999999997,0.00200229725800249
postsynaptic,2.816326530612245,27.97152126109895,0.14598071722901057,0.000977027210477504,0.0021412651421136497,3.5797962810402377,0.04999999999999995,0.002237372675650149
postsynaptic,2.816326530612245,34.82174106397351,0.14512019034803325,0.0009700884743597278,0.0021354225621212815,3.55941248460572,0.04999999999999994,0.002224632802878575
postsynaptic,2.816326530612245,41.71258097812852,0.14493926469552953,0.0009591709277677533,0.0021199473004236374,3.5369566681050473,0.04999999999999993,0.002210597917565655
postsynaptic,2.816326530612245,48.61202263115937,0.14517218313208824,0.0009518233755912226,0.0021034364158913485,3.513053758043825,0.04999999999999994,0.00219565859877739
postsynaptic,2.816326530612245,55.50039462106137,0.14908177113673066,0.0009777316776737842,0.002091343228461563,3.486532560878327,0.04999999999999996,0.0021790828505489548
postsynaptic,2.816326530612245,62.208122818647965,0.15420790582244773,0.0009401853425284046,0.002072223905247822,3.4587803669415873,0.049999999999999954,0.002161737729338492
postsynaptic,2.816326530612245,68.69287465200327,0.1468551868918514,0.0009201914898401225,0.002055878819514824,3.427361834623184,0.04999999999999997,0.00214210114663949
postsynaptic,2.816326530612245,75.50230386703284,0.15573345387877788,0.0008605037111362345,0.0020375440604211187,3.3934151450257946,0.04999999999999998,0.0021208844656411215
postsynaptic,2.816326530612245,81.92353177339132,0.14938708342988616,0.0008673539243119232,0.0020149445889892877,3.3562938527103685,0.049999999999999975,0.0020976836579439805
postsynaptic,2.816326530612245,88.61755094185138,0.14600553572785005,0.0008629926388115447,0.0020016572521644144,3.31291252971225,0.04999999999999995,0.002070570331070156
postsynaptic,2.938775510204082,27.61761394258747,0.14669115254368417,0.0010217342416318073,0.0022185378448754626,3.692989514798116,0.04999999999999996,0.002308118446748822
postsynaptic,2.938775510204082,34.4346576610367,0.15420038622820392,0.000974445091699296,0.002202852558747689,3.6726016623481823,0.049999999999999954,0.0022953760389676143
postsynaptic,2.938775510204082,40.919725723837026,0.1537011229129134,0.0009763846188601703,0.0021909058875386796,3.65094706347083,0.04999999999999994,0.0022818419146692684
postsynaptic,2.938775510204082,47.42585906267149,0.15288671083101957,0.0009742638232220119,0.0021806189884938897,3.627510476527885,0.04999999999999997,0.0022671940478299285
postsynaptic,2.938775510204082,53.96664991731461,0.15274508988209118,0.0009650475695411676,0.0021665720396011005,3.601277745034835,0.049999999999999975,0.002250798590646772
postsynaptic,2.938775510204082,60.5135052091733,0.15363614756741156,0.0008916715491536695,0.0021446766882399714,3.573262291743456,0.04999999999999995,0.0022332889323396603
postsynaptic,2.938775510204082,67.02239010269243,0.14815148716495333,0.0009185718506720231,0.00213280766570752,3.541822786340476,0.04999999999999995,0.0022136392414627976
postsynaptic,2.938775510204082,73.77223797216801,0.152012600447568,0.0008631462389708874,0.0021041398392966895,3.5069517289077003,0.04999999999999996,0.002191844830567313
postsynaptic,2.938775510204082,80.35064000631333,0.1531256226964887,0.0008972567568386973,0.0020893873078765284,3.4685059672785283,0.04999999999999993,0.0021678162295490798
postsynaptic,2.938775510204082,86.88122569400132,0.14335591991395086,0.0009143331974780247,0.0020645202073471354,3.425509978570666,0.049999999999999954,0.002140943736606666
postsynaptic,3.061224489795918,27.643839064496074,0.15642383899105503,0.0010199692773794644,0.0022815752280332603,3.805762219513726,0.04999999999999993,0.002378601387196079
postsynaptic,3.061224489795918,34.03672653260881,0.1549062719626216,0.0010238316726810933,0.002266527015150799,3.785306692758566,0.04999999999999997,0.0023658166829741037
postsynaptic,3.061224489795918,40.49224306741572,0.15620335268562457,0.0009550798626658392,0.0022543942656172568,3.762923400313465,0.04999999999999993,0.0023518271251959147
postsynaptic,3.061224489795918,46.89415431200087,0.15351686806113526,0.0010037800759655805,0.0022400473161599634,3.739038060971938,0.04999999999999994,0.0023368987881074617
postsynaptic,3.061224489795918,53.408096477638125,0.1531308470433864,0.0009963893707216067,0.002224921097286309,3.7120142490103745,0.04999999999999993,0.002320008905631484
postsynaptic,3.061224489795918,59.93845936211085,0.1489829536065428,0.0009735505018202081,0.002209477061352681,3.682927703974526,0.04999999999999996,0.002301829814984079
postsynaptic,3.061224489795918,66.65063666691147,0.14967354479176048,0.0009589870049099655,0.0021871614144204124,3.6498456383986158,0.049999999999999975,0.0022811535239991346
postsynaptic,3.061224489795918,73.33184410000388,0.15373754977307322,0.0009339715240260332,0.0021720785320558443,3.6138501356103654,0.04999999999999994,0.0022586563347564786
postsynaptic,3.061224489795918,79.83643586353898,0.1509913643386162,0.0009725929257603042,0.002151862796757043,3.574666183837193,0.049999999999999954,0.002234166364898246
postsynaptic,3.061224489795918,86.45933118195852,0.14897935164285672,0.0009519753500155731,0.0021224630826626165,3.5304389331893216,0.04999999999999996,0.002206524333243326
postsynaptic,3.183673469387755,27.013625223973698,0.15895306975605494,0.00101286189126178,0.002347107868560624,3.920398581219354,0.04999999999999999,0.0024502491132620966
postsynaptic,3.183673469387755,33.30479029259866,0.16088532586273907,0.0010827875183031749,0.0023377663705461404,3.899618869768961,0.04999999999999997,0.0024372617936056005
postsynaptic,3.183673469387755,39.52039755595567,0.15895114646708638,0.0010198590433293827,0.002323964916416086,3.877468127177881,0.04999999999999998,0.0024234175794861754
postsynaptic,3.183673469387755,45.81163874689019,0.16064716505351911,0.0010389087140977847,0.0023051828299599556,3.8531435727321712,0.049999999999999954,0.0024082147329576066
postsynaptic,3.183673469387755,52.036460701680696,0.1645150726022896,0.0009678295360692558,0.0022902673191344406,3.828035278871243,0.049999999999999975,0.0023925220492945266
postsynaptic,3.183673469387755,58.11493110674486,0.15295346840703122,0.0009527502961893654,0.0022854063389538518,3.7990493353564863,0.04999999999999995,0.0023744058345978036
postsynaptic,3.183673469387755,64.65286718897123,0.15300822012168117,0.0009304098172398181,0.00226156649447476,3.766792198144295,0.04999999999999993,0.002354245123840185
postsynaptic,3.183673469387755,71.18846376806182,0.1504635595059794,0.000995710305808568,0.0022385966714656503,3.730697320297357,0.04999999999999994,0.0023316858251858485
postsynaptic,3.183673469387755,77.83459126420324,0.15237546737665025,0.001005071494284724,0.002217708978230412,3.6906819770707386,0.04999999999999997,0.0023066762356692113
postsynaptic,3.183673469387755,84.3973274921299,0.157388372298883,0.0009527345637194127,0.0021900814811958535,3.6474651981411603,0.049999999999999954,0.0022796657488382247
postsynaptic,3.306122448979592,26.466219702894072,0.1549593142126135,0.0010919085798895578,0.002419349309695396,4.034135213305311,0.04999999999999997,0.00252133450831582
postsynaptic,3.306122448979592,32.919526527858075,0.15657844241488014,0.0010942126198523704,0.002405881493110109,4.012232246159844,0.04999999999999994,0.002507645153849902
postsynaptic,3.306122448979592,39.306101745858626,0.1620643643959858,0.0010580134048808845,0.0023893190034758654,3.989008318048492,0.04999999999999998,0.002493130198780308
postsynaptic,3.306122448979592,45.47648968849489,0.16141221656808674,0.001038532273476931,0.002374213962306437,3.9648425310138875,0.04999999999999997,0.0024780265818836796
postsynaptic,3.306122448979592,51.67180762205527,0.1636148871295298,0.0009846713740118073,0.0023606771890532017,3.9378665789428915,0.049999999999999954,0.002461166611839308
postsynaptic,3.306122448979592,57.78372089317665,0.15213868978102743,0.0010596706756484295,0.002342056829488193,3.9085324434864197,0.049999999999999975,0.002442832777179012
postsynaptic,3.306122448979592,64.35667088662865,0.15177965199632276,0.0010469903216644128,0.002326500483505428,3.874465397709255,0.04999999999999996,0.002421540873568285
postsynaptic,3.306122448979592,70.94516932398327,0.15107916132988486,0.001033316529421936,0.002312825821851233,3.8374135355591403,0.04999999999999995,0.0023983834597244625
postsynaptic,3.306122448979592,77.56421586354193,0.14978259485846218,0.0010134133689826098,0.002273768198877823,3.7956322238908426,0.049999999999999975,0.0023722701399317768
postsynaptic,3.306122448979592,84.24055900571379,0.15121305369348026,0.0010228390719283131,0.0022552131551511496,3.7498618236908094,0.049999999999999954,0.0023436636398067555
postsynaptic,3.4285714285714284,25.779574165282273,0.15455137785795625,0.0011410991851514597,0.002474660849226102,4.1488417347986335,0.04999999999999997,0.0025930260842491454
postsynaptic,3.4285714285714284,32.2499144098,0.15685250648196947,0.0011330938284667715,0.0024765510975032663,4.126162438601701,0.04999999999999995,0.002578851524126063
postsynaptic,3.4285714285714284,38.62533054071756,0.16156105476866287,0.0011028464196510368,0.0024527330209272095,4.102321593537655,0.04999999999999998,0.0025639509959610347
postsynaptic,3.4285714285714284,44.81494103460724,0.15622011284647713,0.001155267516216631,0.002450223364714062,4.076898630732736,0.04999999999999993,0.0025480616442079607
postsynaptic,3.4285714285714284,51.21616544661835,0.1587107034164448,0.0010545180396756121,0.002426498316446108,4.048349411885324,0.04999999999999998,0.002530218382428327
postsynaptic,3.4285714285714284,57.51693772267635,0.15125931335485976,0.0010822775850960894,0.0024078264818326576,4.017384891724717,0.049999999999999954,0.0025108655573279487
postsynaptic,3.4285714285714284,64.1281008822893,0.15365824699474095,0.0010258561488635466,0.002384938930940186,3.9825635191703217,0.04999999999999995,0.002489102199481451
postsynaptic,3.4285714285714284,70.63604965534947,0.1463675530815259,0.001033952610455259,0.0023788628752740145,3.943747435586487,0.04999999999999996,0.002464842147241554
postsynaptic,3.4285714285714284,77.46816496333037,0.15483778363732412,0.001011289674402891,0.002347085824989994,3.9005596981474517,0.04999999999999996,0.002437849811342157
postsynaptic,3.4285714285714284,83.92653692209139,0.15633156707292703,0.0009580376122883411,0.0023207872207381876,3.8544047744997583,0.04999999999999994,0.0024090029840623493
postsynaptic,3.5510204081632653,25.362168013047487,0.1730549967518299,0.0011338803123427054,0.002543488205256647,4.263774660758816,0.049999999999999996,0.00266485916297426
postsynaptic,3.5510204081632653,31.140677843850312,0.15940026690581163,0.0011193913184187635,0.002531235808894242,4.242277245699754,0.04999999999999993,0.0026514232785623463
postsynaptic,3.5510204081632653,37.414193060677974,0.1577126042679288,0.001149506249076283,0.0025149136427678985,4.218163930428718,0.04999999999999996,0.0026363524565179487
postsynaptic,3.5510204081632653,43.754840370649205,0.16190509969691758,0.0010460663250393323,0.002499941944935598,4.191813737524391,0.04999999999999998,0.0026198835859527437
postsynaptic,3.5510204081632653,49.93129807254974,0.16507733384458742,0.0011209631634233603,0.002497096215993512,4.1641999876440305,0.049999999999999975,0.0026026249922775193
postsynaptic,3.5510204081632653,55.98906491861143,0.1657374694127187,0.001067286496998742,0.0024854994039107893,4.134540197329528,0.04999999999999999,0.002584087623330955
postsynaptic,3.5510204081632653,62.02270356136037,0.16008949606010692,0.001105709263907864,0.0024712229059024758,4.101410421041832,0.049999999999999954,0.0025633815131511453
postsynaptic,3.5510204081632653,68.26920957587454,0.16132552788500867,0.0010791346654771784,0.002432605177914579,4.065211239636761,0.049999999999999975,0.002540757024772975
postsynaptic,3.5510204081632653,74.46785657929728,0.15782507021086664,0.0010254353943848328,0.002423186863975917,4.025251665817311,0.04999999999999997,0.0025157822911358193
postsynaptic,3.5510204081632653,80.8039855521146,0.15528533552791496,0.001025707838504822,0.0023958062099240828,3.980311710955933,0.049999999999999975,0.002487694819347458
postsynaptic,3.673469387755102,25.775233551463238,0.17383825182692503,0.0011502878587509497,0.00260374630662972,4.3748765746613305,0.049999999999999954,0.0027342978591633304
postsynaptic,3.673469387755102,31.52770741432519,0.15896316016630405,0.001100213050758277,0.0025869143447308043,4.352527854263375,0.04999999999999999,0.0027203299089146086
postsynaptic,3.673469387755102,37.818473142395895,0.1531863749182006,0.0011563374748113974,0.0026009106444907027,4.326881593182646,0.04999999999999993,0.002704300995739154
postsynaptic,3.673469387755102,44.34646886351656,0.15931826451299702,0.0011521706500281918,0.0025806273044285256,4.299062594295377,0.04999999999999994,0.0026869141214346114
postsynaptic,3.673469387755102,50.62321310911071,0.16741569978812207,0.001103529611851684,0.0025529034592649907,4.270231381468529,0.04999999999999997,0.0026688946134178298
postsynaptic,3.673469387755102,56.59636856147019,0.15863861015446862,0.0011149451830412313,0.002548275723556403,4.2387543658473605,0.04999999999999998,0.0026492214786546
postsynaptic,3.673469387755102,62.90000422132807,0.15580650836849855,0.0010968209418395045,0.0025289526405288965,4.2032894644883925,0.04999999999999998,0.002627055915305245
postsynaptic,3.673469387755102,69.3182213450627,0.15641137178528566,0.0010800321516201165,0.0025004790172814366,4.163494835512545,0.04999999999999994,0.0026021842721953405
postsynaptic,3.673469387755102,75.71161837614784,0.16705942106398156,0.0010682640557690825,0.0024608615059086214,4.122569549881981,0.049999999999999954,0.002576605968676238
postsynaptic,3.673469387755102,81.69751245881088,0.15576022254753252,0.001109990346970624,0.002452374017552337,4.076062796090771,0.04999999999999998,0.0025475392475567326
postsynaptic,3.795918367346939,25.895765356170283,0.1656894809627884,0.001136339932646525,0.002681219695641887,4.486513878359799,0.049999999999999996,0.0028040711739748744
postsynaptic,3.795918367346939,31.93115151459869,0.16881078840619693,0.0012105486155706024,0.002666724198732885,4.463429096140951,0.04999999999999999,0.0027896431850880942
postsynaptic,3.795918367346939,37.85494352719076,0.1616742000937352,0.0011906683343199543,0.0026567763498440288,4.438144893061119,0.049999999999999975,0.0027738405581631998
postsynaptic,3.795918367346939,44.04022231267553,0.16012213222161387,0.0011668190879372121,0.002647325938362219,4.410306405953368,0.049999999999999954,0.0027564415037208555
postsynaptic,3.795918367346939,50.28545516166089,0.16237136759284285,0.0011870505955475419,0.002620902988341538,4.380314086498821,0.04999999999999999,0.002737696304061763
postsynaptic,3.795918367346939,56.44417646101933,0.16219833293898728,0.0011588398641131565,0.002606529029246035,4.348140293712842,0.04999999999999999,0.002717587683570526
postsynaptic,3.795918367346939,62.609467940162716,0.15922638749128354,0.0010960239650294745,0.0025815286403220008,4.311719571626416,0.04999999999999993,0.00269482473226651
postsynaptic,3.795918367346939,68.88983400106291,0.15936360366677413,0.0011391326808659098,0.0025718669616891514,4.2725150652473145,0.04999999999999994,0.002670321915779572
postsynaptic,3.795918367346939,75.1647925047058,0.16293610332655445,0.0010601158684404265,0.002545669233359971,4.229855639321159,0.04999999999999994,0.002643659774575724
postsynaptic,3.795918367346939,81.30216770629518,0.15120679957410924,0.0010506078275428112,0.0025206310208259397,4.1808947435761805,0.049999999999999954,0.0026130592147351117
postsynaptic,3.9183673469387754,25.32908534689065,0.16345633333370516,0.0012441277471750862,0.0027569816074656164,4.6011658402242235,0.04999999999999996,0.00287572865014014
postsynaptic,3.9183673469387754,31.446927216978636,0.1621886494476252,0.0012305553622706325,0.002746306799154839,4.57637600903515,0.049999999999999996,0.002860235005646969
postsynaptic,3.9183673469387754,37.6125867955358,0.16723391529516765,0.0011695457515014664,0.002720463934525067,4.550824343955804,0.04999999999999996,0.0028442652149723775
postsynaptic,3.9183673469387754,43.59223511169823,0.1669956060986114,0.001146180243073803,0.0027064678872436047,4.523005339935082,0.04999999999999996,0.002826878337459427
postsynaptic,3.9183673469387754,49.58041661756071,0.16295395440326943,0.0011235365169511228,0.0026937615069008197,4.493445567495169,0.04999999999999995,0.002808403479684481
postsynaptic,3.9183673469387754,55.71711948962023,0.1616977628051947,0.0011022870812697858,0.0026703000570416804,4.459771386616436,0.04999999999999998,0.0027873571166352716
postsynaptic,3.9183673469387754,61.90149695194016,0.16384182589104287,0.0011377428978667785,0.002645283869929289,4.423914484368508,0.04999999999999996,0.0027649465527303167
postsynaptic,3.9183673469387754,68.0049445579563,0.15909503893395435,0.001179930995446643,0.0026307001297114323,4.384357672596835,0.049999999999999975,0.002740223545373022
postsynaptic,3.9183673469387754,74.2904956769647,0.16373511053664977,0.0010954202313611216,0.0026019606700926428,4.340066027286886,0.049999999999999954,0.0027125412670543038
postsynaptic,3.9183673469387754,80.39792124208907,0.1607971437737804,0.0010962402786405775,0.0025822720180268335,4.292761797595877,0.04999999999999996,0.002682976123497423
postsynaptic,4.040816326530612,25.56366165579137,0.163390464155531,0.0012674814068441378,0.0028171686246790586,4.712585290964255,0.049999999999999954,0.0029453658068526595
postsynaptic,4.040816326530612,31.683969870645956,0.16338598268047322,0.0012563242815295476,0.0028088150681708454,4.687333677688314,0.04999999999999995,0.002929583548555196
postsynaptic,4.040816326530612,37.80444595797137,0.16359825153171553,0.0012461078154365327,0.0028015069474046,4.660688363887911,0.049999999999999954,0.002912930227429945
postsynaptic,4.040816326530612,43.91698072308857,0.16660708858694698,0.0011800065008550657,0.0027771250053753097,4.631772075291511,0.04999999999999995,0.002894857547057194
postsynaptic,4.040816326530612,49.91912630093493,0.17069925379682843,0.0012199809432404196,0.0027536328698300407,4.601363186290245,0.049999999999999954,0.002875851991431403
postsynaptic,4.040816326530612,55.77738272418931,0.17232348670659844,0.0011594495370331895,0.0027272151813742627,4.568411269987372,0.04999999999999999,0.002855257043742107
postsynaptic,4.040816326530612,61.580422223399424,0.167061814800552,0.0011039795409558796,0.0027020296858338367,4.533521600131503,0.049999999999999954,0.0028334510000821893
postsynaptic,4.040816326530612,67.56623053748878,0.16134887863610684,0.0011530995292460965,0.00270457463274699,4.492952574574244,0.049999999999999975,0.002808095359108903
postsynaptic,4.040816326530612,73.76398045960208,0.16046516444257286,0.0011531302641569323,0.002660650306724642,4.448647428186834,0.04999999999999996,0.002780404642616771
postsynaptic,4.040816326530612,79.9958626470776,0.15809806015840283,0.001082591561269903,0.0026385777039803797,4.398458825620079,0.049999999999999975,0.0027490367660125484
postsynaptic,4.163265306122449,24.850284895354932,0.1680095553825341,0.0013246579618004441,0.0028795378158648828,4.828440636488213,0.049999999999999975,0.0030177753978051325
postsynaptic,4.163265306122449,30.802327311770718,0.1679368840081154,0.0011569197119060397,0.002879145398924437,4.803163315834263,0.04999999999999997,0.0030019770723964147
postsynaptic,4.163265306122449,36.75694535715303,0.166546675863042,0.0013047383608119326,0.0028582392096120996,4.776748202995056,0.049999999999999954,0.0029854676268719097
postsynaptic,4.163265306122449,42.76126813824738,0.16375325440270105,0.0012734284416414524,0.002834695867721303,4.747142183582368,0.04999999999999996,0.00296696386473898
postsynaptic,4.163265306122449,48.86801700041537,0.16507806342884848,0.0012377494034014325,0.002832019417327772,4.715705419269847,0.04999999999999998,0.0029473158870436545
postsynaptic,4.163265306122449,54.92575707337799,0.16335794167128323,0.0012112514066574078,0.002807670731934135,4.680782401570804,0.04999999999999995,0.002925489000981752
postsynaptic,4.163265306122449,61.047283763596994,0.15951752861336305,0.0011784231754783932,0.0027816113067419585,4.642679783577596,0.04999999999999995,0.002901674864735998
postsynaptic,4.163265306122449,67.3161873047482,0.15538857688522018,0.001220366175237462,0.0027711323484434208,4.6000593648102575,0.049999999999999975,0.0028750371030064116
postsynaptic,4.163265306122449,73.75166679780426,0.15802395535929165,0.0011600393195434588,0.0027302794342851477,4.552301260867534,0.04999999999999997,0.002845188288042209
postsynaptic,4.163265306122449,80.07982127113299,0.16158761429841761,0.0011465094256044876,0.002702982638826113,4.501815470866112,0.04999999999999998,0.00281363466929132
postsynaptic,4.285714285714286,24.4630968503664,0.18026153053605654,0.0012705878818946481,0.002941051458536463,4.9435087043779555,0.049999999999999996,0.003089692940236222
postsynaptic,4.285714285714286,30.01059218687125,0.17699297137684733,0.0012654782066243283,0.0029309130554318894,4.919258825757595,0.05,0.0030745367660984972
postsynaptic,4.285714285714286,35.66053405869188,0.17202856279694728,0.001214749749417114,0.002911801017693486,4.89348006916829,0.04999999999999998,0.0030584250432301816
postsynaptic,4.285714285714286,41.47352222612977,0.16648656142022422,0.0012302075239670664,0.0029103037626050533,4.864480075804017,0.04999999999999995,0.00304030004737751
postsynaptic,4.285714285714286,47.48001302916778,0.16271126551505555,0.0012888078771480784,0.002898949192943967,4.83208591284786,0.04999999999999994,0.003020053695529913
postsynaptic,4.285714285714286,53.625868983483805,0.1646944201972646,0.00124144893344334,0.0028741805302098466,4.797055845674302,0.049999999999999975,0.0029981599035464393
postsynaptic,4.285714285714286,59.697720105107955,0.16890841218822059,0.001281196240511111,0.0028463102011169173,4.759992421234393,0.04999999999999998,0.002974995263271496
postsynaptic,4.285714285714286,65.61808835109954,0.1670504757935464,0.001146145581521799,0.002828351629908202,4.719383194873074,0.049999999999999954,0.0029496144967956716
postsynaptic,4.285714285714286,71.60430296826637,0.15945957368970914,0.0011989104910397523,0.0028119432575307076,4.674876214505702,0.04999999999999995,0.0029217976340660647
postsynaptic,4.285714285714286,77.8754849165255,0.1722335010796948,0.0011276838342761312,0.002774600415055664,4.624886519090896,0.04999999999999999,0.00289055407443181
postsynaptic,4.408163265306122,24.855904946565193,0.17572824923778568,0.001265654783347035,0.003020882705371533,5.054060998423037,0.04999999999999998,0.003158788124014398
postsynaptic,4.408163265306122,30.546509640673627,0.16714039607721207,0.0013318624380394039,0.0030008663015129184,5.028274774451179,0.04999999999999997,0.003142671734031987
postsynaptic,4.408163265306122,36.52950371912514,0.16293448352890136,0.0013068339522153542,0.0029876217267447206,4.9996514029697074,0.04999999999999994,0.003124782126856067
postsynaptic,4.408163265306122,42.66693993484567,0.16638608621124798,0.001307230605350592,0.0029733588560787207,4.968518043641005,0.04999999999999994,0.0031053237772756285
postsynaptic,4.408163265306122,48.677057864600776,0.1719623592700629,0.001214321867010636,0.002953172818684469,4.935917499322617,0.04999999999999998,0.0030849484370766354
postsynaptic,4.408163265306122,54.49228396550303,0.15828095247461463,0.0013109187496803984,0.0029434485879364087,4.899408712982519,0.049999999999999975,0.003062130445614075
postsynaptic,4.408163265306122,60.810163561030365,0.16550454855149266,0.0012962410569435988,0.0029214123917211507,4.859626326411078,0.04999999999999998,0.003037266454006923
postsynaptic,4.408163265306122,66.8522935734806,0.17199663401504867,0.0012263903337554822,0.002896669341243638,4.817493665109264,0.04999999999999999,0.0030109335406932904
postsynaptic,4.408163265306122,72.66636084128832,0.17286423354323446,0.0011905092067907503,0.0028516393291468417,4.772350799496319,0.049999999999999996,0.0029827192496851996
postsynaptic,4.408163265306122,78.45124750929818,0.17038316820011157,0.0011674517251253846,0.002843081590526573,4.722995610581964,0.04999999999999996,0.0029518722566137267
postsynaptic,4.530612244897959,24.278017152108248,0.1684016886614232,0.001373538235018802,0.003073003455318084,5.168898706427284,0.049999999999999975,0.0032305616915170527
postsynaptic,4.530612244897959,30.216199886193124,0.17591782764410838,0.0012851200004301959,0.003079109827236328,5.142124571641838,0.04999999999999999,0.0032138278572761483
postsynaptic,4.530612244897959,35.90067208205866,0.17546958915598476,0.0012643399232341141,0.00304910601754341,5.114905803986892,0.049999999999999975,0.0031968161274918087
postsynaptic,4.530612244897959,41.59966530823556,0.17845927665901504,0.0012862749426017432,0.0030420194514376294,5.085860273585719,0.04999999999999997,0.003178662670991074
postsynaptic,4.530612244897959,47.20318460250411,0.17262395710251718,0.0013602770017328715,0.0030298969552918567,5.053936497785938,0.04999999999999999,0.0031587103111162117
postsynaptic,4.530612244897959,52.99612329296713,0.1721016596053489,0.0012450627119567057,0.002987564486697146,5.018957589510012,0.04999999999999998,0.0031368484934437583
postsynaptic,4.530612244897959,58.80664250755883,0.1720302905073312,0.0012970641591802494,0.002985619825883059,4.981720371519943,0.04999999999999998,0.003113575232199965
postsynaptic,4.530612244897959,64.61957229481268,0.16969131885262603,0.0012044447664807162,0.0029657819446915674,4.940211490190581,0.04999999999999995,0.003087632181369114
postsynaptic,4.530612244897959,70.51262567409889,0.16946500836286008,0.0011914895033224675,0.0029316103732646933,4.893911604490393,0.04999999999999997,0.0030586947528064958
postsynaptic,4.530612244897959,76.4135488774235,0.1678995070917986,0.0011763416339901364,0.002917345207858321,4.845464552013175,0.049999999999999975,0.0030284153450082347
postsynaptic,4.653061224489796,24.663337949589433,0.17767150607488782,0.0014198145458720834,0.003134781851538653,5.280450237867157,0.049999999999999954,0.003300281398666974
postsynaptic,4.653061224489796,30.29170246392244,0.17495896832411195,0.0014378312735211928,0.0031361565202518093,5.254103876844612,0.049999999999999975,0.003283814923027883
postsynaptic,4.653061224489796,36.00732830224756,0.17822964579544334,0.001370995509024141,0.0031333231946926096,5.225394933400565,0.04999999999999996,0.0032658718333753536
postsynaptic,4.653061224489796,41.61806716410735,0.17866585705109306,0.0013328443562264877,0.003096561333976624,5.196103063192048,0.049999999999999975,0.0032475644144950304
postsynaptic,4.653061224489796,47.21510745207927,0.1712704922616755,0.0013809492065245568,0.0030951739879633176,5.163027849216858,0.049999999999999975,0.003226892405760537
postsynaptic,4.653061224489796,53.05382483295858,0.175707937666714,0.0012987321261379847,0.0030635909464604605,5.128049380766736,0.04999999999999998,0.003205030862979211
postsynaptic,4.653061224489796,58.74508735233786,0.16942922345628234,0.0012174930112603373,0.0030403685363526592,5.088536879814192,0.04999999999999998,0.00318033554988387
postsynaptic,4.653061224489796,64.64725688130362,0.1720141656211642,0.0012388277706481096,0.0030255826970998394,5.046594289336812,0.04999999999999999,0.003154121430835508
postsynaptic,4.653061224489796,70.4607315819998,0.16217680468380113,0.0012025555172436417,0.002987565547233718,4.998962558344324,0.049999999999999996,0.003124351598965203
postsynaptic,4.653061224489796,76.62684147638153,0.1629159683760703,0.0012647640770931758,0.002971329843190141,4.945755367718635,0.04999999999999994,0.0030910971048241473
postsynaptic,4.775510204081633,23.887146124857058,0.17451763612169996,0.0014192754567161864,0.003211431389094832,5.3964462672896705,0.04999999999999996,0.003372778917056045
postsynaptic,4.775510204081633,29.617226030951187,0.18052211148599984,0.0013793570628095862,0.003213499376674883,5.369687968745403,0.05,0.0033560549804658767
postsynaptic,4.775510204081633,35.15671364146229,0.1738465073512326,0.0014661660560597938,0.0032066444167510163,5.340671520209208,0.049999999999999954,0.0033379197001307545
postsynaptic,4.775510204081633,40.90891433410916,0.1784941319444423,0.0013687632563678877,0.00317388927711308,5.310642181011701,0.04999999999999996,0.0033191513631323135
postsynaptic,4.775510204081633,46.51133940605079,0.17440666794495932,0.001326294762253697,0.003147709004464855,5.277341817149359,0.04999999999999997,0.0032983386357183495
postsynaptic,4.775510204081633,52.245065139034736,0.17073236060105235,0.001309176151567691,0.0031177468629476667,5.241100256538978,0.049999999999999954,0.0032756876603368614
postsynaptic,4.775510204081633,58.102185584623165,0.17202438837170145,0.0012812207198261325,0.003110897481282938,5.2015292208982125,0.04999999999999998,0.003250955763061383
postsynaptic,4.775510204081633,63.91531481278383,0.16972364797775202,0.0013506297203952607,0.0030829377100180006,5.158245611116203,0.04999999999999995,0.0032239035069476264
postsynaptic,4.775510204081633,69.80724567754514,0.16786751674151423,0.0013228519034883606,0.0030516640302577108,5.110364007948596,0.049999999999999975,0.0031939775049678724
postsynaptic,4.775510204081633,75.76432432748919,0.16788049210829478,0.001232884027707455,0.003044360687398196,5.059164535728058,0.049999999999999975,0.003161977834830036
postsynaptic,4.8979591836734695,23.68396356167579,0.18127467291797106,0.001427117542514701,0.0032719104365090132,5.510599694935513,0.049999999999999996,0.0034441248093346954
postsynaptic,4.8979591836734695,29.20045400075942,0.17736680078737987,0.0013946781225645532,0.0032801840216305344,5.483343575429633,0.049999999999999954,0.0034270897346435217
postsynaptic,4.8979591836734695,34.83848770019317,0.17594143829893105,0.001372092103753218,0.003238041605956527,5.454618102689226,0.04999999999999999,0.003409136314180766
postsynaptic,4.8979591836734695,40.522197062060286,0.1778041517537745,0.0013824341746709796,0.0032291990471846367,5.423095183482959,0.049999999999999954,0.003389434489676849
postsynaptic,4.8979591836734695,46.14636269675712,0.17133928469446008,0.001364403705274827,0.003227733394674031,5.389215318558132,0.049999999999999975,0.0033682595740988338
postsynaptic,4.8979591836734695,51.98273584249101,0.1730492099201913,0.0013264458057329468,0.0031884042248214173,5.351589375959781,0.049999999999999996,0.003344743359974863
postsynaptic,4.8979591836734695,57.761438908868435,0.1643875908813613,0.0013952371494975145,0.0031830480866771624,5.310659484820467,0.04999999999999997,0.0033191621780127916
postsynaptic,4.8979591836734695,63.84462313608727,0.1673539960973718,0.0013495676696275824,0.0031635422933261885,5.265583664707921,0.04999999999999997,0.0032909897904424513
postsynaptic,4.8979591836734695,69.81998090058408,0.1680589634754889,0.0013592170509208862,0.0031305039593349316,5.21563906435608,0.049999999999999975,0.0032597744152225512
postsynaptic,4.8979591836734695,75.77027346052748,0.17057456188294962,0.001315919564676213,0.003095536262334304,5.163665654508544,0.04999999999999997,0.0032272910340678394
postsynaptic,5.020408163265306,23.42602961856143,0.18199434911532864,0.0014675380691627396,0.003356149460409563,5.624607081437465,0.04999999999999997,0.0035153794258984154
postsynaptic,5.020408163265306,28.920705716258873,0.17770900369938086,0.0014678238835659214,0.003333450119425769,5.5972220568697955,0.049999999999999954,0.003498263785543622
postsynaptic,5.020408163265306,34.547882613224864,0.17628151412268214,0.0014710364794583734,0.0033294891579584984,5.56707915049988,0.04999999999999999,0.0034794244690624244
postsynaptic,5.020408163265306,40.22062717170452,0.1768396969593087,0.0014565945734206789,0.0033094168823346566,5.535634036473981,0.05000000000000001,0.0034597712727962382
postsynaptic,5.020408163265306,45.87546608623909,0.17148271751119015,0.0014000250506040976,0.0032958287170693113,5.50048861406447,0.049999999999999975,0.0034378053837902946
postsynaptic,5.020408163265306,51.70695753047017,0.16697881130261888,0.0013978794694910895,0.003274025220029786,5.461698896102228,0.04999999999999996,0.0034135618100638926
postsynaptic,5.020408163265306,57.6957413300367,0.1758570518320433,0.0013877151262242818,0.0032420619480901026,5.420636015564207,0.04999999999999999,0.003387897509727629
postsynaptic,5.020408163265306,63.38217806704668,0.16555053613564344,0.0013258628461763548,0.003219361192318942,5.374841001868347,0.04999999999999999,0.0033592756261677167
postsynaptic,5.020408163265306,69.4226296617226,0.17770624890042602,0.001345942878956775,0.0032025084132388014,5.326487426401567,0.049999999999999954,0.003329054641500979
postsynaptic,5.020408163265306,75.04989379107985,0.16874992944260434,0.001346974466546935,0.003175040166553232,5.273454049245526,0.04999999999999999,0.0032959087807784538
postsynaptic,5.142857142857143,23.79891688860602,0.17385195942690737,0.0015099711235748627,0.0034433870990085496,5.734876167808943,0.049999999999999954,0.003584297604880589
postsynaptic,5.142857142857143,29.550937189650888,0.1775818305056554,0.001541405695106729,0.0034024029460942586,5.706221620013647,0.049999999999999954,0.0035663885125085293
postsynaptic,5.142857142857143,35.18214392489261,0.17115668749120483,0.0014474104903908227,0.0033976105909187897,5.67457361818191,0.04999999999999997,0.0035466085113636933
postsynaptic,5.142857142857143,41.024743560687654,0.1743770039319025,0.0014214301574324035,0.0033766746636711463,5.640780836521119,0.04999999999999997,0.0035254880228257
postsynaptic,5.142857142857143,46.759444682118314,0.1736128792137375,0.0013843607824568648,0.0033463843569680515,5.604591931075081,0.04999999999999995,0.0035028699569219263
postsynaptic,5.142857142857143,52.519386021314034,0.1757524308496359,0.0014185606468539325,0.003325581356374542,5.566262195778599,0.04999999999999998,0.003478913872361624
postsynaptic,5.142857142857143,58.209207750468636,0.17104976247899892,0.0014310270489333607,0.003299605350215872,5.523689764828749,0.049999999999999975,0.0034523061030179675
postsynaptic,5.142857142857143,64.0554596569732,0.17318582764393523,0.0013563521857105165,0.0032885324848007666,5.477480860547694,0.04999999999999999,0.003423425537842309
postsynaptic,5.142857142857143,69.82960419064699,0.16912431673437078,0.0013602771091061811,0.0032363698050541004,5.4265253160475515,0.04999999999999999,0.00339157832252972
postsynaptic,5.142857142857143,75.74241447901383,0.17120583464076947,0.0013436595306407398,0.0032289946391715835,5.372062189289674,0.04999999999999997,0.0033575388683060466
postsynaptic,5.26530612244898,23.47216252767049,0.18649741355990074,0.0015413316837302132,0.0034810530576044143,5.850354597698781,0.04999999999999996,0.0036564716235617384
postsynaptic,5.26530612244898,28.834167184527633,0.1906082830777367,0.0014758258134246554,0.0034678947877850156,5.822748537321816,0.04999999999999997,0.0036392178358261354
postsynaptic,5.26530612244898,34.080528905293804,0.1887804363212138,0.0014628436682586098,0.0034639399651555285,5.793425390547367,0.05,0.003620890869092105
postsynaptic,5.26530612244898,39.3776879726586,0.16564793761564298,0.0014625911449177868,0.003419914405240271,5.760816733972745,0.049999999999999996,0.0036005104587329656
postsynaptic,5.26530612244898,45.414587763830916,0.1775302807137486,0.001459886702398918,0.003428114159372829,5.723122352412421,0.049999999999999954,0.0035769514702577634
postsynaptic,5.26530612244898,51.047429642858916,0.17297298826117777,0.001490474556337221,0.0034100209034935917,5.685521145350244,0.05,0.003553450715843903
postsynaptic,5.26530612244898,56.82867913188356,0.17452221059883016,0.0014634742350477516,0.0033823434518406594,5.642563531602766,0.04999999999999996,0.003526602207251729
postsynaptic,5.26530612244898,62.55860884437543,0.16675264177928312,0.0014258202893693789,0.003355407092612016,5.595171513093975,0.049999999999999954,0.003496982195683734
postsynaptic,5.26530612244898,68.55551533610956,0.17030690168784612,0.001395351031733166,0.0033228060077838974,5.544398192692046,0.049999999999999954,0.003465248870432529
postsynaptic,5.26530612244898,74.42726797848275,0.16897990991575473,0.0013666186486918962,0.0032954618444649424,5.488926421731688,0.049999999999999996,0.003430579013582305
postsynaptic,5.387755102040816,23.418722017576073,0.1816303586051071,0.0015679059191683546,0.0035656372524875144,5.963036405753843,0.04999999999999995,0.0037268977535961515
postsynaptic,5.387755102040816,28.924409545144947,0.17531719089850198,0.0015683491328041402,0.003536018188323571,5.933168205552999,0.049999999999999975,0.003708230128470625
postsynaptic,5.387755102040816,34.62835674436136,0.17626156222176348,0.0014797888565234803,0.0035134777423272163,5.901271342402392,0.049999999999999996,0.0036882945890014947
postsynaptic,5.387755102040816,40.30174342830468,0.17653163297912697,0.0015044412268557603,0.0034953302969412915,5.866325776193149,0.04999999999999999,0.0036664536101207188
postsynaptic,5.387755102040816,45.96645055826274,0.1744654152653091,0.0014460067305131692,0.0034937375873288373,5.830022529837675,0.04999999999999996,0.0036437640811485482
postsynaptic,5.387755102040816,51.69824558754865,0.17588146576162694,0.0014657874212799713,0.0034485912168127136,5.789452151187458,0.04999999999999999,0.003618407594492161
postsynaptic,5.387755102040816,57.38389299598738,0.18311897581780842,0.0013997105413707904,0.0034344177906506907,5.747218880112035,0.04999999999999998,0.003592011800070022
postsynaptic,5.387755102040816,62.84482349504683,0.17455908041638296,0.0013765501133667546,0.003413639230722773,5.700761140508415,0.04999999999999997,0.003562975712817759
postsynaptic,5.387755102040816,68.57354294988504,0.1706618402332562,0.0014183546044558343,0.0033892177486539994,5.649771052476156,0.04999999999999996,0.0035311069077975966
postsynaptic,5.387755102040816,74.43308365701222,0.1696582263467707,0.0013946975134525598,0.0033626001540059914,5.593604500928078,0.04999999999999995,0.0034960028130800484
postsynaptic,5.510204081632653,23.28027677496612,0.19235689472105513,0.0015483347497586555,0.0036141111416130387,6.077380077628173,0.049999999999999996,0.0037983625485176085
postsynaptic,5.510204081632653,28.47894668201646,0.19218784870642044,0.0015327022855307917,0.003595646905690659,6.049237671284221,0.04999999999999999,0.0037807735445526385
postsynaptic,5.510204081632653,33.68218927373497,0.18095607389598448,0.0014469586776642597,0.0036004228458839413,6.018248567725518,0.05000000000000001,0.003761405354828449
postsynaptic,5.510204081632653,39.20839228239889,0.17503315584505658,0.0015365483189097933,0.00357324479794761,5.984043590569373,0.049999999999999975,0.003740027244105859
postsynaptic,5.510204081632653,44.921595561926246,0.17608821181144468,0.0015301574082254665,0.0035491457996158554,5.946053894785353,0.04999999999999999,0.003716283684240846
postsynaptic,5.510204081632653,50.60056742331808,0.18237334219405824,0.0015391377407226422,0.0035429455000632382,5.907256814625311,0.04999999999999996,0.0036920355091408187
postsynaptic,5.510204081632653,56.08382494313657,0.1697873846536791,0.0015167487583102103,0.003500054343839041,5.863620731263726,0.04999999999999994,0.0036647629570398296
postsynaptic,5.510204081632653,61.97354402939102,0.17760009315715822,0.0014845463142697521,0.0034708039334722615,5.815556295952074,0.049999999999999954,0.003634722684970046
postsynaptic,5.510204081632653,67.60417170656854,0.17888582920995608,0.0013946490070811139,0.0034476311489054106,5.7655369704372985,0.04999999999999998,0.0036034606065233118
postsynaptic,5.510204081632653,73.19432943128307,0.17838136217883496,0.0013692774512564254,0.0034170011004712878,5.711617410384032,0.049999999999999975,0.0035697608814900202
postsynaptic,5.63265306122449,22.76555359307108,0.1741848285323239,0.0016629765771663879,0.0037027544887963853,6.1915469275909,0.04999999999999996,0.003869716829744312
postsynaptic,5.63265306122449,28.506581720640913,0.18033121700942603,0.0016187035279286732,0.0036586985781979033,6.160174022968048,0.049999999999999996,0.0038501087643550303
postsynaptic,5.63265306122449,34.05193330526272,0.17540264277859466,0.0015967984191217776,0.0036664249909648546,6.127301448241741,0.04999999999999998,0.0038295634051510874
postsynaptic,5.63265306122449,39.753101680828586,0.1758999837691865,0.0015755950888802013,0.0036412164227060157,6.091328425662259,0.04999999999999999,0.0038070802660389127
postsynaptic,5.63265306122449,45.43815052831561,0.1754142349596917,0.001577904517698863,0.0036350575987741606,6.052844679950287,0.04999999999999998,0.0037830279249689287
postsynaptic,5.63265306122449,51.138942144399614,0.17524272164136975,0.001553044103990415,0.003598154420995286,6.011471509204352,0.049999999999999975,0.0037571696932527207
postsynaptic,5.63265306122449,56.84531323150517,0.17302317132250755,0.0015489346984926496,0.0035785264258559866,5.966151544413182,0.05,0.0037288447152582396
postsynaptic,5.63265306122449,62.62488594628361,0.18289316840828873,0.0014412144076651357,0.003545701217278563,5.918558803874281,0.049999999999999975,0.0036990992524214257
postsynaptic,5.63265306122449,68.0925587341901,0.1812284666561508,0.0014210828508893676,0.003515960822902622,5.867476605798936,0.049999999999999996,0.0036671728786243354
postsynaptic,5.63265306122449,73.61045566534565,0.17897002112270116,0.0013988236151873529,0.0034808283466995255,5.811754268640561,0.04999999999999997,0.003632346417900351
postsynaptic,5.755102040816326,22.876814845415087,0.1783273520708479,0.0016417871507850954,0.003757353932746661,6.3041005393826435,0.04999999999999997,0.0039400628371141526
postsynaptic,5.755102040816326,28.48447956082402,0.17885172450730485,0.0016314817313219738,0.0037347148446696516,6.272452641557936,0.04999999999999998,0.0039202829009737095
postsynaptic,5.755102040816326,34.07570325606525,0.17826263609435322,0.0016313382810193011,0.0037400535028086546,6.238773038400809,0.04999999999999996,0.0038992331490005066
postsynaptic,5.755102040816326,39.68540376262966,0.17695048555508155,0.0016160207625751574,0.003724135559912311,6.202438743449075,0.05,0.003876524214655672
postsynaptic,5.755102040816326,45.336702185818886,0.1755936027260584,0.0015847760702754003,0.0036752810356557677,6.16313779795961,0.04999999999999999,0.003851961123724756
postsynaptic,5.755102040816326,51.031670478941095,0.17499742862531104,0.0015639577813743501,0.0036806660743124125,6.121302029653867,0.049999999999999975,0.0038258137685336672
postsynaptic,5.755102040816326,56.7460401577157,0.17375860320373526,0.0015337911694786569,0.0036495398993812407,6.075153051981186,0.04999999999999995,0.003796970657488242
postsynaptic,5.755102040816326,62.501150877773,0.1792115138786517,0.0015340228864523498,0.003616288830594861,6.025785385349499,0.04999999999999998,0.003766115865843437
postsynaptic,5.755102040816326,68.08114949704209,0.18140753349262465,0.0014531944540980086,0.0035816007971324853,5.973186671246666,0.049999999999999954,0.003733241669529167
postsynaptic,5.755102040816326,73.59359972855718,0.17882099266374776,0.0014253060200939264,0.0035242151850184435,5.916610607550929,0.049999999999999975,0.00369788162971933
postsynaptic,5.877551020408164,22.852199846487515,0.1770237932910925,0.0016853429768424592,0.0038286807392089728,6.417126431586422,0.05,0.0040107040197415135
postsynaptic,5.877551020408164,28.501157997303043,0.17875998631811074,0.0016646133666580526,0.003794155130385077,6.384684355224138,0.04999999999999997,0.003990427722015087
postsynaptic,5.877551020408164,34.09525106363646,0.1789629032795073,0.0016637861907137662,0.003806849272783162,6.350156303474631,0.049999999999999975,0.003968847689671645
postsynaptic,5.877551020408164,39.683001271500395,0.17556796226762908,0.0016484141305634521,0.0037800869479959857,6.313081554330149,0.04999999999999998,0.003945675971456344
postsynaptic,5.877551020408164,45.378801274439645,0.17070958299068817,0.0016409522436121975,0.0037364327935535905,6.272078928575599,0.049999999999999954,0.003920049330359749
postsynaptic,5.877551020408164,51.23670322980057,0.18008613870404305,0.0016515996877309255,0.003708090996832588,6.229051958348958,0.049999999999999996,0.0038931574739680995
postsynaptic,5.877551020408164,56.78960145504054,0.18391376882467653,0.0015305221031628924,0.003693598651657753,6.183985905471797,0.049999999999999996,0.0038649911909198727
postsynaptic,5.877551020408164,62.22693225626669,0.1813984412144183,0.0014895505777933176,0.0036677183201052673,6.135683748785429,0.049999999999999954,0.0038348023429908926
postsynaptic,5.877551020408164,67.73965878966601,0.1810779093401907,0.0014715437747408243,0.0036468023333193047,6.082683979499562,0.05000000000000001,0.0038016774871872266
postsynaptic,5.877551020408164,73.26214357891384,0.17920980947911544,0.0014501003770114706,0.003597185490360926,6.025027644535897,0.04999999999999998,0.003765642277834935
postsynaptic,6.0,22.90526434997606,0.17900799798762462,0.0016965582955061453,0.003891580048054909,6.529746688401488,0.04999999999999997,0.00408109168025093
postsynaptic,6.0,28.49160692260867,0.18557263300497187,0.0017375995313963358,0.0038687921436724605,6.497437545277405,0.05,0.0040608984657983785
postsynaptic,6.0,33.88033253266782,0.18751656668446356,0.001624401734900845,0.003862392467622268,6.4639348362032445,0.04999999999999998,0.004039959272627028
postsynaptic,6.0,39.21319467749747,0.18597063857667817,0.0015973693085612555,0.003853249697325389,6.427896051807777,0.049999999999999954,0.004017435032379862
postsynaptic,6.0,44.590387591677235,0.1861892737410298,0.0015844107081737244,0.0038051842216589816,6.390259994063579,0.049999999999999954,0.003993912496289738
postsynaptic,6.0,49.961266267485904,0.18427167789602394,0.0015594288164887647,0.0037777749721831437,6.3481263874345535,0.049999999999999996,0.003967578992146595
postsynaptic,6.0,55.38803619446434,0.18430582502252976,0.0015488661946747994,0.003781545682082032,6.304634384589464,0.049999999999999996,0.0039403964903684165
postsynaptic,6.0,60.81380068062618,0.18269061395847624,0.0015247513882384021,0.0037504898820580734,6.256246731776928,0.04999999999999997,0.003910154207360579
postsynaptic,6.0,66.28753563795294,0.181186991586707,0.0015001047373820763,0.0037166776671141064,6.2031843514075975,0.05000000000000001,0.0038769902196297487
postsynaptic,6.0,71.80669565734898,0.18010610196335447,0.0014771878623260723,0.003684597754530131,6.14502708333313,0.049999999999999996,0.003840641927083207
