mode,control_gain,phase,interval_start_s,frequency_hz,driver_frequency_hz
postsynaptic,0.36363636363636365,pre,84.00826237311007,0.04290562381638123,3.689883648208786
postsynaptic,0.36363636363636365,pre,107.31523034261441,0.033566153224455116,3.6922768546900624
postsynaptic,0.36363636363636365,pre,137.10714582703267,0.03498633858448981,3.6735655513714303
postsynaptic,0.36363636363636365,pre,165.68973092907365,0.04029784738239415,3.667104111797867
postsynaptic,0.36363636363636365,pre,190.504952211511,0.038680075435975896,3.7132872418536857
postsynaptic,0.36363636363636365,pre,216.35805587608948,0.04176877059244863,3.675651812135479
postsynaptic,0.36363636363636365,pre,240.29938778066773,0.03534813614485392,3.676206159064808
postsynaptic,0.36363636363636365,pre,268.58942253390273,0.03954122608022604,3.677334025461022
postsynaptic,0.36363636363636365,pre,293.8794830386296,0.04307297412937933,3.704275775126622
postsynaptic,0.36363636363636365,post,341.8678154761206,0.08014734067066692,NaN
postsynaptic,0.36363636363636365,post,354.3448358193045,0.08592762404318127,NaN
postsynaptic,0.36363636363636365,post,365.9825368628882,0.09136332508317567,NaN
postsynaptic,0.36363636363636365,post,376.9278477859486,0.08966690061136105,NaN
postsynaptic,0.36363636363636365,post,388.08023504570514,0.09110883079467702,NaN
postsynaptic,0.36363636363636365,post,399.05611950473855,0.09636675049747742,NaN
postsynaptic,0.36363636363636365,post,409.43314264641,0.09261124536466118,NaN
postsynaptic,0.36363636363636365,post,420.23096742527406,0.09224831915476567,NaN
postsynaptic,0.36363636363636365,post,431.0712733426349,0.09165779416506757,NaN
postsynaptic,0.36363636363636365,post,441.9814202549541,0.0914401846637572,NaN
postsynaptic,0.36363636363636365,post,452.91753115277425,0.0913662553152145,NaN
postsynaptic,0.36363636363636365,post,463.86249104578934,0.0928333434929619,NaN
postsynaptic,0.36363636363636365,post,474.63448268558,0.09176918820509057,NaN
postsynaptic,0.36363636363636365,post,485.5313863147714,0.09047934000694142,NaN
postsynaptic,0.36363636363636365,post,496.58363315834123,0.09300310714070258,NaN
postsynaptic,0.36363636363636365,post,507.3359620938371,0.08892510964212394,NaN
postsynaptic,0.36363636363636365,post,518.5813797719762,0.08960686429938149,NaN
postsynaptic,0.36363636363636365,post,529.7412390954645,0.09217760989043357,NaN
postsynaptic,0.36363636363636365,post,540.5898605903009,0.09105230005271045,NaN
postsynaptic,0.36363636363636365,post,551.5725595382802,0.08939528010168864,NaN
postsynaptic,0.36363636363636365,post,562.7588324473475,0.08984642322924567,NaN
postsynaptic,0.36363636363636365,post,573.8889360625851,0.0923197217818576,NaN
postsynaptic,0.42424242424242425,pre,74.38467381898319,0.03998460840552824,3.678583973308598
postsynaptic,0.42424242424242425,pre,99.39429726853386,0.04193849779004068,3.6905878055235797
postsynaptic,0.42424242424242425,pre,123.2387374057644,0.04325354464156108,3.676551294532692
postsynaptic,0.42424242424242425,pre,146.3582298840555,0.041988115683101734,3.6529660644298505
postsynaptic,0.42424242424242425,pre,170.17449274155862,0.04123133651828739,3.7108202866458653
postsynaptic,0.42424242424242425,pre,194.42789038624736,0.04197579043423172,3.6938695582123913
postsynaptic,0.42424242424242425,pre,218.25114635487085,0.03858270992730733,3.665357443094196
postsynaptic,0.42424242424242425,pre,244.16949169360092,0.04360587025542392,3.6628931014556096
postsynaptic,0.42424242424242425,pre,267.102183877989,0.04183651596407385,3.723449920802573
postsynaptic,0.42424242424242425,post,314.7916643729768,0.08640038720641999,NaN
postsynaptic,0.42424242424242425,post,326.3656865774247,0.08485846964635559,NaN
postsynaptic,0.42424242424242425,post,338.15001410733964,0.08945218065764082,NaN
postsynaptic,0.42424242424242425,post,349.3291714252287,0.09158535181531431,NaN
postsynaptic,0.42424242424242425,post,360.24794806558646,0.08893708210326524,NaN
postsynaptic,0.42424242424242425,post,371.4918519170631,0.095270952901515,NaN
postsynaptic,0.42424242424242425,post,381.98823060904215,0.09298524445578761,NaN
postsynaptic,0.42424242424242425,post,392.7426250923032,0.09211645737031528,NaN
postsynaptic,0.42424242424242425,post,403.5984485634547,0.08884710602417942,NaN
postsynaptic,0.42424242424242425,post,414.8537391941687,0.09563152974816112,NaN
postsynaptic,0.42424242424242425,post,425.3105414918359,0.09055907783539835,NaN
postsynaptic,0.42424242424242425,post,436.3530567636634,0.09138602405127645,NaN
postsynaptic,0.42424242424242425,post,447.29564902961977,0.0924347302020748,NaN
postsynaptic,0.42424242424242425,post,458.11409354515916,0.08756412886477885,NaN
postsynaptic,0.42424242424242425,post,469.5342950930356,0.09102701845533516,NaN
postsynaptic,0.42424242424242425,post,480.5200443460519,0.09131727637513143,NaN
postsynaptic,0.42424242424242425,post,491.4708746784416,0.08922072430460115,NaN
postsynaptic,0.42424242424242425,post,502.67903295998593,0.0963023381071793,NaN
postsynaptic,0.42424242424242425,post,513.0629968351626,0.09152470714255949,NaN
postsynaptic,0.42424242424242425,post,523.9890083048567,0.09274972967628058,NaN
postsynaptic,0.48484848484848486,pre,75.62226723650424,0.0503432383195661,3.6750563973283255
postsynaptic,0.48484848484848486,pre,95.48590798309773,0.043701887501465184,3.7146604376245405
postsynaptic,0.48484848484848486,pre,118.36821483921403,0.04485145201095171,3.6778190648980402
postsynaptic,0.48484848484848486,pre,140.66403705152106,0.04410513827873847,3.660726477135293
postsynaptic,0.48484848484848486,pre,163.3371322741261,0.04373308931895582,3.717312592111245
postsynaptic,0.48484848484848486,pre,186.2031135156241,0.046944109798636474,3.661640564293645
postsynaptic,0.48484848484848486,pre,207.5050405153996,0.04601405373899525,3.6811242991196202
postsynaptic,0.48484848484848486,pre,229.2375313251049,0.045791043421513425,3.663283473721074
postsynaptic,0.48484848484848486,pre,251.07586313149878,0.043966376296855444,3.6931756089358574
postsynaptic,0.48484848484848486,post,296.82555369805544,0.0840507677254303,NaN
postsynaptic,0.48484848484848486,post,308.72312497624665,0.08390128547190168,NaN
postsynaptic,0.48484848484848486,post,320.6418934954119,0.09000939374399468,NaN
postsynaptic,0.48484848484848486,post,331.7518450060754,0.09123253040305292,NaN
postsynaptic,0.48484848484848486,post,342.7128475737137,0.09362259920801243,NaN
postsynaptic,0.48484848484848486,post,353.3940293445614,0.09352098744230557,NaN
postsynaptic,0.48484848484848486,post,364.0868163579247,0.09528634298270706,NaN
postsynaptic,0.48484848484848486,post,374.5814997374882,0.09093707939795975,NaN
postsynaptic,0.48484848484848486,post,385.5781141726603,0.09065528710323592,NaN
postsynaptic,0.48484848484848486,post,396.60891041139735,0.09374793390010812,NaN
postsynaptic,0.48484848484848486,post,407.2758121594992,0.09939369841814721,NaN
postsynaptic,0.48484848484848486,post,417.3368121616625,0.09606104319894257,NaN
postsynaptic,0.48484848484848486,post,427.7468594263898,0.09930327562621534,NaN
postsynaptic,0.48484848484848486,post,437.8170206944236,0.09577442685568853,NaN
postsynaptic,0.48484848484848486,post,448.258221261531,0.09930936367739748,NaN
postsynaptic,0.48484848484848486,post,458.3277651894174,0.09575019942308038,NaN
postsynaptic,0.48484848484848486,post,468.7716076672948,0.09932115143393902,NaN
postsynaptic,0.48484848484848486,post,478.83995650903296,0.09573568388708666,NaN
postsynaptic,0.48484848484848486,post,489.28538249229985,0.09932370912898791,NaN
postsynaptic,0.5454545454545454,pre,64.89661143039518,0.05195599068966227,3.6888753389660214
postsynaptic,0.5454545454545454,pre,84.14367007995666,0.04607841260048962,3.6862730080391697
postsynaptic,0.5454545454545454,pre,105.84580658084329,0.046024661609665514,3.681972928773241
postsynaptic,0.5454545454545454,pre,127.57328843570157,0.04661820500697939,3.682838195551372
postsynaptic,0.5454545454545454,pre,149.02413579995093,0.05034150492375651,3.6749298594342257
postsynaptic,0.5454545454545454,pre,168.8884605060662,0.046599710239893524,3.6813771089515885
postsynaptic,0.5454545454545454,pre,190.34782140878508,0.04706347414325623,3.6709509831739857
postsynaptic,0.5454545454545454,pre,211.5957215734883,0.04875128055333675,3.705097322053593
postsynaptic,0.5454545454545454,pre,232.10800327460058,0.046070843605109324,3.685667488408746
postsynaptic,0.5454545454545454,post,275.5478381422424,0.08478863895432068,NaN
postsynaptic,0.5454545454545454,post,287.3418710732197,0.08003030525979907,NaN
postsynaptic,0.5454545454545454,post,299.83713766946397,0.0882990136531871,NaN
postsynaptic,0.5454545454545454,post,311.16229248860736,0.09008000056194264,NaN
postsynaptic,0.5454545454545454,post,322.2635357586089,0.09083165071456809,NaN
postsynaptic,0.5454545454545454,post,333.2729140109367,0.09498368554352336,NaN
postsynaptic,0.5454545454545454,post,343.80103780690985,0.09117130137535612,NaN
postsynaptic,0.5454545454545454,post,354.7694015893128,0.09117823650239584,NaN
postsynaptic,0.5454545454545454,post,365.73693110468923,0.08905642881515732,NaN
postsynaptic,0.5454545454545454,post,376.96576672390734,0.09327890378150343,NaN
postsynaptic,0.5454545454545454,post,387.686304374547,0.0919062317000532,NaN
postsynaptic,0.5454545454545454,post,398.56695938022295,0.0907243422887408,NaN
postsynaptic,0.5454545454545454,post,409.58935948555944,0.09188918648229699,NaN
postsynaptic,0.5454545454545454,post,420.47203282593836,0.08982358993067016,NaN
postsynaptic,0.5454545454545454,post,431.6049657311122,0.09352274283688478,NaN
postsynaptic,0.5454545454545454,post,442.29755204398504,0.0892070073201781,NaN
postsynaptic,0.5454545454545454,post,453.5074337566496,0.08814124164099428,NaN
postsynaptic,0.6060606060606061,pre,50.051127297744436,0.09016006510572946,3.696562669334908
postsynaptic,0.6060606060606061,pre,61.14251236747918,0.10036184412941518,3.7133882327883616
postsynaptic,0.6060606060606061,pre,71.106458413653,0.0989973634686423,3.6629024483397647
postsynaptic,0.6060606060606061,pre,81.20773752818975,0.09642536239618527,3.66416377105504
postsynaptic,0.6060606060606061,pre,91.57845302409088,0.09283915371621039,3.713566148648416
postsynaptic,0.6060606060606061,pre,102.34977051214972,0.09531299274950615,3.6218937244812337
postsynaptic,0.6060606060606061,pre,112.84151955027004,0.0946466312074932,3.6912186170922348
postsynaptic,0.6060606060606061,pre,123.40713596199109,0.09720516129558021,3.693796129232048
postsynaptic,0.6060606060606061,pre,133.6946555409074,0.10375137085978484,3.735049350952254
postsynaptic,0.6060606060606061,post,153.50850565352022,0.11318435811348038,NaN
postsynaptic,0.6060606060606061,post,162.34364874809327,0.10435493514784866,NaN
postsynaptic,0.6060606060606061,post,171.92632922777747,0.10706390914135665,NaN
postsynaptic,0.6060606060606061,post,181.26654488046486,0.0981854696320248,NaN
postsynaptic,0.6060606060606061,post,191.45135128560563,0.09777286515978025,NaN
postsynaptic,0.6060606060606061,post,201.67913788432912,0.09632834915975069,NaN
postsynaptic,0.6060606060606061,post,212.06029783072873,0.09307318717563676,NaN
postsynaptic,0.6060606060606061,post,222.80453073330375,0.09091285570563365,NaN
postsynaptic,0.6060606060606061,post,233.80407521178648,0.08883901265890959,NaN
postsynaptic,0.6666666666666666,pre,49.50316715668298,0.09318828372057301,3.7275313488229207
postsynaptic,0.6666666666666666,pre,60.23412989228309,0.09489870645345137,3.606150845231152
postsynaptic,0.6666666666666666,pre,70.77168132340306,0.09335368922427856,3.734147568971142
postsynaptic,0.6666666666666666,pre,81.4836307740299,0.09864255762182986,3.6497746320077047
postsynaptic,0.6666666666666666,pre,91.62124301877463,0.0945248687324019,3.686469880563674
postsynaptic,0.6666666666666666,pre,102.20046955894557,0.09458043027353547,3.6886367806678835
postsynaptic,0.6666666666666666,pre,112.77348130257907,0.09563155696673392,3.7296307217026228
postsynaptic,0.6666666666666666,pre,123.23028062404005,0.09505245181602949,3.6119931690091205
postsynaptic,0.6666666666666666,pre,133.750787785028,0.09468361874809553,3.692661131175725
postsynaptic,0.6666666666666666,post,154.4935258490285,0.11275384257483632,NaN
postsynaptic,0.6666666666666666,post,163.36240319426207,0.10959160455028996,NaN
postsynaptic,0.6666666666666666,post,172.48718975162208,0.10700873064425878,NaN
postsynaptic,0.6666666666666666,post,181.83222163808014,0.10239339380683016,NaN
postsynaptic,0.6666666666666666,post,191.59847669440288,0.10109590244291751,NaN
postsynaptic,0.6666666666666666,post,201.49007443314048,0.10164786981353839,NaN
postsynaptic,0.6666666666666666,post,211.3279589046438,0.09443352015008996,NaN
postsynaptic,0.6666666666666666,post,221.91741907101934,0.09325169625757063,NaN
postsynaptic,0.6666666666666666,post,232.64108459274775,0.09871472871439319,NaN
postsynaptic,0.7272727272727273,pre,43.76550221548334,0.09742223920613634,3.7020450898331805
postsynaptic,0.7272727272727273,pre,54.03009896617076,0.09864210456901348,3.649757869053499
postsynaptic,0.7272727272727273,pre,64.1677577719028,0.09560224677670463,3.728487624291481
postsynaptic,0.7272727272727273,pre,74.6277629884713,0.09985305142169938,3.594709851181178
postsynaptic,0.7272727272727273,pre,84.64247947196463,0.09999108912066583,3.699670297464636
postsynaptic,0.7272727272727273,pre,94.6433706393089,0.10498540317032543,3.6744891109613897
postsynaptic,0.7272727272727273,pre,104.16850432268036,0.11314743398888741,3.7338653216332847
postsynaptic,0.7272727272727273,pre,113.00653064591287,0.11108302597731294,3.6657398572513267
postsynaptic,0.7272727272727273,pre,122.0088061169127,0.1090840079786898,3.708856271275453
postsynaptic,0.7272727272727273,post,140.36699830987223,0.11923059973797118,NaN
postsynaptic,0.7272727272727273,post,148.7541070067811,0.10838941960647451,NaN
postsynaptic,0.7272727272727273,post,157.9800997617074,0.10248757303718017,NaN
postsynaptic,0.7272727272727273,post,167.73738028231475,0.10273405261935456,NaN
postsynaptic,0.7272727272727273,post,177.47125113140072,0.09843608201910228,NaN
postsynaptic,0.7272727272727273,post,187.6301276275817,0.0976954579554379,NaN
postsynaptic,0.7272727272727273,post,197.86601802543552,0.09470215846281566,NaN
postsynaptic,0.7272727272727273,post,208.42543943917917,0.09442036214456094,NaN
postsynaptic,0.7878787878787878,pre,44.01301041668134,0.10502744487685868,3.6759605706900538
postsynaptic,0.7878787878787878,pre,53.53433125974734,0.10892013219639059,3.70328449467728
postsynaptic,0.7878787878787878,pre,62.71537042886008,0.10982602289954534,3.624258755684996
postsynaptic,0.7878787878787878,pre,71.82068056937815,0.11283869937298469,3.7236770793084943
postsynaptic,0.7878787878787878,pre,80.68288835408978,0.11427463463045323,3.6567883081745034
postsynaptic,0.7878787878787878,pre,89.43373672244246,0.11093597859925927,3.660887293775556
postsynaptic,0.7878787878787878,pre,98.4479448506491,0.11234630298473994,3.707427998496418
postsynaptic,0.7878787878787878,pre,107.34899431496329,0.11060558142600782,3.649984187058258
postsynaptic,0.7878787878787878,pre,116.39012937439945,0.10919437717139449,3.712608823827413
postsynaptic,0.7878787878787878,post,134.92867841692063,0.11806484681248698,NaN
postsynaptic,0.7878787878787878,post,143.39860004895579,0.10865839262760739,NaN
postsynaptic,0.7878787878787878,post,152.60175477835793,0.10302182340144322,NaN
postsynaptic,0.7878787878787878,post,162.30843601329704,0.10186995475050806,NaN
postsynaptic,0.7878787878787878,post,172.1248730820002,0.0984210314946536,NaN
postsynaptic,0.7878787878787878,post,182.28530307154284,0.0957133854744215,NaN
postsynaptic,0.7878787878787878,post,192.73316253282206,0.09899450499636801,NaN
postsynaptic,0.7878787878787878,post,202.83473332239961,0.09640862589043442,NaN
postsynaptic,0.8484848484848485,pre,40.88259547757612,0.10630744490773181,3.7207605717706134
postsynaptic,0.8484848484848485,pre,50.28927438767444,0.11452784439446079,3.664891020622745
postsynaptic,0.8484848484848485,pre,59.02077549369164,0.11531917432133039,3.6902135782825725
postsynaptic,0.8484848484848485,pre,67.69236030068615,0.11529932214535657,3.6895783086514102
postsynaptic,0.8484848484848485,pre,76.3654381765414,0.1088700734455491,3.701582497148669
postsynaptic,0.8484848484848485,pre,85.55069881201021,0.11600178843235394,3.712057229835326
postsynaptic,0.8484848484848485,pre,94.17125555957404,0.1159673046308731,3.594986443557066
postsynaptic,0.8484848484848485,pre,102.79437569833233,0.1105849073374091,3.759886849471909
postsynaptic,0.8484848484848485,pre,111.83720101760369,0.11548471533943211,3.6955108908618275
postsynaptic,0.8484848484848485,post,129.44577765954006,0.11284703545605275,NaN
postsynaptic,0.8484848484848485,post,138.30733078726436,0.1137614233910321,NaN
postsynaptic,0.8484848484848485,post,147.09765680632884,0.10659430309023568,NaN
postsynaptic,0.8484848484848485,post,156.47902120395023,0.10273495759246405,NaN
postsynaptic,0.8484848484848485,post,166.2128063091806,0.10108461997848936,NaN
postsynaptic,0.8484848484848485,post,176.10550808926146,0.10110568055679972,NaN
postsynaptic,0.8484848484848485,post,185.99614919362764,0.09309802150029751,NaN
postsynaptic,0.9090909090909091,pre,40.0578593935095,0.1109802944141767,3.662349715667831
postsynaptic,0.9090909090909091,pre,49.068468036049374,0.11650149797926247,3.728047935336399
postsynaptic,0.9090909090909091,pre,57.65204865385398,0.11146714072551978,3.6784156439421527
postsynaptic,0.9090909090909091,pre,66.62330236585537,0.11343884426030841,3.7434818605901774
postsynaptic,0.9090909090909091,pre,75.43862489951321,0.11932679200171897,3.5798037600515693
postsynaptic,0.9090909090909091,pre,83.81897254168895,0.11173082655477556,3.6871172763075934
postsynaptic,0.9090909090909091,pre,92.76905400832658,0.11505682258003928,3.681818322561257
postsynaptic,0.9090909090909091,pre,101.46041170077763,0.11272781696012898,3.7200179596842564
postsynaptic,0.9090909090909091,pre,110.33133661502211,0.11295688988085283,3.7275773660681435
postsynaptic,0.9090909090909091,post,128.1126750181326,0.11746862716378233,NaN
postsynaptic,0.9090909090909091,post,136.62558628767297,0.11709521806378054,NaN
postsynaptic,0.9090909090909091,post,145.16564468233184,0.1126132331185621,NaN
postsynaptic,0.9090909090909091,post,154.0455957529771,0.10927661470306853,NaN
postsynaptic,0.9090909090909091,post,163.1966845080346,0.09910623181151168,NaN
postsynaptic,0.9090909090909091,post,173.28686735245836,0.09844304538064964,NaN
postsynaptic,0.9090909090909091,post,183.44502526126035,0.1016610286025667,NaN
postsynaptic,0.9090909090909091,post,193.2816363377565,0.09440539664883339,NaN
postsynaptic,0.9696969696969697,pre,38.94209114051151,0.11374843715887475,3.7536984262428668
postsynaptic,0.9696969696969697,pre,47.733420718106316,0.11830142760230758,3.667344255671535
postsynaptic,0.9696969696969697,pre,56.18640408667299,0.12422378886920922,3.6024898772070673
postsynaptic,0.9696969696969697,pre,64.23639200849418,0.11512702600560425,3.684064832179336
postsynaptic,0.9696969696969697,pre,72.92244978915222,0.11575549056518658,3.7041756980859706
postsynaptic,0.9696969696969697,pre,81.56134886095789,0.1156845671369017,3.7019061483808544
postsynaptic,0.9696969696969697,pre,90.20554423419722,0.11568427163869759,3.7018966924383228
postsynaptic,0.9696969696969697,pre,98.84976168774334,0.11174153417644161,3.6874706278225733
postsynaptic,0.9696969696969697,pre,107.79898551369318,0.12244814241005479,3.673444272301644
postsynaptic,0.9696969696969697,post,124.07360501628885,0.12288927083725733,NaN
postsynaptic,0.9696969696969697,post,132.2110119126509,0.11348125613894054,NaN
postsynaptic,0.9696969696969697,post,141.0230398547425,0.1117632375877091,NaN
postsynaptic,0.9696969696969697,post,149.97052582225686,0.1011769566835749,NaN
postsynaptic,0.9696969696969697,post,159.85419926706547,0.10255551630767645,NaN
postsynaptic,0.9696969696969697,post,169.6050155664043,0.09419195177585414,NaN
postsynaptic,0.9696969696969697,post,180.2216338776977,0.09487064563506178,NaN
postsynaptic,1.0303030303030303,pre,39.34028490380584,0.11606417251026577,3.5979893478182388
postsynaptic,1.0303030303030303,pre,47.95620813292765,0.11886015104788604,3.6846646824844673
postsynaptic,1.0303030303030303,pre,56.369456737980514,0.11536619139742474,3.6917181247175916
postsynaptic,1.0303030303030303,pre,65.03750747179647,0.11743051205500975,3.757776385760312
postsynaptic,1.0303030303030303,pre,73.55318182678485,0.11750276654436792,3.6425857628754055
postsynaptic,1.0303030303030303,pre,82.06361974589895,0.11502606145556515,3.680833966578085
postsynaptic,1.0303030303030303,pre,90.75730174583687,0.11751201101863222,3.6428723415775988
postsynaptic,1.0303030303030303,pre,99.26707016296866,0.11593411722038982,3.7098917510524743
postsynaptic,1.0303030303030303,pre,107.89265876428615,0.11487267656653258,3.6759256501290425
postsynaptic,1.0303030303030303,post,125.4682276300739,0.12114052850602292,NaN
postsynaptic,1.0303030303030303,post,133.7231032883907,0.12038326398446995,NaN
postsynaptic,1.0303030303030303,post,142.02990580314062,0.10854783183575441,NaN
postsynaptic,1.0303030303030303,post,151.2424343547299,0.09722781299067337,NaN
postsynaptic,1.0303030303030303,post,161.52755719397268,0.09393341196568064,NaN
postsynaptic,1.0303030303030303,post,172.17339640148873,0.0976736879747421,NaN
postsynaptic,1.0303030303030303,post,182.41156822375672,0.09612352122790631,NaN
postsynaptic,1.0909090909090908,pre,37.56981766569458,0.11435186707145203,3.659259746286465
postsynaptic,1.0909090909090908,pre,46.314755773046656,0.11398405851034002,3.7614739308412206
postsynaptic,1.0909090909090908,pre,55.08791241502818,0.11822489654518767,3.6649717929008174
postsynaptic,1.0909090909090908,pre,63.5463676915594,0.11669357540817629,3.617500837653465
postsynaptic,1.0909090909090908,pre,72.11581975009949,0.11711217644682739,3.7475896462984766
postsynaptic,1.0909090909090908,pre,80.6546415049324,0.12209655284861488,3.6628965854584465
postsynaptic,1.0909090909090908,pre,88.84488092340214,0.12408074381468993,3.7224223144406983
postsynaptic,1.0909090909090908,pre,96.90414918096081,0.11465684256359382,3.669018962035002
postsynaptic,1.0909090909090908,pre,105.62582664600487,0.11715082697380703,3.6316756361880183
postsynaptic,1.0909090909090908,post,122.10233092214233,0.12136323331982467,NaN
postsynaptic,1.0909090909090908,post,130.34205866048242,0.12073604582058883,NaN
postsynaptic,1.0909090909090908,post,138.62458930991232,0.11122833266366453,NaN
postsynaptic,1.0909090909090908,post,147.6151043707092,0.10534199868020491,NaN
postsynaptic,1.0909090909090908,post,157.10799431516315,0.10090535623057144,NaN
postsynaptic,1.0909090909090908,post,167.01827100766076,0.10163572344161967,NaN
postsynaptic,1.0909090909090908,post,176.85733119376164,0.10159595850813433,NaN
postsynaptic,1.1515151515151516,pre,38.02465150585773,0.12071167206796665,3.6213501620389996
postsynaptic,1.1515151515151516,pre,46.30885453998479,0.12202691901214338,3.6608075703643017
postsynaptic,1.1515151515151516,pre,54.5037676632153,0.12283716945785134,3.68511508373554
postsynaptic,1.1515151515151516,pre,62.64462604031366,0.11904821517799552,3.690494670517861
postsynaptic,1.1515151515151516,pre,71.04458397756493,0.12184516392266051,3.777200081602476
postsynaptic,1.1515151515151516,pre,79.25172136247366,0.11805658310713554,3.6597540763212018
postsynaptic,1.1515151515151516,pre,87.72223587069475,0.12234503981425396,3.6703511944276186
postsynaptic,1.1515151515151516,pre,95.89584063242611,0.12025753161506413,3.727983480066988
postsynaptic,1.1515151515151516,pre,104.21132812472663,0.12042703595913287,3.612811078773986
postsynaptic,1.1515151515151516,post,120.46017677335578,0.12770521010419653,NaN
postsynaptic,1.1515151515151516,post,128.29071085402552,0.11881636757971786,NaN
postsynaptic,1.1515151515151516,post,136.70705971546556,0.1046628909132375,NaN
postsynaptic,1.1515151515151516,post,146.26154451207768,0.09758323256312136,NaN
postsynaptic,1.1515151515151516,post,156.5092066742545,0.09916736175754999,NaN
postsynaptic,1.1515151515151516,post,166.59316960597852,0.09684294257450078,NaN
postsynaptic,1.1515151515151516,post,176.91916728237817,0.09652656303186684,NaN
postsynaptic,1.2121212121212122,pre,36.66406567588526,0.1223482125738936,3.670446377216808
postsynaptic,1.2121212121212122,pre,44.83745847797494,0.1242982123504437,3.604648158162867
postsynaptic,1.2121212121212122,pre,52.882626474282254,0.12409654788457283,3.722896436537185
postsynaptic,1.2121212121212122,pre,60.940868359706336,0.12921033544633506,3.7470997279437173
postsynaptic,1.2121212121212122,pre,68.6801873278498,0.12327468420922724,3.6982405262768174
postsynaptic,1.2121212121212122,pre,76.79215294686331,0.11850823057158105,3.673755147719013
postsynaptic,1.2121212121212122,pre,85.23038542385555,0.1199432888610477,3.598298665831431
postsynaptic,1.2121212121212122,pre,93.56765889280706,0.12028085431557863,3.7287064837829376
postsynaptic,1.2121212121212122,pre,101.88153399529277,0.1260241277139597,3.6546997037048317
postsynaptic,1.2121212121212122,post,118.09621051237202,0.12988710176488014,NaN
postsynaptic,1.2121212121212122,post,125.79520438021724,0.11825093084221519,NaN
postsynaptic,1.2121212121212122,post,134.251797430925,0.10812517056472065,NaN
postsynaptic,1.2121212121212122,post,143.50033775485844,0.10469428718298032,NaN
postsynaptic,1.2121212121212122,post,153.051957302659,0.10054324539312036,NaN
postsynaptic,1.2121212121212122,post,162.9979262843647,0.10141325053366795,NaN
postsynaptic,1.2121212121212122,post,172.85857067489246,0.09422772283874749,NaN
postsynaptic,1.2727272727272727,pre,35.833977710886245,0.11919178138606366,3.6949452229679736
postsynaptic,1.2727272727272727,pre,44.223817919423674,0.12741271707321547,3.5675560780500333
postsynaptic,1.2727272727272727,pre,52.072328044400976,0.11831723933797526,3.7861516588152084
postsynaptic,1.2727272727272727,pre,60.524181769144185,0.12365639235421698,3.5860353782722925
postsynaptic,1.2727272727272727,pre,68.61110700577468,0.12622195064543681,3.7866585193631046
postsynaptic,1.2727272727272727,pre,76.5336592630207,0.1269798757297296,3.6824163961621585
postsynaptic,1.2727272727272727,pre,84.40892291604592,0.1277881828235156,3.578069119058436
postsynaptic,1.2727272727272727,pre,92.23437263999317,0.1290958296718687,3.7437790604841923
postsynaptic,1.2727272727272727,pre,99.98055625058512,0.1272101617980829,3.689094692144404
postsynaptic,1.2727272727272727,post,115.62387282871967,0.1292035073235506,NaN
postsynaptic,1.2727272727272727,post,123.36360080294413,0.11916908314410957,NaN
postsynaptic,1.2727272727272727,post,131.7550390318572,0.11366859263899182,NaN
postsynaptic,1.2727272727272727,post,140.5525439255438,0.10602315376207849,NaN
postsynaptic,1.2727272727272727,post,149.9844459631313,0.10077220371455918,NaN
postsynaptic,1.2727272727272727,post,159.90781732089712,0.10190942372322641,NaN
postsynaptic,1.2727272727272727,post,169.72045253622204,0.1068847828773448,NaN
postsynaptic,1.3333333333333333,pre,35.20525339348338,0.1240808947603201,3.722426842809603
postsynaptic,1.3333333333333333,pre,43.26451184686287,0.12184739871029363,3.6554219613088086
postsynaptic,1.3333333333333333,pre,51.47149870570929,0.12707845392220582,3.6852751637439685
postsynaptic,1.3333333333333333,pre,59.34065330379855,0.12520894160387086,3.7562682481161263
postsynaptic,1.3333333333333333,pre,67.3273033560268,0.12854642964158883,3.5993000299644873
postsynaptic,1.3333333333333333,pre,75.10659370884473,0.126545232106219,3.669811731080351
postsynaptic,1.3333333333333333,pre,83.00890644995712,0.12685759860789886,3.678870359629067
postsynaptic,1.3333333333333333,pre,90.89176101266153,0.12630031156490223,3.7890093469470667
postsynaptic,1.3333333333333333,pre,98.80939785464294,0.12770233973770184,3.575665512655652
postsynaptic,1.3333333333333333,post,114.71449345214656,0.12669662288162223,NaN
postsynaptic,1.3333333333333333,post,122.60736365859508,0.11439873676875495,NaN
postsynaptic,1.3333333333333333,post,131.34871892391934,0.11137460445520485,NaN
postsynaptic,1.3333333333333333,post,140.3274264568579,0.10006647778700793,NaN
postsynaptic,1.3333333333333333,post,150.32078309451737,0.10229429551796694,NaN
postsynaptic,1.3333333333333333,post,160.09649927630934,0.09792200397478011,NaN
postsynaptic,1.3333333333333333,post,170.30870857972138,0.09762948530187332,NaN
postsynaptic,1.393939393939394,pre,34.634890783013084,0.12222592892925642,3.6667778678776926
postsynaptic,1.393939393939394,pre,42.81646083742268,0.12859198012436268,3.7291674236065178
postsynaptic,1.393939393939394,pre,50.59299557180417,0.12848856962044358,3.726168518992864
postsynaptic,1.393939393939394,pre,58.37578903704399,0.12385975991568805,3.591933037554954
postsynaptic,1.393939393939394,pre,66.44943620607374,0.1259597372028001,3.778792116084003
postsynaptic,1.393939393939394,pre,74.38848103267544,0.12826223533078407,3.591342589261954
postsynaptic,1.393939393939394,pre,82.18500818208176,0.12774133095756718,3.7044985977694482
postsynaptic,1.393939393939394,pre,90.01332805712813,0.1262835830947239,3.662223909746993
postsynaptic,1.393939393939394,pre,97.932013728645,0.12184875756056865,3.777311484377628
postsynaptic,1.393939393939394,post,114.2061353893141,0.13045617237712312,NaN
postsynaptic,1.393939393939394,post,121.87154501906467,0.12462500974825919,NaN
postsynaptic,1.393939393939394,post,129.89561660806584,0.10887324065772125,NaN
postsynaptic,1.393939393939394,post,139.0806100367434,0.10612136142033238,NaN
postsynaptic,1.393939393939394,post,148.50378352995872,0.10046888260572595,NaN
postsynaptic,1.393939393939394,post,158.45711409425235,0.10237009046340151,NaN
postsynaptic,1.393939393939394,post,168.22559232332563,0.09822817437022091,NaN
postsynaptic,1.4545454545454546,pre,34.031715945127615,0.1296785664321372,3.6309998600998417
postsynaptic,1.4545454545454546,pre,41.743090519300715,0.12517044162750046,3.7551132488250136
postsynaptic,1.4545454545454546,pre,49.73219710866579,0.12947809250159417,3.625386590044637
postsynaptic,1.4545454545454546,pre,57.45551138275959,0.13137467352688395,3.6784908587527503
postsynaptic,1.4545454545454546,pre,65.06732858583233,0.13172701567030023,3.6883564387684067
postsynaptic,1.4545454545454546,pre,72.65878577410494,0.12487890212424538,3.7463670637273614
postsynaptic,1.4545454545454546,pre,80.66654355375833,0.1258822102454715,3.650584097118674
postsynaptic,1.4545454545454546,pre,88.61047779236115,0.12523764662086287,3.631891752005023
postsynaptic,1.4545454545454546,pre,96.59529726942576,0.1359166542557642,3.805666319161398
postsynaptic,1.4545454545454546,post,111.49530583035263,0.13337334419531327,NaN
postsynaptic,1.4545454545454546,post,118.9930558945303,0.12423959348598733,NaN
postsynaptic,1.4545454545454546,post,127.04201977103226,0.10886521955193346,NaN
postsynaptic,1.4545454545454546,post,136.22768994297323,0.1054548725602451,NaN
postsynaptic,1.4545454545454546,post,145.7104191495228,0.10082611365357629,NaN
postsynaptic,1.4545454545454546,post,155.6284846562015,0.1015523987535869,NaN
postsynaptic,1.4545454545454546,post,165.47561788272884,0.10160153689190529,NaN
postsynaptic,1.5151515151515151,pre,33.4722767613017,0.13361347242015287,3.7411772277642803
postsynaptic,1.5151515151515151,pre,40.95655197612031,0.1317602062703895,3.557525569300517
postsynaptic,1.5151515151515151,pre,48.54609686456612,0.129975560330913,3.769291249596477
postsynaptic,1.5151515151515151,pre,56.23985096305999,0.1303366749734063,3.6494268992553773
postsynaptic,1.5151515151515151,pre,63.912288519135735,0.13884036263451538,3.7486897911319152
postsynaptic,1.5151515151515151,pre,71.11480499939306,0.13535249605861138,3.6545173935825073
postsynaptic,1.5151515151515151,pre,78.50292142959891,0.12257257647326388,3.677177294197916
postsynaptic,1.5151515151515151,pre,86.66135318303542,0.13060133456189713,3.6568373677331194
postsynaptic,1.5151515151515151,pre,94.31824278033169,0.12748038089548153,3.696931045968964
postsynaptic,1.5151515151515151,post,109.396707383109,0.1304346818297101,NaN
postsynaptic,1.5151515151515151,post,117.06337997334506,0.12594070956479977,NaN
postsynaptic,1.5151515151515151,post,125.0036242633415,0.11482698152435655,NaN
postsynaptic,1.5151515151515151,post,133.7123788323875,0.10018666624154807,NaN
postsynaptic,1.5151515151515151,post,143.69374698759708,0.09660208705571569,NaN
postsynaptic,1.5151515151515151,post,154.04549021052813,0.09784140795059705,NaN
postsynaptic,1.5151515151515151,post,164.2661117341363,0.0975647465734789,NaN
postsynaptic,1.5757575757575757,pre,33.667707798996645,0.12604559551572775,3.655322269956105
postsynaptic,1.5757575757575757,pre,41.60134479684971,0.1307639356357439,3.661390197800829
postsynaptic,1.5757575757575757,pre,49.24871327913217,0.13159714812475878,3.6847201474932456
postsynaptic,1.5757575757575757,pre,56.847662148844485,0.13532793800886697,3.653854326239408
postsynaptic,1.5757575757575757,pre,64.23711930538875,0.12447630512120944,3.734289153636283
postsynaptic,1.5757575757575757,pre,72.27077678764005,0.12999263264798835,3.6397937141436745
postsynaptic,1.5757575757575757,pre,79.96352044264344,0.13205732129972406,3.6976049963922732
postsynaptic,1.5757575757575757,pre,87.5359896564506,0.13230524612299116,3.7045468914437523
postsynaptic,1.5757575757575757,pre,95.09426893337661,0.1317815270320525,3.68988275689747
postsynaptic,1.5757575757575757,post,110.4002932457704,0.12890724781256793,NaN
postsynaptic,1.5757575757575757,post,118.15780895546895,0.12478996532961233,NaN
postsynaptic,1.5757575757575757,post,126.17127379904562,0.10912973707857229,NaN
postsynaptic,1.5757575757575757,post,135.3346789970258,0.10396708539071234,NaN
postsynaptic,1.5757575757575757,post,144.95310771648025,0.10280545043914997,NaN
postsynaptic,1.5757575757575757,post,154.68021844580772,0.10133694331902923,NaN
postsynaptic,1.5757575757575757,post,164.5482879498562,0.09803868957973601,NaN
postsynaptic,1.6363636363636365,pre,32.873460722538184,0.1313063666982982,3.6765782675523497
postsynaptic,1.6363636363636365,pre,40.48923766576664,0.12351320875108045,3.7053962625324135
postsynaptic,1.6363636363636365,pre,48.58553773044496,0.1318215271629775,3.69100276056337
postsynaptic,1.6363636363636365,pre,56.17155210549958,0.1325687384218714,3.5793559373905275
postsynaptic,1.6363636363636365,pre,63.71480862211299,0.1317790365503226,3.6898130234090334
postsynaptic,1.6363636363636365,pre,71.30326901898445,0.13071662991096183,3.660065637506931
postsynaptic,1.6363636363636365,pre,78.95340504743893,0.1311273005843922,3.802691716947374
postsynaptic,1.6363636363636365,pre,86.57958201854504,0.13128335469630575,3.6759339314965613
postsynaptic,1.6363636363636365,pre,94.19669389318652,0.13168268591526092,3.6871152056273058
postsynaptic,1.6363636363636365,post,109.37001922032789,0.13635208875623508,NaN
postsynaptic,1.6363636363636365,post,116.70397361091857,0.11737973409954798,NaN
postsynaptic,1.6363636363636365,post,125.22333180908858,0.11105251204302236,NaN
postsynaptic,1.6363636363636365,post,134.2280808382019,0.11078882577581056,NaN
postsynaptic,1.6363636363636365,post,143.25426189028357,0.10599211613244627,NaN
postsynaptic,1.6363636363636365,post,152.68892586803088,0.09447442802653304,NaN
postsynaptic,1.6363636363636365,post,163.27380074781476,0.09032223882784822,NaN
postsynaptic,1.696969696969697,pre,31.668663684476794,0.12736706367204018,3.6936448464891654
postsynaptic,1.696969696969697,pre,39.51998702639601,0.13025673344498948,3.777445269904695
postsynaptic,1.696969696969697,pre,47.19713333240501,0.13136710037598412,3.6782788105275555
postsynaptic,1.696969696969697,pre,54.80938934732741,0.13215120486453003,3.5680825313423106
postsynaptic,1.696969696969697,pre,62.37647888710961,0.13424363248581792,3.7588217096029015
postsynaptic,1.696969696969697,pre,69.8256217736867,0.12989831820214284,3.6371529096599997
postsynaptic,1.696969696969697,pre,77.52395085015587,0.13006859053085487,3.7719891253947915
postsynaptic,1.696969696969697,pre,85.21220207144346,0.12956977121527175,3.6279535940276086
postsynaptic,1.696969696969697,pre,92.93005161783623,0.13858789843331523,3.7418732576995115
postsynaptic,1.696969696969697,post,107.87436780346142,0.13089753891259104,NaN
postsynaptic,1.696969696969697,post,115.51393084114211,0.1237847141321792,NaN
postsynaptic,1.696969696969697,post,123.59247274359531,0.11469244744425305,NaN
postsynaptic,1.696969696969697,post,132.31144266954493,0.10213306902774895,NaN
postsynaptic,1.696969696969697,post,142.10259072295656,0.10240840975242514,NaN
postsynaptic,1.696969696969697,post,151.86741377232843,0.10268618751485081,NaN
postsynaptic,1.696969696969697,post,161.60582186986713,0.09747496484701053,NaN
postsynaptic,1.7575757575757576,pre,32.373628386033516,0.13857708040835925,3.7415811710257
postsynaptic,1.7575757575757576,pre,39.589828908177566,0.13130949453761884,3.6766658470533273
postsynaptic,1.7575757575757576,pre,47.20542444086397,0.13196798430655138,3.563135576276887
postsynaptic,1.7575757575757576,pre,54.78301991036116,0.13076744606938676,3.792255936012216
postsynaptic,1.7575757575757576,pre,62.4301831001155,0.13133383190709208,3.677347293398578
postsynaptic,1.7575757575757576,pre,70.04436739276157,0.12976268593288462,3.6333552061207692
postsynaptic,1.7575757575757576,pre,77.75074301847278,0.12915079868596063,3.7453731618928585
postsynaptic,1.7575757575757576,pre,85.49362970732378,0.12949307744519697,3.6258061684655156
postsynaptic,1.7575757575757576,pre,93.2160502392106,0.12905133735186522,3.7424887832040916
postsynaptic,1.7575757575757576,post,108.6845839111334,0.1301947836925424,NaN
postsynaptic,1.7575757575757576,post,116.36538318463978,0.12155567595028069,NaN
postsynaptic,1.7575757575757576,post,124.59206607856754,0.11316478683278093,NaN
postsynaptic,1.7575757575757576,post,133.4287371667008,0.10985079353983052,NaN
postsynaptic,1.7575757575757576,post,142.53199411893587,0.10191201313924475,NaN
postsynaptic,1.7575757575757576,post,152.34438001139858,0.10144585037128978,NaN
postsynaptic,1.7575757575757576,post,162.20185566308882,0.09445879553905226,NaN
postsynaptic,1.8181818181818181,pre,31.93093777252634,0.1345683565606003,3.7679139836968076
postsynaptic,1.8181818181818181,pre,39.36210528886343,0.13771534506702723,3.580598971742708
postsynaptic,1.8181818181818181,pre,46.62346022003172,0.13705402801071306,3.700458756289253
postsynaptic,1.8181818181818181,pre,53.9198528508403,0.13341724613369363,3.7356828917434215
postsynaptic,1.8181818181818181,pre,61.415135724524625,0.138242771827886,3.732554839352922
postsynaptic,1.8181818181818181,pre,68.64878698004931,0.12904568954962214,3.61327930738942
postsynaptic,1.8181818181818181,pre,76.397980335442,0.13022797029354033,3.646383168219129
postsynaptic,1.8181818181818181,pre,84.07682227504952,0.13102615269423853,3.6687322754386793
postsynaptic,1.8181818181818181,pre,91.70888640451832,0.1312602961919797,3.8065485895674116
postsynaptic,1.8181818181818181,post,106.9458311243686,0.13608696553354024,NaN
postsynaptic,1.8181818181818181,post,114.29407344926295,0.12465571788601332,NaN
postsynaptic,1.8181818181818181,post,122.31616835961766,0.11587519313591638,NaN
postsynaptic,1.8181818181818181,post,130.94614318802675,0.10023696729098484,NaN
postsynaptic,1.8181818181818181,post,140.92250247967442,0.10123331497070699,NaN
postsynaptic,1.8181818181818181,post,150.8006735174337,0.0964719540389317,NaN
postsynaptic,1.8181818181818181,post,161.16638042118777,0.09536715196822891,NaN
postsynaptic,1.878787878787879,pre,31.23212134233551,0.13876279550596135,3.607832683154995
postsynaptic,1.878787878787879,pre,38.438663963171074,0.13926814789120956,3.760239993062658
postsynaptic,1.878787878787879,pre,45.6190567173072,0.1374255415663787,3.7104896222922252
postsynaptic,1.878787878787879,pre,52.89572442115601,0.13864600887494902,3.6047962307486747
postsynaptic,1.878787878787879,pre,60.10833737781129,0.1384785419711043,3.738920633219816
postsynaptic,1.878787878787879,pre,67.32967279747989,0.13719715604024643,3.7043232130866532
postsynaptic,1.878787878787879,pre,74.61845362109005,0.13659045986717913,3.551351956546658
postsynaptic,1.878787878787879,pre,81.93960914668388,0.1355721480998826,3.796020146796713
postsynaptic,1.878787878787879,pre,89.31575545708424,0.13736453019605144,3.571477785097337
postsynaptic,1.878787878787879,post,103.75365535585422,0.1310360614316764,NaN
postsynaptic,1.878787878787879,post,111.38514236083728,0.1283138682978761,NaN
postsynaptic,1.878787878787879,post,119.17853222013554,0.11646478186289548,NaN
postsynaptic,1.878787878787879,post,127.76481885549985,0.10431839935494457,NaN
postsynaptic,1.878787878787879,post,137.35085551042866,0.10632208150684956,NaN
postsynaptic,1.878787878787879,post,146.7562394704443,0.09761611970908485,NaN
postsynaptic,1.9393939393939394,pre,31.525644546401377,0.13803990805192132,3.5890376093499543
postsynaptic,1.9393939393939394,pre,38.76992639295163,0.13871176828481493,3.7452177436900036
postsynaptic,1.9393939393939394,pre,45.97912004944597,0.14261573588308496,3.7080091329602087
postsynaptic,1.9393939393939394,pre,52.99096901413378,0.13550795092209567,3.658714674896583
postsynaptic,1.9393939393939394,pre,60.370609789418666,0.13854501419088178,3.7407153831538085
postsynaptic,1.9393939393939394,pre,67.58848049981637,0.14297266782496904,3.574316695624226
postsynaptic,1.9393939393939394,pre,74.58282435037826,0.13590910668222547,3.6695458804200882
postsynaptic,1.9393939393939394,pre,81.94068302822345,0.13989822011492348,3.7772519431029337
postsynaptic,1.9393939393939394,pre,89.08873680030518,0.13972759745025826,3.6329175337067148
postsynaptic,1.9393939393939394,post,103.57112519650173,0.1302174979467901,NaN
postsynaptic,1.9393939393939394,post,111.25058468364855,0.1215098360509955,NaN
postsynaptic,1.9393939393939394,post,119.48037111493234,0.11032899015871267,NaN
postsynaptic,1.9393939393939394,post,128.54417201224373,0.11068162836740615,NaN
postsynaptic,1.9393939393939394,post,137.57909510427228,0.10082919373376502,NaN
postsynaptic,1.9393939393939394,post,147.49685763880623,0.10117861434020128,NaN
postsynaptic,2.0,pre,30.916445739051934,0.1390861937373813,3.6162410371719136
postsynaptic,2.0,pre,38.106231965341024,0.13619302420786886,3.6772116536124595
postsynaptic,2.0,pre,45.44875193518705,0.13668442223540667,3.6904794003559798
postsynaptic,2.0,pre,52.76487460407272,0.1402794387607813,3.6472654077803144
postsynaptic,2.0,pre,59.89350306761613,0.13766007189402496,3.7168219411386736
postsynaptic,2.0,pre,67.15777357279087,0.13748066011109908,3.711977822999675
postsynaptic,2.0,pre,74.43152392569064,0.13551594753059304,3.6589305833260117
postsynaptic,2.0,pre,81.81072923858747,0.13638688518377584,3.6824458999619476
postsynaptic,2.0,pre,89.14281251516161,0.1426041150495835,3.707706991289171
postsynaptic,2.0,post,103.53847601716593,0.13767010207315367,NaN
postsynaptic,2.0,post,110.80221727210181,0.12350585425458697,NaN
postsynaptic,2.0,post,118.89899945328219,0.11205091714440404,NaN
postsynaptic,2.0,post,127.82351364276681,0.1040813251160807,NaN
postsynaptic,2.0,post,137.4313851690441,0.10158838170277787,NaN
postsynaptic,2.0,post,147.27503050760012,0.09965610279064299,NaN
postsynaptic,2.0606060606060606,pre,30.574347270929497,0.14042249838123214,3.791407456293267
postsynaptic,2.0606060606060606,pre,37.69571323099885,0.13581405753722361,3.6669795535050373
postsynaptic,2.0606060606060606,pre,45.05872128873192,0.1365632135566294,3.6872067660289933
postsynaptic,2.0606060606060606,pre,52.38133748936288,0.14038100681039756,3.6499061770703363
postsynaptic,2.0606060606060606,pre,59.50480826878696,0.14005131675273708,3.641334235571164
postsynaptic,2.0606060606060606,pre,66.6450481693194,0.13988553667019327,3.637023953425025
postsynaptic,2.0606060606060606,pre,73.79375005661808,0.13582883381246927,3.803207346749139
postsynaptic,2.0606060606060606,pre,81.15595712217119,0.13647423629868646,3.6848043800645347
postsynaptic,2.0606060606060606,pre,88.48334745694036,0.13101917254318987,3.6685368312093165
postsynaptic,2.0606060606060606,post,103.66797281447899,0.13492860457142936,NaN
postsynaptic,2.0606060606060606,post,111.07929973938329,0.12889123846467038,NaN
postsynaptic,2.0606060606060606,post,118.83777899609478,0.11803927160416575,NaN
postsynaptic,2.0606060606060606,post,127.30953578017095,0.10573782686117977,NaN
postsynaptic,2.0606060606060606,post,136.76688921446151,0.1058336704637506,NaN
postsynaptic,2.0606060606060606,post,146.21567801313134,0.1021441871108226,NaN
postsynaptic,2.121212121212121,pre,30.034180117827702,0.13114307326794009,3.672006051502322
postsynaptic,2.121212121212121,pre,37.6594398824581,0.14059522436630592,3.79607105789026
postsynaptic,2.121212121212121,pre,44.772057003752394,0.1412274580708639,3.6719139098424614
postsynaptic,2.121212121212121,pre,51.85283303455958,0.14715738301786555,3.6789345754466387
postsynaptic,2.121212121212121,pre,58.64827869615167,0.14281690901077043,3.570422725269261
postsynaptic,2.121212121212121,pre,65.65025071001584,0.14053793666305014,3.7945242899023537
postsynaptic,2.121212121212121,pre,72.76576715877069,0.1352396167020511,3.65146965095538
postsynaptic,2.121212121212121,pre,80.16005016833525,0.13609830120420197,3.6746541325134534
postsynaptic,2.121212121212121,pre,87.50768045579636,0.14191455704645686,3.689778483207878
postsynaptic,2.121212121212121,post,101.74579500214583,0.13355175223932184,NaN
postsynaptic,2.121212121212121,post,109.23352903208219,0.12112605693637227,NaN
postsynaptic,2.121212121212121,post,117.48939094398527,0.11348238551224138,NaN
postsynaptic,2.121212121212121,post,126.3013311890388,0.10999790569978633,NaN
postsynaptic,2.121212121212121,post,135.39241336590558,0.10200241771894353,NaN
postsynaptic,2.121212121212121,post,145.1961025564441,0.10149408299354987,NaN
postsynaptic,2.1818181818181817,pre,30.41578753260006,0.13606922963604687,3.6738692001732653
postsynaptic,2.1818181818181817,pre,37.764987661642934,0.14799847076597283,3.699961769149321
postsynaptic,2.1818181818181817,pre,44.521814234407195,0.14790764000979434,3.6976910002448586
postsynaptic,2.1818181818181817,pre,51.28279020518045,0.14484587012950856,3.621146753237714
postsynaptic,2.1818181818181817,pre,58.186680520492075,0.14940947680616934,3.7352369201542333
postsynaptic,2.1818181818181817,pre,64.87969639456084,0.14005343608955442,3.641389338328415
postsynaptic,2.1818181818181817,pre,72.01982824652461,0.13529147571172787,3.652869844216652
postsynaptic,2.1818181818181817,pre,79.41127692974209,0.1405084838321115,3.653220579634899
postsynaptic,2.1818181818181817,pre,86.52828490482538,0.13907938668572892,3.755143440514681
postsynaptic,2.1818181818181817,post,100.86859638343506,0.13443056677234458,NaN
postsynaptic,2.1818181818181817,post,108.30738076119849,0.12479512708447045,NaN
postsynaptic,2.1818181818181817,post,116.32051415320286,0.11464987273808067,NaN
postsynaptic,2.1818181818181817,post,125.04272182877975,0.1140560412461862,NaN
postsynaptic,2.1818181818181817,post,133.81034158020995,0.10016444225408676,NaN
postsynaptic,2.1818181818181817,post,143.79392435166196,0.10214900726747053,NaN
postsynaptic,2.242424242424242,pre,29.43609711092349,0.14507804101086796,3.772029066282567
postsynaptic,2.242424242424242,pre,36.328939011959974,0.14416220592649093,3.604055148162273
postsynaptic,2.242424242424242,pre,43.26556982704271,0.14428095381533343,3.751304799198669
postsynaptic,2.242424242424242,pre,50.196491570739454,0.1468242863962633,3.6706071599065826
postsynaptic,2.242424242424242,pre,57.00735389157584,0.14296979412210972,3.574244853052743
postsynaptic,2.242424242424242,pre,64.00183832893822,0.14378709179773658,3.738464386741151
postsynaptic,2.242424242424242,pre,70.95656554052051,0.14388673427489884,3.74105509114737
postsynaptic,2.242424242424242,pre,77.90647655934646,0.14033446905994026,3.6486961955584465
postsynaptic,2.242424242424242,pre,85.03230962586753,0.13546449307418917,3.657541313003107
postsynaptic,2.242424242424242,post,99.32934168144625,0.14285868141325986,NaN
postsynaptic,2.242424242424242,post,106.32926629300844,0.1262448633115411,NaN
postsynaptic,2.242424242424242,post,114.25038065575481,0.1200477767361934,NaN
postsynaptic,2.242424242424242,post,122.58039748061874,0.10844060461295996,NaN
postsynaptic,2.242424242424242,post,131.80203547838852,0.10082788085431449,NaN
postsynaptic,2.242424242424242,post,141.71992715207045,0.10342249520456266,NaN
postsynaptic,2.303030303030303,pre,29.33753348090076,0.13847690344288002,3.60039948951488
postsynaptic,2.303030303030303,pre,36.55895434703449,0.13979419805998958,3.7744433476197186
postsynaptic,2.303030303030303,pre,43.71232704688626,0.14772760391619325,3.693190097904831
postsynaptic,2.303030303030303,pre,50.48154264025164,0.1405591360929034,3.6545375384154886
postsynaptic,2.303030303030303,pre,57.595985911580826,0.14410744058824101,3.6026860147060256
postsynaptic,2.303030303030303,pre,64.53525286350252,0.134838252418488,3.7754710677176644
postsynaptic,2.303030303030303,pre,71.95154595588383,0.14448183895682518,3.612045973920629
postsynaptic,2.303030303030303,pre,78.87283106147295,0.14420010460545293,3.749202719741776
postsynaptic,2.303030303030303,pre,85.80763879088555,0.14265084546524365,3.7089219820963346
postsynaptic,2.303030303030303,post,99.862237183005,0.13253625068130323,NaN
postsynaptic,2.303030303030303,post,107.40734272854063,0.1289779692148292,NaN
postsynaptic,2.303030303030303,post,115.16060482506482,0.11414215993085995,NaN
postsynaptic,2.303030303030303,post,123.92160952837284,0.11018898760585054,NaN
postsynaptic,2.303030303030303,post,132.99692659705335,0.10506405323023751,NaN
postsynaptic,2.303030303030303,post,142.51492984606753,0.10064821406601454,NaN
postsynaptic,2.3636363636363638,pre,29.293813318763377,0.1441533545050769,3.6038338626269226
postsynaptic,2.3636363636363638,pre,36.23087006248821,0.14493061224784637,3.7681959184440053
postsynaptic,2.3636363636363638,pre,43.13072361647649,0.14335581236128067,3.583895309032017
postsynaptic,2.3636363636363638,pre,50.106373808321045,0.1432235932138543,3.723813423560212
postsynaptic,2.3636363636363638,pre,57.08846368304476,0.1430144979063513,3.7183769455651334
postsynaptic,2.3636363636363638,pre,64.08076176917879,0.1426425634364778,3.7087066493484224
postsynaptic,2.3636363636363638,pre,71.09129197775377,0.14204803470255334,3.551200867563834
postsynaptic,2.3636363636363638,pre,78.13116410336245,0.14672375306929938,3.814817579801784
postsynaptic,2.3636363636363638,pre,84.9466931440331,0.1405959029726484,3.655493477288858
postsynaptic,2.3636363636363638,post,99.0646443010197,0.1395794237393701,NaN
postsynaptic,2.3636363636363638,post,106.22902407283514,0.1282839903754237,NaN
postsynaptic,2.3636363636363638,post,114.02422904793372,0.12172765222873454,NaN
postsynaptic,2.3636363636363638,post,122.23928932134581,0.10878264729508866,NaN
postsynaptic,2.3636363636363638,post,131.43193194280505,0.09916369033639627,NaN
postsynaptic,2.3636363636363638,post,141.51626822161504,0.10260071790563093,NaN
postsynaptic,2.4242424242424243,pre,28.525871798470725,0.14241309232456478,3.7027404004386844
postsynaptic,2.4242424242424243,pre,35.54769811849025,0.1420250448921972,3.692651167197127
postsynaptic,2.4242424242424243,pre,42.58870979892338,0.1427266679655946,3.568166699139865
postsynaptic,2.4242424242424243,pre,49.59510891307532,0.14329375164819208,3.7256375428529944
postsynaptic,2.4242424242424243,pre,56.57378026823079,0.14319657935343982,3.7231110631894353
postsynaptic,2.4242424242424243,pre,63.557187305711665,0.14833808571187687,3.7084521427969217
postsynaptic,2.4242424242424243,pre,70.29854435640424,0.1428644952639336,3.5716123815983405
postsynaptic,2.4242424242424243,pre,77.29818410701239,0.14460736475087752,3.7597914835228154
postsynaptic,2.4242424242424243,pre,84.21346122116734,0.14366228880608775,3.7352195089582816
postsynaptic,2.4242424242424243,post,98.19293983687969,0.13500063908849186,NaN
postsynaptic,2.4242424242424243,post,105.60031217786918,0.13167260876199383,NaN
postsynaptic,2.4242424242424243,post,113.19490614393513,0.11436744600517168,NaN
postsynaptic,2.4242424242424243,post,121.93865303109374,0.11537225038674397,NaN
postsynaptic,2.4242424242424243,post,130.60624854602787,0.10457262688544895,NaN
postsynaptic,2.4242424242424243,post,140.16898049399185,0.10197754423362489,NaN
postsynaptic,2.484848484848485,pre,29.318272515799478,0.14180083122898038,3.68682161195349
postsynaptic,2.484848484848485,pre,36.37041735397181,0.14738365493390085,3.6845913733475215
postsynaptic,2.484848484848485,pre,43.15543025413692,0.14652059682952767,3.663014920738192
postsynaptic,2.484848484848485,pre,49.980409278508965,0.14227119290212362,3.6990510154552143
postsynaptic,2.484848484848485,pre,57.00923907603485,0.14031504484368038,3.64819116593569
postsynaptic,2.484848484848485,pre,64.13605859217485,0.14288705188254588,3.7150633489461926
postsynaptic,2.484848484848485,pre,71.13459335669646,0.14204489526855818,3.693167276982513
postsynaptic,2.484848484848485,pre,78.17462107546342,0.1471351354125671,3.6783783853141774
postsynaptic,2.484848484848485,pre,84.97109424413247,0.14708572324981356,3.677143081245339
postsynaptic,2.484848484848485,post,98.77933070205162,0.13254215553058618,NaN
postsynaptic,2.484848484848485,post,106.32410010765582,0.133391484455475,NaN
postsynaptic,2.484848484848485,post,113.82083053300612,0.11675588034680023,NaN
postsynaptic,2.484848484848485,post,122.38570963827857,0.11884516188614962,NaN
postsynaptic,2.484848484848485,post,130.80001935126438,0.10547172185577845,NaN
postsynaptic,2.484848484848485,post,140.28123367492353,0.10142375849572274,NaN
postsynaptic,2.5454545454545454,pre,28.161415683978664,0.15217860046608944,3.804465011652236
postsynaptic,2.5454545454545454,pre,34.73264184151475,0.15205640684198132,3.649353764207552
postsynaptic,2.5454545454545454,pre,41.309148683736865,0.14178728833264123,3.6864694966486717
postsynaptic,2.5454545454545454,pre,48.3619671116762,0.14226809999288606,3.6989705998150373
postsynaptic,2.5454545454545454,pre,55.39094971599863,0.1419447409433812,3.6905632645279107
postsynaptic,2.5454545454545454,pre,62.43594478488166,0.14193136764513117,3.6902155587734105
postsynaptic,2.5454545454545454,pre,69.48160365924892,0.14194327114144936,3.690525049677683
postsynaptic,2.5454545454545454,pre,76.52667167803143,0.14201171573468738,3.5502928933671845
postsynaptic,2.5454545454545454,pre,83.5683442247405,0.1421874260488337,3.696873077269676
postsynaptic,2.5454545454545454,post,97.62001932501533,0.13503430159837973,NaN
postsynaptic,2.5454545454545454,post,105.02554509263999,0.13250691559800168,NaN
postsynaptic,2.5454545454545454,post,112.5723210136326,0.11419773281260696,NaN
postsynaptic,2.5454545454545454,post,121.32906228485339,0.10995652119544554,NaN
postsynaptic,2.5454545454545454,post,130.42356608624704,0.10514477040735037,NaN
postsynaptic,2.5454545454545454,post,139.93426258713637,0.100709301024281,NaN
postsynaptic,2.606060606060606,pre,28.41130742390627,0.14492673977211937,3.7680952340751035
postsynaptic,2.606060606060606,pre,35.31134534356406,0.14325933099038893,3.581483274759723
postsynaptic,2.606060606060606,pre,42.29169345133994,0.14374735805484765,3.737431309426039
postsynaptic,2.606060606060606,pre,49.24834304498634,0.14346154353544616,3.7300001319216003
postsynaptic,2.606060606060606,pre,56.218852181833334,0.14244564946203467,3.7035868860129013
postsynaptic,2.606060606060606,pre,63.23907360506834,0.14273747201284753,3.5684368003211886
postsynaptic,2.606060606060606,pre,70.2449423926982,0.1438947764266017,3.741264187091644
postsynaptic,2.606060606060606,pre,77.19446498714821,0.1432175887692317,3.723657308000025
postsynaptic,2.606060606060606,pre,84.17684758829165,0.1424406698986655,3.7034574173653025
postsynaptic,2.606060606060606,post,98.19657340301436,0.13621976869448194,NaN
postsynaptic,2.606060606060606,post,105.53765179115075,0.1288204806968489,NaN
postsynaptic,2.606060606060606,post,113.30039258043008,0.1192901566169454,NaN
postsynaptic,2.606060606060606,post,121.68331392415098,0.11363749693606741,NaN
postsynaptic,2.606060606060606,post,130.48322616229717,0.10595316342149325,NaN
postsynaptic,2.606060606060606,post,139.92135870791915,0.1007747501406985,NaN
postsynaptic,2.6666666666666665,pre,27.680653142888442,0.14667528158733686,3.6668820396834216
postsynaptic,2.6666666666666665,pre,34.498434497578096,0.14236932719564194,3.7016025070866903
postsynaptic,2.6666666666666665,pre,41.522419366354036,0.1425310684708662,3.5632767117716546
postsynaptic,2.6666666666666665,pre,48.53843356401932,0.1576048306514863,3.7825159356356712
postsynaptic,2.6666666666666665,pre,54.88341674674494,0.1494130285941429,3.5859126862594297
postsynaptic,2.6666666666666665,pre,61.576273517062766,0.15186849645676911,3.796712411419228
postsynaptic,2.6666666666666665,pre,68.16091762252844,0.14310590916469615,3.5776477291174036
postsynaptic,2.6666666666666665,pre,75.14874926300341,0.14637537086265073,3.8057596424289186
postsynaptic,2.6666666666666665,pre,81.98049967365368,0.15196950361520878,3.6472680867650107
postsynaptic,2.6666666666666665,post,95.23778960765245,0.13710255808458097,NaN
postsynaptic,2.6666666666666665,post,102.53159954067414,0.1296283168106476,NaN
postsynaptic,2.6666666666666665,post,110.24596338187662,0.11848185388003511,NaN
postsynaptic,2.6666666666666665,post,118.68607439678796,0.10915901972830166,NaN
postsynaptic,2.6666666666666665,post,127.84702144897855,0.10045649197711126,NaN
postsynaptic,2.6666666666666665,post,137.80157968925482,0.10100922713416084,NaN
postsynaptic,2.727272727272727,pre,27.89436710374792,0.15188246671415442,3.797061667853861
postsynaptic,2.727272727272727,pre,34.47840554896239,0.14613162531651439,3.6532906329128596
postsynaptic,2.727272727272727,pre,41.32155122556762,0.15383535912911495,3.6920486190987587
postsynaptic,2.727272727272727,pre,47.822007334365686,0.1536230193604659,3.6869524646511818
postsynaptic,2.727272727272727,pre,54.33144845954998,0.14493481556185844,3.623370389046461
postsynaptic,2.727272727272727,pre,61.231101908056274,0.13995459643461083,3.7787741037344924
postsynaptic,2.727272727272727,pre,68.37627631086495,0.15184281463434832,3.6442275512243594
postsynaptic,2.727272727272727,pre,74.96203410525314,0.14431019305607803,3.6077548264019508
postsynaptic,2.727272727272727,pre,81.89155154835854,0.15711748007732215,3.770819521855732
postsynaptic,2.727272727272727,post,94.75826666277239,0.13945575652008094,NaN
postsynaptic,2.727272727272727,post,101.9289996963421,0.13143709703308873,NaN
postsynaptic,2.727272727272727,post,109.53720181410688,0.11414516286838008,NaN
postsynaptic,2.727272727272727,post,118.29797603239848,0.11372363099027863,NaN
postsynaptic,2.727272727272727,post,127.0912232343409,0.11076880698629883,NaN
postsynaptic,2.727272727272727,post,136.11903555088676,0.10085488436733285,NaN
postsynaptic,2.787878787878788,pre,27.686666030257374,0.1529423285115945,3.670615884278268
postsynaptic,2.787878787878788,pre,34.22507831763268,0.15260226794243323,3.6624544306183977
postsynaptic,2.787878787878788,pre,40.77806087472832,0.1532193435216421,3.67726424451941
postsynaptic,2.787878787878788,pre,47.30465195008266,0.14410984959170944,3.602746239792736
postsynaptic,2.787878787878788,pre,54.24380290217365,0.15130500036930844,3.782625009232711
postsynaptic,2.787878787878788,pre,60.85296980055228,0.15213482804446604,3.6512358730671846
postsynaptic,2.787878787878788,pre,67.42608663943759,0.15547448990387194,3.7313877576929264
postsynaptic,2.787878787878788,pre,73.85800997694645,0.14444476430675895,3.6111191076689737
postsynaptic,2.787878787878788,pre,80.78107156937834,0.1506786860457257,3.766967151143143
postsynaptic,2.787878787878788,post,93.88830091619259,0.1358312287235498,NaN
postsynaptic,2.787878787878788,post,101.25037817484161,0.13282749533692179,NaN
postsynaptic,2.787878787878788,post,108.77893991925653,0.12012269473321796,NaN
postsynaptic,2.787878787878788,post,117.10376148791109,0.11386977853757074,NaN
postsynaptic,2.787878787878788,post,125.8857228901637,0.10591795059910185,NaN
postsynaptic,2.787878787878788,post,135.32699317856824,0.10064271623886617,NaN
postsynaptic,2.8484848484848486,pre,27.297444602903514,0.1555636256971731,3.7335270167321544
postsynaptic,2.8484848484848486,pre,33.72568253782182,0.15261785985681145,3.6628286365634746
postsynaptic,2.8484848484848486,pre,40.27799562187513,0.15365989028685664,3.687837366884559
postsynaptic,2.8484848484848486,pre,46.78587479667586,0.15509330086667336,3.722239220800161
postsynaptic,2.8484848484848486,pre,53.23360654531957,0.15257897567662876,3.66189541623909
postsynaptic,2.8484848484848486,pre,59.787589461808466,0.15304175138439152,3.6730020332253965
postsynaptic,2.8484848484848486,pre,66.32175409958971,0.15369196299332671,3.6886071118398416
postsynaptic,2.8484848484848486,pre,72.8282751988317,0.15684239478214115,3.6073750799892466
postsynaptic,2.8484848484848486,pre,79.20410235569851,0.15128824369771232,3.782206092442808
postsynaptic,2.8484848484848486,post,92.33533717426869,0.14637993484784315,NaN
postsynaptic,2.8484848484848486,post,99.16687457753004,0.12752117211148659,NaN
postsynaptic,2.8484848484848486,post,107.00870965042084,0.11814396060539392,NaN
postsynaptic,2.8484848484848486,post,115.47295949337341,0.10776404047351731,NaN
postsynaptic,2.8484848484848486,post,124.7524927737328,0.10423044065484438,NaN
postsynaptic,2.8484848484848486,post,134.34661895910955,0.10096885451923622,NaN
postsynaptic,2.909090909090909,pre,27.451042474326076,0.15270156377039912,3.664837530489579
postsynaptic,2.909090909090909,pre,33.99976388430189,0.15515053426430156,3.7236128223432376
postsynaptic,2.909090909090909,pre,40.44511713262834,0.15849519439367926,3.645389471054623
postsynaptic,2.909090909090909,pre,46.754456692262835,0.15862131702512888,3.6482902915779643
postsynaptic,2.909090909090909,pre,53.05877958375402,0.15499763899389934,3.7199433358535847
postsynaptic,2.909090909090909,pre,59.51049076136337,0.15534014170720223,3.7281634009728535
postsynaptic,2.909090909090909,pre,65.94797684197273,0.15488516389741966,3.5623587696406522
postsynaptic,2.909090909090909,pre,72.40437314770476,0.15631030656851577,3.7514473576443788
postsynaptic,2.909090909090909,pre,78.80190394367737,0.15648427080897498,3.599138228606425
postsynaptic,2.909090909090909,post,91.57278400378132,0.1358262999853076,NaN
postsynaptic,2.909090909090909,post,98.93512841063162,0.1311292533677,NaN
postsynaptic,2.909090909090909,post,106.56119181233419,0.11912521784852519,NaN
postsynaptic,2.909090909090909,post,114.95572000762832,0.11381694253917546,NaN
postsynaptic,2.909090909090909,post,123.74175816408119,0.10591169294848125,NaN
postsynaptic,2.909090909090909,post,133.18358627730407,0.100675338986948,NaN
postsynaptic,2.9696969696969697,pre,26.932823375431212,0.15503130778252927,3.7207513867807025
postsynaptic,2.9696969696969697,pre,33.38313340831021,0.1533245465048502,3.6797891161164045
postsynaptic,2.9696969696969697,pre,39.90524629105313,0.15403101914771608,3.696744459545186
postsynaptic,2.9696969696969697,pre,46.39744510615672,0.15167749155609062,3.6402597973461743
postsynaptic,2.9696969696969697,pre,52.99038114261667,0.15601168946481325,3.588268857690705
postsynaptic,2.9696969696969697,pre,59.40015725253784,0.1545261938531602,3.7086286524758445
postsynaptic,2.9696969696969697,pre,65.87155200487516,0.15012879675825772,3.7532199189564426
postsynaptic,2.9696969696969697,pre,72.53249928210028,0.15461346949557597,3.7107232678938233
postsynaptic,2.9696969696969697,pre,79.00024108533698,0.15292748602494818,3.670259664598756
postsynaptic,2.9696969696969697,post,91.96024307390594,0.13616786497159517,NaN
postsynaptic,2.9696969696969697,post,99.30411969419812,0.13192870296742384,NaN
postsynaptic,2.9696969696969697,post,106.88397136792315,0.11939179171561731,NaN
postsynaptic,2.9696969696969697,post,115.25975655072641,0.11385329082535879,NaN
postsynaptic,2.9696969696969697,post,124.0429897164143,0.10600057411835585,NaN
postsynaptic,2.9696969696969697,post,133.4769008845127,0.10060486603663943,NaN
postsynaptic,3.0303030303030303,pre,26.876645207927112,0.1531136106674965,3.6747266560199163
postsynaptic,3.0303030303030303,pre,33.40774323141774,0.15433165729146303,3.7039597749951128
postsynaptic,3.0303030303030303,pre,39.88729524006008,0.15411104447559842,3.6986650674143617
postsynaptic,3.0303030303030303,pre,46.37612284746973,0.15181628853275644,3.6435909247861544
postsynaptic,3.0303030303030303,pre,52.963031338413614,0.1548966926700529,3.7175206240812697
postsynaptic,3.0303030303030303,pre,59.41894710241324,0.15834496283706193,3.6419341452524243
postsynaptic,3.0303030303030303,pre,65.73427271860608,0.1514734435677051,3.635362645624922
postsynaptic,3.0303030303030303,pre,72.33609001704905,0.15542465288820934,3.7301916693170245
postsynaptic,3.0303030303030303,pre,78.77007575494392,0.14874994075276074,3.7187485188190186
postsynaptic,3.0303030303030303,post,91.97818470515443,0.14325264603782628,NaN
postsynaptic,3.0303030303030303,post,98.95885855418021,0.12951055481117155,NaN
postsynaptic,3.0303030303030303,post,106.68023695038904,0.11811476202431863,NaN
postsynaptic,3.0303030303030303,post,115.14657919975251,0.10893688560805428,NaN
postsynaptic,3.0303030303030303,post,124.32620641617501,0.10010996230315945,NaN
postsynaptic,3.0303030303030303,post,134.31522226428547,0.0939831657229479,NaN
postsynaptic,3.090909090909091,pre,27.47973892141365,0.1598482660129973,3.6765101182989377
postsynaptic,3.090909090909091,pre,33.735671656515635,0.1549167373824933,3.7180016971798393
postsynaptic,3.090909090909091,pre,40.190752088083045,0.15369678513719637,3.6887228432927133
postsynaptic,3.090909090909091,pre,46.697069049152574,0.1535214259789472,3.684514223494732
postsynaptic,3.090909090909091,pre,53.21081782150395,0.15182513371733095,3.643803209215943
postsynaptic,3.090909090909091,pre,59.79734256556778,0.15607758067804434,3.7458619362730645
postsynaptic,3.090909090909091,pre,66.20441266273178,0.16308724273155775,3.5879193400942704
postsynaptic,3.090909090909091,pre,72.33610011572284,0.15556963138455165,3.73367115322924
postsynaptic,3.090909090909091,pre,78.76408989174864,0.1574028730010975,3.620266079025243
postsynaptic,3.090909090909091,post,91.34738458921605,0.14139366977149037,NaN
postsynaptic,3.090909090909091,post,98.4198369954385,0.1315459035850782,NaN
postsynaptic,3.090909090909091,post,106.021746083799,0.11434293033518077,NaN
postsynaptic,3.090909090909091,post,114.76736767202169,0.11101762832721897,NaN
postsynaptic,3.090909090909091,post,123.77494615363499,0.10485736133487025,NaN
postsynaptic,3.090909090909091,post,133.311711024214,0.10080809599403726,NaN
postsynaptic,3.1515151515151514,pre,27.61857887200449,0.15534755735608852,3.7283413765461244
postsynaptic,3.1515151515151514,pre,34.0557576536946,0.15643417948274627,3.75442030758591
postsynaptic,3.1515151515151514,pre,40.448222544081894,0.1608232739672489,3.698935301246725
postsynaptic,3.1515151515151514,pre,46.66622803129543,0.16185338992590007,3.5607745783698017
postsynaptic,3.1515151515151514,pre,52.844659020339414,0.15088790860707715,3.7721977151769286
postsynaptic,3.1515151515151514,pre,59.472095302222485,0.1540949970514556,3.6982799292349346
postsynaptic,3.1515151515151514,pre,65.96159865492432,0.1589734628401818,3.656389645324181
postsynaptic,3.1515151515151514,pre,72.25195669414822,0.16068919853573768,3.6958515663219664
postsynaptic,3.1515151515151514,pre,78.47515034445196,0.16168905240781353,3.7188482053797114
postsynaptic,3.1515151515151514,post,90.9680730176005,0.14426564068282585,NaN
postsynaptic,3.1515151515151514,post,97.89973044667984,0.1289036323689172,NaN
postsynaptic,3.1515151515151514,post,105.65746373644501,0.12747412859304016,NaN
postsynaptic,3.1515151515151514,post,113.50219278881994,0.11419319720840813,NaN
postsynaptic,3.1515151515151514,post,122.2592818663326,0.11025237810183135,NaN
postsynaptic,3.1515151515151514,post,131.32938100810694,0.10079447645411699,NaN
postsynaptic,3.212121212121212,pre,26.571591057863646,0.15630653002650632,3.595050190609645
postsynaptic,3.212121212121212,pre,32.96927642539385,0.14924841675351055,3.731210418837764
postsynaptic,3.212121212121212,pre,39.669515005824074,0.15483083188212188,3.715939965170925
postsynaptic,3.212121212121212,pre,46.12817693926466,0.16452216144253026,3.619487551735666
postsynaptic,3.212121212121212,pre,52.20638543854525,0.15533779091973393,3.728106982073614
postsynaptic,3.212121212121212,pre,58.64396894014609,0.1514962048295786,3.6359089159098863
postsynaptic,3.212121212121212,pre,65.24479436098697,0.15853827694565342,3.646380369750029
postsynaptic,3.212121212121212,pre,71.55241936654193,0.16371905449563767,3.7655382533996664
postsynaptic,3.212121212121212,pre,77.66044389111946,0.15327005103904706,3.678481224937129
postsynaptic,3.212121212121212,post,90.86671050867807,0.14220030388145727,NaN
postsynaptic,3.212121212121212,post,97.89904428507866,0.12756715174934855,NaN
postsynaptic,3.212121212121212,post,105.73805288789562,0.11944625581675727,NaN
postsynaptic,3.212121212121212,post,114.11001895047444,0.1154689238514998,NaN
postsynaptic,3.212121212121212,post,122.77035773813009,0.11080038212122444,NaN
postsynaptic,3.212121212121212,post,131.7955973704801,0.0967775138154699,NaN
postsynaptic,3.272727272727273,pre,26.873312424431933,0.15288765174585234,3.6693036419004557
postsynaptic,3.272727272727273,pre,33.41406302515616,0.1534894607337987,3.683747057611169
postsynaptic,3.272727272727273,pre,39.9291683308835,0.1669781677916939,3.673519691417266
postsynaptic,3.272727272727273,pre,45.91797521040026,0.15702231408266284,3.611513223901245
postsynaptic,3.272727272727273,pre,52.286496817294676,0.1568635349137173,3.7647248379292155
postsynaptic,3.272727272727273,pre,58.6614647188535,0.15350487387500958,3.68411697300023
postsynaptic,3.272727272727273,pre,65.1759158548757,0.15353380110161793,3.6848112264388306
postsynaptic,3.272727272727273,pre,71.68913960642041,0.15971235613318677,3.6733841910632954
postsynaptic,3.272727272727273,pre,77.95039593129789,0.14566306837313397,3.641576709328349
postsynaptic,3.272727272727273,post,91.30803487212317,0.14342261317126428,NaN
postsynaptic,3.272727272727273,post,98.280436070851,0.130305308234469,NaN
postsynaptic,3.272727272727273,post,105.95472051520086,0.1172360836600644,NaN
postsynaptic,3.272727272727273,post,114.48451756044831,0.11197019199260301,NaN
postsynaptic,3.272727272727273,post,123.41546589771706,0.10429213590847818,NaN
postsynaptic,3.272727272727273,post,133.00391656361916,0.10143188032910455,NaN
postsynaptic,3.3333333333333335,pre,26.410608590415897,0.15339731789336536,3.6815356294407686
postsynaptic,3.3333333333333335,pre,32.92962739552404,0.15396029638603648,3.695047113264875
postsynaptic,3.3333333333333335,pre,39.424808448518526,0.15403379525792676,3.696811086190243
postsynaptic,3.3333333333333335,pre,45.916890256445924,0.15398189165810017,3.695565399794404
postsynaptic,3.3333333333333335,pre,52.41116038932876,0.1596420186033167,3.671766427876284
postsynaptic,3.3333333333333335,pre,58.675175394581416,0.16121445552430905,3.7079324770591082
postsynaptic,3.3333333333333335,pre,64.87809309664327,0.15753213283395337,3.6232390551809277
postsynaptic,3.3333333333333335,pre,71.22600435773214,0.15373143525756772,3.6895544461816256
postsynaptic,3.3333333333333335,pre,77.73085483495926,0.15965310065581684,3.6720213150837875
postsynaptic,3.3333333333333335,post,90.15157598789716,0.1422466909757814,NaN
postsynaptic,3.3333333333333335,post,97.1816164980856,0.12864125076091434,NaN
postsynaptic,3.3333333333333335,post,104.95517275694495,0.11534564289325393,NaN
postsynaptic,3.3333333333333335,post,113.62476767979301,0.10914273388380802,NaN
postsynaptic,3.3333333333333335,post,122.7870816920532,0.10482098827725332,NaN
postsynaptic,3.3333333333333335,post,132.32715583593537,0.10065317918723123,NaN
postsynaptic,3.393939393939394,pre,26.630559955025976,0.15360079381238176,3.686419051497162
postsynaptic,3.393939393939394,pre,33.14094297571184,0.16040822881258895,3.6893892626895464
postsynaptic,3.393939393939394,pre,39.37503712039776,0.16027632131888364,3.686355390334324
postsynaptic,3.393939393939394,pre,45.61426192772543,0.15400541318941066,3.696129916545856
postsynaptic,3.393939393939394,pre,52.107540178731476,0.16535019513728555,3.637704293020282
postsynaptic,3.393939393939394,pre,58.1553104832644,0.1680439537194117,3.6969669818270576
postsynaptic,3.393939393939394,pre,64.10613452582253,0.15244241909968326,3.658618058392398
postsynaptic,3.393939393939394,pre,70.66598844250757,0.15389313626556791,3.69343527037363
postsynaptic,3.393939393939394,pre,77.16400404129513,0.16631567260255978,3.658944797256315
postsynaptic,3.393939393939394,post,89.36481624311368,0.14234536990404653,NaN
postsynaptic,3.393939393939394,post,96.38998327646425,0.13424472840281576,NaN
postsynaptic,3.393939393939394,post,103.83906535139975,0.12147474524174035,NaN
postsynaptic,3.393939393939394,post,112.07122914816223,0.11447039768180164,NaN
postsynaptic,3.393939393939394,post,120.80711213845063,0.1084384380947362,NaN
postsynaptic,3.393939393939394,post,130.0289343775939,0.10044721959701554,NaN
postsynaptic,3.4545454545454546,pre,26.356362060679754,0.16328227461956218,3.5922100416303677
postsynaptic,3.4545454545454546,pre,32.48072554305982,0.16285057862775273,3.745563308438313
postsynaptic,3.4545454545454546,pre,38.62132392733588,0.1619286602761186,3.724359186350728
postsynaptic,3.4545454545454546,pre,44.79688295619966,0.16071098368632902,3.696352624785568
postsynaptic,3.4545454545454546,pre,51.019233022525995,0.16421850733606225,3.6128071613933694
postsynaptic,3.4545454545454546,pre,57.108680650700855,0.15114852538643758,3.627564609274502
postsynaptic,3.4545454545454546,pre,63.724689622295685,0.15991999218177794,3.6781598201808925
postsynaptic,3.4545454545454546,pre,69.97781649128227,0.15079286393002117,3.7698215982505294
postsynaptic,3.4545454545454546,pre,76.60943004339354,0.160654061801289,3.695043421429647
postsynaptic,3.4545454545454546,post,89.07621567422663,0.14202304367942006,NaN
postsynaptic,3.4545454545454546,post,96.11732656787315,0.1295720104654665,NaN
postsynaptic,3.4545454545454546,post,103.83504273518167,0.12386390851640429,NaN
postsynaptic,3.4545454545454546,post,111.90841949179809,0.11535066564682289,NaN
postsynaptic,3.4545454545454546,post,120.57763691150305,0.1005030465699061,NaN
postsynaptic,3.4545454545454546,post,130.52758404374683,0.09864221852089634,NaN
postsynaptic,3.515151515151515,pre,26.5556430513823,0.15978491933588432,3.6750531447253394
postsynaptic,3.515151515151515,pre,32.81405594889672,0.1648811001302178,3.6273842028647922
postsynaptic,3.515151515151515,pre,38.8790324635502,0.1671489532943963,3.6772769724767187
postsynaptic,3.515151515151515,pre,44.86172024167059,0.15164826715423466,3.6395584117016315
postsynaptic,3.515151515151515,pre,51.4559268143243,0.16011508658840007,3.6826469915332014
postsynaptic,3.515151515151515,pre,57.701434475764415,0.16270746823156004,3.742271769325881
postsynaptic,3.515151515151515,pre,63.8474338626938,0.16768166760880013,3.688996687393603
postsynaptic,3.515151515151515,pre,69.81111501079039,0.15883330017854158,3.6531659041064564
postsynaptic,3.515151515151515,pre,76.10702398501631,0.1599060281817617,3.677838648180519
postsynaptic,3.515151515151515,post,88.35819270499634,0.14487747249642605,NaN
postsynaptic,3.515151515151515,post,95.26057706309362,0.13635145267181262,NaN
postsynaptic,3.515151515151515,post,102.59456566684486,0.12109785332226058,NaN
postsynaptic,3.515151515151515,post,110.85235036381088,0.11636830476522243,NaN
postsynaptic,3.515151515151515,post,119.44575560433182,0.10553705449138924,NaN
postsynaptic,3.515151515151515,post,128.92110058926875,0.10085481558664443,NaN
postsynaptic,3.5757575757575757,pre,25.659353788422877,0.1579721259455005,3.7913310226920123
postsynaptic,3.5757575757575757,pre,31.989584479532233,0.1648912395435926,3.6276072699590376
postsynaptic,3.5757575757575757,pre,38.054188049545594,0.160718596730134,3.696527724793082
postsynaptic,3.5757575757575757,pre,44.276243370742314,0.16135426973170522,3.71114820382922
postsynaptic,3.5757575757575757,pre,50.47378621644927,0.15875662486570533,3.6514023719112223
postsynaptic,3.5757575757575757,pre,56.77273595064723,0.16114095531621095,3.706241972272852
postsynaptic,3.5757575757575757,pre,62.97848295045665,0.15899568984275744,3.6569008663834213
postsynaptic,3.5757575757575757,pre,69.26796162116133,0.16162781130570036,3.7174396600311086
postsynaptic,3.5757575757575757,pre,75.45501564312427,0.16090014152290708,3.700703255026863
postsynaptic,3.5757575757575757,post,87.95412048935003,0.14599486266248676,NaN
postsynaptic,3.5757575757575757,post,94.80367657483926,0.13551292274325463,NaN
postsynaptic,3.5757575757575757,post,102.18304659916247,0.1210602655173267,NaN
postsynaptic,3.5757575757575757,post,110.44339524226763,0.11392892744222202,NaN
postsynaptic,3.5757575757575757,post,119.22079728098286,0.11218740096015833,NaN
postsynaptic,3.5757575757575757,post,128.13445417508575,0.10564847850590188,NaN
postsynaptic,3.6363636363636362,pre,25.534733673446496,0.1601476244965461,3.6833953634205603
postsynaptic,3.6363636363636362,pre,31.778972407200346,0.15910123791995306,3.6593284721589203
postsynaptic,3.6363636363636362,pre,38.06427862526459,0.1587534749014159,3.6513299227325655
postsynaptic,3.6363636363636362,pre,44.36335334234394,0.16202735522259307,3.7266291701196406
postsynaptic,3.6363636363636362,pre,50.53515068252888,0.16175339224392946,3.7203280216103773
postsynaptic,3.6363636363636362,pre,56.71740124387703,0.1591604880693676,3.660691225595455
postsynaptic,3.6363636363636362,pre,63.000367651746835,0.16381875135879728,3.6040125298935406
postsynaptic,3.6363636363636362,pre,69.10467495298973,0.16194989379455776,3.7248475572748285
postsynaptic,3.6363636363636362,pre,75.27942429409491,0.15993345223070635,3.678469401306246
postsynaptic,3.6363636363636362,post,87.78740462940009,0.1450582968668773,NaN
postsynaptic,3.6363636363636362,post,94.68118472746451,0.12755573046068108,NaN
postsynaptic,3.6363636363636362,post,102.52089523195062,0.12348290317310459,NaN
postsynaptic,3.6363636363636362,post,110.61918231707162,0.11465923070037924,NaN
postsynaptic,3.6363636363636362,post,119.34067812592752,0.10138851906386544,NaN
postsynaptic,3.6363636363636362,post,129.20372780091185,0.10061677858147443,NaN
postsynaptic,3.696969696969697,pre,25.536297867787024,0.15991489125837377,3.6780424989425966
postsynaptic,3.696969696969697,pre,31.789624197380085,0.1585440208893504,3.6465124804550597
postsynaptic,3.696969696969697,pre,38.09702068190542,0.15830061943480417,3.640914247000496
postsynaptic,3.696969696969697,pre,44.41411535639498,0.15837552134940203,3.801012512385648
postsynaptic,3.696969696969697,pre,50.72822243228481,0.15916944908038133,3.6608973288487707
postsynaptic,3.696969696969697,pre,57.01083511818407,0.1595003930315335,3.6685090397252704
postsynaptic,3.696969696969697,pre,63.280412145510255,0.15941418597861937,3.6665262775082454
postsynaptic,3.696969696969697,pre,69.55337959731608,0.1591474480847109,3.660391305948351
postsynaptic,3.696969696969697,pre,75.83686080945415,0.15931129973466596,3.664159893897317
postsynaptic,3.696969696969697,post,88.38448742184836,0.14314091654987526,NaN
postsynaptic,3.696969696969697,post,95.37061007708206,0.1338458780967076,NaN
postsynaptic,3.696969696969697,post,102.8418898372064,0.12439435107044242,NaN
postsynaptic,3.696969696969697,post,110.88084009013,0.10683574080804357,NaN
postsynaptic,3.696969696969697,post,120.24100357508905,0.11244324668880218,NaN
postsynaptic,3.696969696969697,post,129.13437893953045,0.10141616672424958,NaN
postsynaptic,3.757575757575758,pre,25.496980418056918,0.15862907727148967,3.648468777244262
postsynaptic,3.757575757575758,pre,31.80099489762503,0.16056208334485028,3.6929279169315565
postsynaptic,3.757575757575758,pre,38.02911538016904,0.1663783025258826,3.6603226555694173
postsynaptic,3.757575757575758,pre,44.03951448160497,0.15778541148950814,3.629064464258687
postsynaptic,3.757575757575758,pre,50.37723601466631,0.15745331335482107,3.778879520515706
postsynaptic,3.757575757575758,pre,56.728324973629654,0.1596344715801865,3.6715928463442897
postsynaptic,3.757575757575758,pre,62.99263612210041,0.16044977858747134,3.6903449075118404
postsynaptic,3.757575757575758,pre,69.22511589741426,0.16175651857634152,3.5586434086795133
postsynaptic,3.757575757575758,pre,75.40724697195297,0.15924624982634183,3.821909995832204
postsynaptic,3.757575757575758,post,87.91694155442791,0.1469336826023947,NaN
postsynaptic,3.757575757575758,post,94.72273299917117,0.1351853796396764,NaN
postsynaptic,3.757575757575758,post,102.11998263271441,0.12499704765458537,NaN
postsynaptic,3.757575757575758,post,110.12017158728382,0.11423209005021304,NaN
postsynaptic,3.757575757575758,post,118.87427912011833,0.10965388824848682,NaN
postsynaptic,3.757575757575758,post,127.99388277460889,0.10538384848966648,NaN
postsynaptic,3.8181818181818183,pre,25.868083727797305,0.16636889271150207,3.6601156396530454
postsynaptic,3.8181818181818183,pre,31.878822777038234,0.16408066495404905,3.7738552939431282
postsynaptic,3.8181818181818183,pre,37.97338608393397,0.1629356470194624,3.5845842344281724
postsynaptic,3.8181818181818183,pre,44.110778473461544,0.16255769281027424,3.738826934636308
postsynaptic,3.8181818181818183,pre,50.26244058622989,0.16002373646554793,3.6805459387076023
postsynaptic,3.8181818181818183,pre,56.511513518077685,0.15792780673104898,3.632339554814126
postsynaptic,3.8181818181818183,pre,62.84352065918235,0.16376754648544364,3.766653569165204
postsynaptic,3.8181818181818183,pre,68.94973658205987,0.1665582279885535,3.6642810157481764
postsynaptic,3.8181818181818183,pre,74.95364291605812,0.16662425559587218,3.665733623109188
postsynaptic,3.8181818181818183,post,86.8180347215397,0.14324397212804507,NaN
postsynaptic,3.8181818181818183,post,93.799131274113,0.13678515532923516,NaN
postsynaptic,3.8181818181818183,post,101.10986610928607,0.12345095883909181,NaN
postsynaptic,3.8181818181818183,post,109.21024871792517,0.11399242956083275,NaN
postsynaptic,3.8181818181818183,post,117.98276110188435,0.10375964007611418,NaN
postsynaptic,3.8181818181818183,post,127.62041982223494,0.10708335034083441,NaN
postsynaptic,3.878787878787879,pre,25.277591633108393,0.16690445817723645,3.671898079899202
postsynaptic,3.878787878787879,pre,31.269043335004195,0.17111275428751552,3.5933678400378257
postsynaptic,3.878787878787879,pre,37.1131430583932,0.1585431194011491,3.8050348656275785
postsynaptic,3.878787878787879,pre,43.42057540725332,0.1665453147021072,3.6639969234463585
postsynaptic,3.878787878787879,pre,49.42494726117583,0.1649232054903059,3.62831052078673
postsynaptic,3.878787878787879,pre,55.48837537019824,0.1569138353162031,3.765932047588874
postsynaptic,3.878787878787879,pre,61.861299707844196,0.16538202037592933,3.638404448270445
postsynaptic,3.878787878787879,pre,67.90790621154335,0.16350775984722124,3.597170716638867
postsynaptic,3.878787878787879,pre,74.02382389602745,0.16371753012487295,3.7655031928720777
postsynaptic,3.878787878787879,post,86.18627259470057,0.14677922564538584,NaN
postsynaptic,3.878787878787879,post,92.99922582839571,0.13485514716478825,NaN
postsynaptic,3.878787878787879,post,100.41458980243843,0.12113090769643693,NaN
postsynaptic,3.878787878787879,post,108.67012110338496,0.11457438930923593,NaN
postsynaptic,3.878787878787879,post,117.3980751080186,0.10924262864238346,NaN
postsynaptic,3.878787878787879,post,126.55201082365942,0.10065079367760989,NaN
postsynaptic,3.9393939393939394,pre,25.528508588629478,0.16558124929397897,3.6427874844675374
postsynaptic,3.9393939393939394,pre,31.567839758456344,0.16809337146327255,3.698054172191996
postsynaptic,3.9393939393939394,pre,37.51691431918936,0.16641027349832177,3.6610260169630786
postsynaptic,3.9393939393939394,pre,43.5261586944177,0.15480091430809867,3.715221943394368
postsynaptic,3.9393939393939394,pre,49.986068860127126,0.1646229255614671,3.621704362352276
postsynaptic,3.9393939393939394,pre,56.06055694609313,0.15893912862724405,3.6555999584266132
postsynaptic,3.9393939393939394,pre,62.35227383567842,0.16305233729220914,3.75020375772081
postsynaptic,3.9393939393939394,pre,68.48527393004616,0.16582046477246082,3.648050224994138
postsynaptic,3.9393939393939394,pre,74.51589265598088,0.1674517309658062,3.6839380812477365
postsynaptic,3.9393939393939394,post,86.77634552558665,0.14650049883258806,NaN
postsynaptic,3.9393939393939394,post,93.60226084989377,0.1352607012714337,NaN
postsynaptic,3.9393939393939394,post,100.99539123144676,0.12465492355582268,NaN
postsynaptic,3.9393939393939394,post,109.01753726045766,0.11446654343879113,NaN
postsynaptic,3.9393939393939394,post,117.75371439971697,0.113984981936312,NaN
postsynaptic,3.9393939393939394,post,126.52679996776786,0.10018686688895462,NaN
postsynaptic,4.0,pre,25.54925018712033,0.16716593641510197,3.677650601132243
postsynaptic,4.0,pre,31.531330157748,0.1640692116306006,3.6095226558732127
postsynaptic,4.0,pre,37.62631891317327,0.17295223330145068,3.804949132631915
postsynaptic,4.0,pre,43.40826217525899,0.16452687866578306,3.619591330647227
postsynaptic,4.0,pre,49.48629640352258,0.16713365271263092,3.67694035967788
postsynaptic,4.0,pre,55.46953187866293,0.16841187628011006,3.7050612781624213
postsynaptic,4.0,pre,61.407355398524174,0.16425311938004408,3.61356862636097
postsynaptic,4.0,pre,67.49551983506208,0.16350397813629566,3.7605914971348002
postsynaptic,4.0,pre,73.61157897563179,0.15875287362526272,3.6513160933810425
postsynaptic,4.0,post,85.98526323886165,0.1450011615898805,NaN
postsynaptic,4.0,post,92.8817597154098,0.13560538793895818,NaN
postsynaptic,4.0,post,100.2560979714247,0.1246891131465952,NaN
postsynaptic,4.0,post,108.2760443385491,0.11448076263243447,NaN
postsynaptic,4.0,post,117.01113639249286,0.11398116387949063,NaN
postsynaptic,4.0,post,125.78451583488278,0.10019417974225076,NaN
postsynaptic,4.0606060606060606,pre,24.73397641060269,0.1628339909760762,3.5823478014736767
postsynaptic,4.0606060606060606,pre,30.875200328322187,0.16417404695656046,3.7760030800008906
postsynaptic,4.0606060606060606,pre,36.966297054862615,0.16521535767109014,3.634737868763983
postsynaptic,4.0606060606060606,pre,43.019003135557575,0.16462029403382483,3.7862667627779714
postsynaptic,4.0606060606060606,pre,49.09358832488137,0.1646275339762117,3.621805747476657
postsynaptic,4.0606060606060606,pre,55.16790636784311,0.16479237590137177,3.625432269830179
postsynaptic,4.0606060606060606,pre,61.236148266354846,0.16371680587634815,3.7654865351560076
postsynaptic,4.0606060606060606,pre,67.3442566834912,0.1657200725311322,3.6458415956849084
postsynaptic,4.0606060606060606,pre,73.37852872263805,0.16493918127985807,3.6286619881568773
postsynaptic,4.0606060606060606,post,85.38704021747685,0.147399771942956,NaN
postsynaptic,4.0606060606060606,post,92.1713112296939,0.1363074870039586,NaN
postsynaptic,4.0606060606060606,post,99.50766539467794,0.12527297269551319,NaN
postsynaptic,4.0606060606060606,post,107.49023321024808,0.11464490284236417,NaN
postsynaptic,4.0606060606060606,post,116.21281899650839,0.11406570769309814,NaN
postsynaptic,4.0606060606060606,post,124.97969573996025,0.10044789103936991,NaN
postsynaptic,4.121212121212121,pre,24.984933120239006,0.1658878319800499,3.6495323035610974
postsynaptic,4.121212121212121,pre,31.0131028061281,0.1645282579866993,3.6196216757073842
postsynaptic,4.121212121212121,pre,37.09108607925582,0.16292593947340878,3.7472966078884022
postsynaptic,4.121212121212121,pre,43.22884415038979,0.1597735786935544,3.6747923099517514
postsynaptic,4.121212121212121,pre,49.48770126667182,0.16474175831387325,3.624318682905211
postsynaptic,4.121212121212121,pre,55.55780765763771,0.16328600707263774,3.755578162670668
postsynaptic,4.121212121212121,pre,61.682031147009646,0.16191350938596846,3.724010715877275
postsynaptic,4.121212121212121,pre,67.85816804745942,0.17189484827218235,3.6097918137158294
postsynaptic,4.121212121212121,pre,73.67567805460388,0.1593063961750029,3.664047112025066
postsynaptic,4.121212121212121,post,86.06357790387892,0.14969540875282916,NaN
postsynaptic,4.121212121212121,post,92.74380950437616,0.13545109441657652,NaN
postsynaptic,4.121212121212121,post,100.12654793338083,0.12226219624367686,NaN
postsynaptic,4.121212121212121,post,108.30569104321776,0.1211797443552288,NaN
postsynaptic,4.121212121212121,post,116.55789528181212,0.10840161597268845,NaN
postsynaptic,4.121212121212121,post,125.78285001174851,0.1077286432880616,NaN
postsynaptic,4.181818181818182,pre,24.8117691222238,0.16473601846845778,3.6241924063060713
postsynaptic,4.181818181818182,pre,30.88208701200254,0.16084685237262805,3.699477604570445
postsynaptic,4.181818181818182,pre,37.09918100699932,0.16110066222533048,3.7053152311826008
postsynaptic,4.181818181818182,pre,43.306480134058816,0.16328337610794563,3.755517650482749
postsynaptic,4.181818181818182,pre,49.43080230228068,0.16017316876075957,3.68398288149747
postsynaptic,4.181818181818182,pre,55.674045210795754,0.16026876792858205,3.686181662357387
postsynaptic,4.181818181818182,pre,61.91356406980148,0.16081718347239327,3.6987952198650453
postsynaptic,4.181818181818182,pre,68.1318050463428,0.16086905765748538,3.6999883261221638
postsynaptic,4.181818181818182,pre,74.34804087541785,0.1644865505299741,3.6187041116594307
postsynaptic,4.181818181818182,post,86.4550650526768,0.14820933035515194,NaN
postsynaptic,4.181818181818182,post,93.20227858912362,0.14340383654455346,NaN
postsynaptic,4.181818181818182,post,100.17559272140846,0.12425097741993438,NaN
postsynaptic,4.181818181818182,post,108.2238191479924,0.12033990826267017,NaN
postsynaptic,4.181818181818182,post,116.53361441405879,0.10474217059700167,NaN
postsynaptic,4.181818181818182,post,126.08086739058461,0.09737938980563657,NaN
postsynaptic,4.242424242424242,pre,24.24929988042213,0.1648196381957552,3.626032040306615
postsynaptic,4.242424242424242,pre,30.316538050259066,0.17001961450165695,3.7404315190364525
postsynaptic,4.242424242424242,pre,36.19821236725532,0.16676093787681018,3.668740633289824
postsynaptic,4.242424242424242,pre,42.19482052221018,0.17627641078071535,3.701804626395022
postsynaptic,4.242424242424242,pre,47.86772931114611,0.16211087120721349,3.72855003776591
postsynaptic,4.242424242424242,pre,54.036347075970646,0.17125050324740773,3.596260568195562
postsynaptic,4.242424242424242,pre,59.87574597429264,0.17088298432853224,3.759425655227709
postsynaptic,4.242424242424242,pre,65.72770369804964,0.1701007175924238,3.5721150694409
postsynaptic,4.242424242424242,pre,71.60657366493648,0.17172518518132326,3.7779540739891115
postsynaptic,4.242424242424242,post,83.22145531908744,0.14848495757419036,NaN
postsynaptic,4.242424242424242,post,89.95614424877482,0.13195823955818334,NaN
postsynaptic,4.242424242424242,post,97.53429930258696,0.12616503432180542,NaN
postsynaptic,4.242424242424242,post,105.46042562891387,0.11483408350526371,NaN
postsynaptic,4.242424242424242,post,114.16864159995144,0.11405822358597069,NaN
postsynaptic,4.303030303030303,pre,25.223992053075172,0.1675614338518674,3.686351544741083
postsynaptic,4.303030303030303,pre,31.191952442361703,0.1760322103880689,3.696676418149447
postsynaptic,4.303030303030303,pre,36.87273096463025,0.17139045378387488,3.5991995294613726
postsynaptic,4.303030303030303,pre,42.70736164517568,0.16831113487216587,3.7028449671876493
postsynaptic,4.303030303030303,pre,48.648739206199856,0.16534299800879237,3.6375459561934327
postsynaptic,4.303030303030303,pre,54.69677276094902,0.16423161324222213,3.7773271045711088
postsynaptic,4.303030303030303,pre,60.78573444291897,0.17694678555187854,3.538935711037571
postsynaptic,4.303030303030303,pre,66.43715103622472,0.16053736799133417,3.692359463800686
postsynaptic,4.303030303030303,pre,72.66623036219187,0.17296271654344256,3.805179763955736
postsynaptic,4.303030303030303,post,84.5547041350414,0.14896697984014617,NaN
postsynaptic,4.303030303030303,post,91.26760118828825,0.1366237675498201,NaN
postsynaptic,4.303030303030303,post,98.58697188003373,0.12631957486579812,NaN
postsynaptic,4.303030303030303,post,106.50340130961659,0.12202977790596606,NaN
postsynaptic,4.303030303030303,post,114.69812244375306,0.10852210167433832,NaN
postsynaptic,4.363636363636363,pre,24.24580640468865,0.17592415884511264,3.694407335747366
postsynaptic,4.363636363636363,pre,29.930074026399556,0.1709594892935083,3.5901492751636743
postsynaptic,4.363636363636363,pre,35.77941297875903,0.17178332531954107,3.779233157029904
postsynaptic,4.363636363636363,pre,41.60069975464289,0.16285852873023093,3.7457461607953113
postsynaptic,4.363636363636363,pre,47.74099837944787,0.17146318102309088,3.6007268014849085
postsynaptic,4.363636363636363,pre,53.57315426290445,0.16973910566689815,3.734260324671759
postsynaptic,4.363636363636363,pre,59.46454856518406,0.16882978215591962,3.7142552074302317
postsynaptic,4.363636363636363,pre,65.38767413716678,0.17545228160844498,3.684497913777345
postsynaptic,4.363636363636363,pre,71.0872295423891,0.16643172337289222,3.6614979142036286
postsynaptic,4.363636363636363,post,82.77322115733261,0.14661531810954628,NaN
postsynaptic,4.363636363636363,post,89.59379088288361,0.13395659648777514,NaN
postsynaptic,4.363636363636363,post,97.05889544823631,0.13163180779418845,NaN
postsynaptic,4.363636363636363,post,104.65584345614896,0.12149410833728208,NaN
postsynaptic,4.363636363636363,post,112.88669525370182,0.10884757983859626,NaN
postsynaptic,4.424242424242424,pre,25.317402628843624,0.176587323081335,3.7083337847080355
postsynaptic,4.424242424242424,pre,30.980323287873073,0.1712678468416105,3.5966247836738203
postsynaptic,4.424242424242424,pre,36.81913085415728,0.1746486257833432,3.667621141450207
postsynaptic,4.424242424242424,pre,42.544913095584874,0.17117852822078983,3.765927620857376
postsynaptic,4.424242424242424,pre,48.38676727200458,0.17489160548890206,3.6727237152669434
postsynaptic,4.424242424242424,pre,54.104594592558605,0.1711030063345857,3.5931631330262994
postsynaptic,4.424242424242424,pre,59.94902726164062,0.17544266606637862,3.6842959873939507
postsynaptic,4.424242424242424,pre,65.64889504421097,0.1753464906192527,3.6822763030043064
postsynaptic,4.424242424242424,pre,71.35188913589998,0.17474853230492743,3.8444677107084035
postsynaptic,4.424242424242424,post,82.83669696361531,0.15006473453311636,NaN
postsynaptic,4.424242424242424,post,89.50048778103297,0.14157835740720023,NaN
postsynaptic,4.424242424242424,post,96.5637142396071,0.12330552494471057,NaN
postsynaptic,4.424242424242424,post,104.67365092288543,0.1085113316703528,NaN
postsynaptic,4.424242424242424,post,113.88927831042783,0.10892529406839072,NaN
postsynaptic,4.484848484848484,pre,24.258915012119477,0.1737258268384872,3.6482423636082313
postsynaptic,4.484848484848484,pre,30.01511153279973,0.1753091043550286,3.681491191455601
postsynaptic,4.484848484848484,pre,35.719321839954354,0.1712894057746417,3.768366927042117
postsynaptic,4.484848484848484,pre,41.55739451863279,0.1754637811928747,3.684739405050369
postsynaptic,4.484848484848484,pre,47.25657638512165,0.16168629864948872,3.7187848689382403
postsynaptic,4.484848484848484,pre,53.44139234264349,0.16587008915381315,3.649141961383889
postsynaptic,4.484848484848484,pre,59.470206851042825,0.17436181005247645,3.6615980111020057
postsynaptic,4.484848484848484,pre,65.205407694043,0.16030291096145255,3.686966952113409
postsynaptic,4.484848484848484,pre,71.44359759341711,0.17240240586087036,3.6204505230782775
postsynaptic,4.484848484848484,post,82.95127371766151,0.14892467682331792,NaN
postsynaptic,4.484848484848484,post,89.66607761269621,0.1295614661150389,NaN
postsynaptic,4.484848484848484,post,97.38442188576958,0.12571710626478927,NaN
postsynaptic,4.484848484848484,post,105.33878887456878,0.11955565858228502,NaN
postsynaptic,4.484848484848484,post,113.70309393430581,0.11463579817979795,NaN
postsynaptic,4.545454545454546,pre,24.46351481503406,0.17506903792025438,3.6764497963253424
postsynaptic,4.545454545454546,pre,30.175547118858734,0.1743646786406971,3.661658251454639
postsynaptic,4.545454545454546,pre,35.91065360829081,0.15953217179712958,3.66923995133398
postsynaptic,4.545454545454546,pre,42.17898173756406,0.16742024116870413,3.6832453057114907
postsynaptic,4.545454545454546,pre,48.15197516428079,0.1735827969244484,3.6452387354134164
postsynaptic,4.545454545454546,pre,53.91291471427115,0.17537021670030012,3.6827745507063026
postsynaptic,4.545454545454546,pre,59.615137239940694,0.16784293643883821,3.6925446016544403
postsynaptic,4.545454545454546,pre,65.57308829356992,0.17447574000263943,3.663990540055428
postsynaptic,4.545454545454546,pre,71.30454413943636,0.17571944729772573,3.6901083932522405
postsynaptic,4.545454545454546,post,82.934615086119,0.1487137532833928,NaN
postsynaptic,4.545454545454546,post,89.6589427150127,0.13613054242102235,NaN
postsynaptic,4.545454545454546,post,97.00483278652374,0.13198797868710416,NaN
postsynaptic,4.545454545454546,post,104.58128035354527,0.1142098335300379,NaN
postsynaptic,4.545454545454546,post,113.3370938338004,0.11026057707429913,NaN
postsynaptic,4.606060606060606,pre,24.16383850464688,0.1728245050476244,3.6293146060001122
postsynaptic,4.606060606060606,pre,29.95005498896104,0.17223924077477268,3.6170240562702265
postsynaptic,4.606060606060606,pre,35.75593288009528,0.1725173002993705,3.7953806065861513
postsynaptic,4.606060606060606,pre,41.55245298714943,0.16774394691775843,3.6903668321906853
postsynaptic,4.606060606060606,pre,47.51391996330375,0.16697271114973256,3.6733996452941162
postsynaptic,4.606060606060606,pre,53.502922556088215,0.1747539487136963,3.6698329229876223
postsynaptic,4.606060606060606,pre,59.22525391031887,0.17410075994804783,3.6561159589090044
postsynaptic,4.606060606060606,pre,64.96905422628764,0.17249142219950228,3.622319866189548
postsynaptic,4.606060606060606,pre,70.76644395876609,0.17261991647755465,3.797638162506202
postsynaptic,4.606060606060606,post,82.55952198636177,0.15095798722540618,NaN
postsynaptic,4.606060606060606,post,89.18388164019598,0.1425532687037774,NaN
postsynaptic,4.606060606060606,post,96.19880321367444,0.12976861279510904,NaN
postsynaptic,4.606060606060606,post,103.90482686963271,0.11655306413329533,NaN
postsynaptic,4.606060606060606,post,112.484609884658,0.11041909765670814,NaN
postsynaptic,4.666666666666667,pre,24.182041998957462,0.17292702975749144,3.6314676249073203
postsynaptic,4.666666666666667,pre,29.964827960194263,0.17222926730636062,3.616814613433573
postsynaptic,4.666666666666667,pre,35.77104205864482,0.16669150687917908,3.8339046582211185
postsynaptic,4.666666666666667,pre,41.77014794425432,0.17280748939978474,3.6289572773954792
postsynaptic,4.666666666666667,pre,47.55693417367827,0.1662246842377891,3.6569430532313603
postsynaptic,4.666666666666667,pre,53.572887848581765,0.1756909762375366,3.689510500988269
postsynaptic,4.666666666666667,pre,59.26469980964678,0.17244096913508877,3.6212603518368645
postsynaptic,4.666666666666667,pre,65.06378575201705,0.17105163437581045,3.76313595626783
postsynaptic,4.666666666666667,pre,70.90997368029456,0.16627524318482434,3.6580553500661357
postsynaptic,4.666666666666667,post,82.79464965316903,0.15049422411710725,NaN
postsynaptic,4.666666666666667,post,89.43942293843378,0.136875221991614,NaN
postsynaptic,4.666666666666667,post,96.74534716233215,0.13147893602850697,NaN
postsynaptic,4.666666666666667,post,104.35112821142113,0.11349232860007415,NaN
postsynaptic,4.666666666666667,post,113.1622964404546,0.10809401648269185,NaN
postsynaptic,4.7272727272727275,pre,24.403345534180566,0.17362814981973385,3.6461911462144108
postsynaptic,4.7272727272727275,pre,30.162780286196476,0.17417496791918224,3.6576743263028275
postsynaptic,4.7272727272727275,pre,35.90413343209746,0.16766405706989002,3.6886092555375805
postsynaptic,4.7272727272727275,pre,41.8684409734756,0.17263939181928492,3.625427228204983
postsynaptic,4.7272727272727275,pre,47.660861749880894,0.1710857700399983,3.763886940879963
postsynaptic,4.7272727272727275,pre,53.50588322516904,0.16728443173294588,3.6802574981248095
postsynaptic,4.7272727272727275,pre,59.483725811240696,0.17578157125973207,3.6914129964543734
postsynaptic,4.7272727272727275,pre,65.17260430307313,0.16853470147909377,3.707763432540063
postsynaptic,4.7272727272727275,pre,71.10610043902497,0.1662013667542693,3.6564300685939246
postsynaptic,4.7272727272727275,post,82.89984373888548,0.1508839439671066,NaN
postsynaptic,4.7272727272727275,post,89.52745416387546,0.1379349902370507,NaN
postsynaptic,4.7272727272727275,post,96.77724624550342,0.13188773800308198,NaN
postsynaptic,4.7272727272727275,post,104.35945225753338,0.11115736803682617,NaN
postsynaptic,4.7272727272727275,post,113.35570700574496,0.1100053093963714,NaN
postsynaptic,4.787878787878788,pre,24.13597909153473,0.1739280749894694,3.652489574778858
postsynaptic,4.787878787878788,pre,29.8854821551462,0.17218755518060003,3.615938658792601
postsynaptic,4.787878787878788,pre,35.69310279852628,0.16943615191282993,3.7275953420822585
postsynaptic,4.787878787878788,pre,41.59503098038485,0.17043774756586083,3.749630446448938
postsynaptic,4.787878787878788,pre,47.46227585003192,0.17040714308014365,3.5785500046830165
postsynaptic,4.787878787878788,pre,53.330574454919,0.17138899544195915,3.770557899723101
postsynaptic,4.787878787878788,pre,59.16525478209701,0.1695953627426577,3.5615026175958118
postsynaptic,4.787878787878788,pre,65.06164241810443,0.17410773755126482,3.6562624885765613
postsynaptic,4.787878787878788,pre,70.80521254350197,0.16864814316918583,3.7102591497220883
postsynaptic,4.787878787878788,post,82.63563087264865,0.14443461568534557,NaN
postsynaptic,4.787878787878788,post,89.55917891031937,0.12913998380811512,NaN
postsynaptic,4.787878787878788,post,97.3027140302081,0.12608762683066574,NaN
postsynaptic,4.787878787878788,post,105.23370634988264,0.12057839307198055,NaN
postsynaptic,4.787878787878788,post,113.52706616769875,0.10327346764461218,NaN
postsynaptic,4.848484848484849,pre,24.21652919795105,0.1730969814200591,3.635036609821241
postsynaptic,4.848484848484849,pre,29.99363745134845,0.17496614046152292,3.6742889496919813
postsynaptic,4.848484848484849,pre,35.70902899717678,0.173385760004405,3.641100960092505
postsynaptic,4.848484848484849,pre,41.47651532347367,0.1745385835980996,3.839848839158191
postsynaptic,4.848484848484849,pre,47.20590752653317,0.16741257265021897,3.6830765983048175
postsynaptic,4.848484848484849,pre,53.17917455283552,0.18072850510218091,3.614570102043618
postsynaptic,4.848484848484849,pre,58.71233601751214,0.17581944368912497,3.6922083174716245
postsynaptic,4.848484848484849,pre,64.39998909511003,0.1746546189327289,3.6677469975873067
postsynaptic,4.848484848484849,pre,70.12557486038067,0.17275391111977415,3.6278321335152572
postsynaptic,4.848484848484849,post,81.74051026173936,0.14679276325116317,NaN
postsynaptic,4.848484848484849,post,88.55283518738297,0.1364615477177388,NaN
postsynaptic,4.848484848484849,post,95.88090684364492,0.12680791895556723,NaN
postsynaptic,4.848484848484849,post,103.7668496793632,0.12147901528675827,NaN
postsynaptic,4.848484848484849,post,111.99872411166282,0.10890660711234339,NaN
postsynaptic,4.909090909090909,pre,24.395606003308735,0.171955134266458,3.6110578195956182
postsynaptic,4.909090909090909,pre,30.211076441373244,0.1718773318177296,3.609423968172322
postsynaptic,4.909090909090909,pre,36.02917932570512,0.17146213579028788,3.772166987386333
postsynaptic,4.909090909090909,pre,41.86137076197115,0.17185544020534088,3.6089642443121583
postsynaptic,4.909090909090909,pre,47.680214778809685,0.17450727829966725,3.664652844293012
postsynaptic,4.909090909090909,pre,53.410634791909544,0.1737584166372298,3.8226851660190557
postsynaptic,4.909090909090909,pre,59.16575169129857,0.17362279419721374,3.646078678141489
postsynaptic,4.909090909090909,pre,64.92536410062384,0.17273640343139,3.62746447205919
postsynaptic,4.909090909090909,pre,70.71453175802036,0.17120667244634408,3.7665467938195696
postsynaptic,4.909090909090909,post,82.36520415672602,0.14808361014095203,NaN
postsynaptic,4.909090909090909,post,89.11814595121739,0.1376796721472953,NaN
postsynaptic,4.909090909090909,post,96.38138230560207,0.12348128687867482,NaN
postsynaptic,4.909090909090909,post,104.47977539234192,0.11498131059202175,NaN
postsynaptic,4.909090909090909,post,113.17684098370758,0.1136027493088482,NaN
postsynaptic,4.96969696969697,pre,24.17795402661241,0.17384722693318425,3.6507917655968694
postsynaptic,4.96969696969697,pre,29.93013090996492,0.16908260609326714,3.719817334051877
postsynaptic,4.96969696969697,pre,35.84439981736745,0.17572282101282624,3.6901792412693513
postsynaptic,4.96969696969697,pre,41.53518029901593,0.1729076371453825,3.631060380053032
postsynaptic,4.96969696969697,pre,47.3186148338317,0.17166043240551856,3.60486908051589
postsynaptic,4.96969696969697,pre,53.14406910996722,0.17364738617760897,3.8202424959073977
postsynaptic,4.96969696969697,pre,58.90286584173712,0.16569881748895227,3.64537398475695
postsynaptic,4.96969696969697,pre,64.93791192808999,0.1746108372627105,3.666827582516921
postsynaptic,4.96969696969697,pre,70.66493331849459,0.17455493257215166,3.665653584015185
postsynaptic,4.96969696969697,post,82.27053504843417,0.1464778414786775,NaN
postsynaptic,4.96969696969697,post,89.09750621284451,0.14034927416481563,NaN
postsynaptic,4.96969696969697,post,96.22258759250077,0.129476045156662,NaN
postsynaptic,4.96969696969697,post,103.94602399179789,0.1164337463315573,NaN
postsynaptic,4.96969696969697,post,112.53459931043786,0.10839634421972578,NaN
postsynaptic,5.03030303030303,pre,24.275983962076438,0.1735936156430224,3.6454659285034703
postsynaptic,5.03030303030303,pre,30.036564478219372,0.17198090655615622,3.7835799442354365
postsynaptic,5.03030303030303,pre,35.85116343588607,0.17272132028606652,3.6271477260073968
postsynaptic,5.03030303030303,pre,41.64083664092971,0.17446524224241158,3.663770087090643
postsynaptic,5.03030303030303,pre,47.372637354624565,0.17362494538279416,3.6461238530386773
postsynaptic,5.03030303030303,pre,53.1321784032641,0.17361605193145077,3.8195531424919174
postsynaptic,5.03030303030303,pre,58.892014483368214,0.17199012776103467,3.6117926829817284
postsynaptic,5.03030303030303,pre,64.70630169286092,0.1739178210358897,3.6522742417536835
postsynaptic,5.03030303030303,pre,70.45614373920095,0.1747786495490631,3.6703516405303254
postsynaptic,5.03030303030303,post,81.98688570106508,0.1484200372203839,NaN
postsynaptic,5.03030303030303,post,88.7245204485563,0.13976704819443875,NaN
postsynaptic,5.03030303030303,post,95.87928269701445,0.12980933773509848,NaN
postsynaptic,5.03030303030303,post,103.58288875069216,0.11803982365228317,NaN
postsynaptic,5.03030303030303,post,112.05460591409422,0.10874122242842856,NaN
postsynaptic,5.090909090909091,pre,24.01343142638918,0.17674708915766915,3.711688872311052
postsynaptic,5.090909090909091,pre,29.6712332310228,0.1743110069700784,3.660531146371646
postsynaptic,5.090909090909091,pre,35.40810560289577,0.17201781254245618,3.784391875934036
postsynaptic,5.090909090909091,pre,41.22145705307299,0.17642142113200643,3.5284284226401286
postsynaptic,5.090909090909091,pre,46.88970297005693,0.17510113037342623,3.6771237378419506
postsynaptic,5.090909090909091,pre,52.60068837527601,0.1733961930976717,3.8147162481487777
postsynaptic,5.090909090909091,pre,58.36782767709859,0.17280774338730492,3.6289626111334035
postsynaptic,5.090909090909091,pre,64.15460540128166,0.1743624199042164,3.661610817988544
postsynaptic,5.090909090909091,pre,69.88978618478613,0.17494836146345033,3.6739155907324568
postsynaptic,5.090909090909091,post,81.41644778890239,0.15393578167886848,NaN
postsynaptic,5.090909090909091,post,87.91266321778909,0.13683957844234132,NaN
postsynaptic,5.090909090909091,post,95.22049046618535,0.12877980560388655,NaN
postsynaptic,5.090909090909091,post,102.98568311662231,0.11741643817851713,NaN
postsynaptic,5.090909090909091,post,111.50237818515798,0.11394372344013158,NaN
postsynaptic,5.151515151515151,pre,23.946274716826647,0.17359290335122082,3.6454509703756375
postsynaptic,5.151515151515151,pre,29.706878869962768,0.17058405465595464,3.752849202431002
postsynaptic,5.151515151515151,pre,35.56909150183429,0.17542582128978917,3.6839422470855725
postsynaptic,5.151515151515151,pre,41.26950659835581,0.17070902612640831,3.5848895486545747
postsynaptic,5.151515151515151,pre,47.12742766258536,0.1742961992018217,3.660220183238256
postsynaptic,5.151515151515151,pre,52.86478742475709,0.17235707901082925,3.7918557382382434
postsynaptic,5.151515151515151,pre,58.66669591461476,0.17475153595935128,3.669782255146377
postsynaptic,5.151515151515151,pre,64.38910627576094,0.17404094373413997,3.6548598184169396
postsynaptic,5.151515151515151,pre,70.13488068116506,0.1687872523362903,3.7133195513983868
postsynaptic,5.151515151515151,post,81.8279421100791,0.14816168064267365,NaN
postsynaptic,5.151515151515151,post,88.57732559211271,0.1347664908622667,NaN
postsynaptic,5.151515151515151,post,95.99756777250765,0.12498669767784956,NaN
postsynaptic,5.151515151515151,post,103.99841921173423,0.12059417228847505,NaN
postsynaptic,5.151515151515151,post,112.29069387993201,0.1080690451992898,NaN
postsynaptic,5.212121212121212,pre,23.547444232099995,0.17208124971095654,3.785787493641044
postsynaptic,5.212121212121212,pre,29.358652610001084,0.17261874183837853,3.624993578605949
postsynaptic,5.212121212121212,pre,35.15176632030892,0.17319182793252574,3.6370283865830406
postsynaptic,5.212121212121212,pre,40.92571080682126,0.17224538678921608,3.7893985093627536
postsynaptic,5.212121212121212,pre,46.731381534152504,0.1737249919755339,3.648224831486212
postsynaptic,5.212121212121212,pre,52.487605717146465,0.17276104960006056,3.6279820416012716
postsynaptic,5.212121212121212,pre,58.27594748929352,0.17220111635080296,3.788424559717665
postsynaptic,5.212121212121212,pre,64.08311077134118,0.1813292193923118,3.6265843878462363
postsynaptic,5.212121212121212,pre,69.5979417696287,0.1729513358751744,3.631978053378662
postsynaptic,5.212121212121212,post,81.1555049519037,0.15219398090851818,NaN
postsynaptic,5.212121212121212,post,87.7260670334691,0.1371844171465452,NaN
postsynaptic,5.212121212121212,post,95.01552469054225,0.13009093935057933,NaN
postsynaptic,5.212121212121212,post,102.70245511776533,0.1193725147371244,NaN
postsynaptic,5.212121212121212,post,111.07959287181319,0.11369902266531118,NaN
postsynaptic,5.2727272727272725,pre,23.422761333736986,0.17235084681338278,3.6193677830810387
postsynaptic,5.2727272727272725,pre,29.224879620296814,0.17270616430132332,3.799535614629113
postsynaptic,5.2727272727272725,pre,35.015060903318556,0.17321147878432336,3.6374410544707905
postsynaptic,5.2727272727272725,pre,40.78835033551123,0.17261933928149048,3.6250061249113
postsynaptic,5.2727272727272725,pre,46.58144399559818,0.1724584757681331,3.7940864668989285
postsynaptic,5.2727272727272725,pre,52.379941260206266,0.17315741937546175,3.636305806884697
postsynaptic,5.2727272727272725,pre,58.15503310210808,0.17273404084981067,3.6274148578460244
postsynaptic,5.2727272727272725,pre,63.94427994123855,0.17235160887018702,3.7917353951441144
postsynaptic,5.2727272727272725,pre,69.74637257359214,0.17313928993069858,3.63592508854467
postsynaptic,5.2727272727272725,post,81.30590848804539,0.15294913643864594,NaN
postsynaptic,5.2727272727272725,post,87.8440297438077,0.14226208660410072,NaN
postsynaptic,5.2727272727272725,post,94.87330946176155,0.12963769165781214,NaN
postsynaptic,5.2727272727272725,post,102.58711543294137,0.11895176382051055,NaN
postsynaptic,5.2727272727272725,post,110.99388442805208,0.11375118191424746,NaN
postsynaptic,5.333333333333333,pre,23.389006962015863,0.16665218490702632,3.666348067954579
postsynaptic,5.333333333333333,pre,29.389528350666666,0.1704998482326476,3.750996661118247
postsynaptic,5.333333333333333,pre,35.25463621067776,0.17804034129901666,3.5608068259803334
postsynaptic,5.333333333333333,pre,40.871340788436974,0.1724202412719079,3.7932453079819735
postsynaptic,5.333333333333333,pre,46.67112388016223,0.1736627546990418,3.6469178486798777
postsynaptic,5.333333333333333,pre,52.429410979390866,0.1737437816321479,3.648619414275106
postsynaptic,5.333333333333333,pre,58.18501265103636,0.17301751063547688,3.6333677233450143
postsynaptic,5.333333333333333,pre,63.96477445853836,0.17296380445681875,3.8052036980500126
postsynaptic,5.333333333333333,pre,69.74633091273658,0.17340944966503302,3.641598442965693
postsynaptic,5.333333333333333,post,81.2684514871587,0.15329591144821067,NaN
postsynaptic,5.333333333333333,post,87.79178267422587,0.1430859808006355,NaN
postsynaptic,5.333333333333333,post,94.78058754808224,0.13011662196742832,NaN
postsynaptic,5.333333333333333,post,102.46600071728,0.11911601511020617,NaN
postsynaptic,5.333333333333333,post,110.86117746219377,0.11381439044146935,NaN
postsynaptic,5.393939393939394,pre,24.342262930784525,0.17081155216365773,3.75785414760047
postsynaptic,5.393939393939394,pre,30.196667901250933,0.17295621500189737,3.6320805150398447
postsynaptic,5.393939393939394,pre,35.97847805469948,0.17258240581119783,3.7968129278463523
postsynaptic,5.393939393939394,pre,41.7728114648733,0.1738907068046342,3.651704842897318
postsynaptic,5.393939393939394,pre,47.523550066007964,0.17411809073805806,3.6564799054992196
postsynaptic,5.393939393939394,pre,53.266778674598626,0.17389593637978196,3.651814663975421
postsynaptic,5.393939393939394,pre,59.0173443336836,0.17320303117776167,3.6372636547329953
postsynaptic,5.393939393939394,pre,64.79091534569251,0.17345839573119812,3.8160847060863587
postsynaptic,5.393939393939394,pre,70.55598653630621,0.1735855647154257,3.6452968590239396
postsynaptic,5.393939393939394,post,82.05636089803733,0.1534896818803649,NaN
postsynaptic,5.393939393939394,post,88.57145681685898,0.1347677724263218,NaN
postsynaptic,5.393939393939394,post,95.99162843501573,0.12797060680061353,NaN
postsynaptic,5.393939393939394,post,103.8059228655959,0.11912956824481512,NaN
postsynaptic,5.393939393939394,post,112.20014450790865,0.11354807198417859,NaN
postsynaptic,5.454545454545454,pre,23.61427809440715,0.17401428777599834,3.654300043295965
postsynaptic,5.454545454545454,pre,29.360932652378047,0.17449653674023471,3.664427271544929
postsynaptic,5.454545454545454,pre,35.091705415442426,0.17407802682136794,3.6556385632487265
postsynaptic,5.454545454545454,pre,40.836255823439416,0.17329420166377266,3.6391782349392257
postsynaptic,5.454545454545454,pre,46.60678934619519,0.1738275567338196,3.8242062481440318
postsynaptic,5.454545454545454,pre,52.359617141682705,0.1740424663128912,3.654891792570715
postsynaptic,5.454545454545454,pre,58.10534128122813,0.17399448635843287,3.65388421352709
postsynaptic,5.454545454545454,pre,63.8526498363968,0.1744800440521969,3.6640809250961346
postsynaptic,5.454545454545454,pre,69.58396429950436,0.17395346633178327,3.6530227929674486
postsynaptic,5.454545454545454,post,81.11005069406961,0.14875192200410103,NaN
postsynaptic,5.454545454545454,post,87.83265290671484,0.14306536599508876,NaN
postsynaptic,5.454545454545454,post,94.82246482271923,0.12995947936223395,NaN
postsynaptic,5.454545454545454,post,102.517170933481,0.11910146060434254,NaN
postsynaptic,5.454545454545454,post,110.91337359065932,0.11383164937525145,NaN
postsynaptic,5.515151515151516,pre,23.63915469367505,0.1740889236643462,3.65586739695127
postsynaptic,5.515151515151516,pre,29.383345529894243,0.17485654079986626,3.671987356797192
postsynaptic,5.515151515151516,pre,35.10231946947686,0.17430740745935272,3.6604555566464074
postsynaptic,5.515151515151516,pre,40.83931030982995,0.1735170873817027,3.643858835015757
postsynaptic,5.515151515151516,pre,46.60243148186876,0.17372019609801195,3.821844314156263
postsynaptic,5.515151515151516,pre,52.358814576415845,0.17436654962227985,3.661697542067877
postsynaptic,5.515151515151516,pre,58.09385952721772,0.1739362214511616,3.6526606504743935
postsynaptic,5.515151515151516,pre,63.843093307605336,0.17456287474814,3.66582036971094
postsynaptic,5.515151515151516,pre,69.57168824191083,0.17478500770636038,3.670485161833568
postsynaptic,5.515151515151516,post,81.0309791173534,0.15360614974472045,NaN
postsynaptic,5.515151515151516,post,87.54113513429614,0.14281077762699418,NaN
postsynaptic,5.515151515151516,post,94.54340776817178,0.13189415167991467,NaN
postsynaptic,5.515151515151516,post,102.12524507682542,0.11970785648072833,NaN
postsynaptic,5.515151515151516,post,110.47891566619889,0.11401694558864904,NaN
postsynaptic,5.515151515151516,post,119.24954177652994,0.11186114469428074,NaN
postsynaptic,5.575757575757576,pre,23.572873272661084,0.17460642975340995,3.666735024821609
postsynaptic,5.575757575757576,pre,29.30003922761625,0.1747303567494692,3.6693374917388533
postsynaptic,5.575757575757576,pre,35.02314320681669,0.17424632274474644,3.659172777639675
postsynaptic,5.575757575757576,pre,40.76214523709139,0.17944852268425243,3.5889704536850484
postsynaptic,5.575757575757576,pre,46.3347740057302,0.18235881505394969,3.829535116132943
postsynaptic,5.575757575757576,pre,51.81846833497969,0.18228076845505053,3.6456153691010105
postsynaptic,5.575757575757576,pre,57.3045106008515,0.18305872880791163,3.6611745761582326
postsynaptic,5.575757575757576,pre,62.76723836320435,0.18336849177002226,3.667369835400445
postsynaptic,5.575757575757576,pre,68.22073798218024,0.1823404471724967,3.646808943449934
postsynaptic,5.575757575757576,post,79.20699224132643,0.15209080933410968,NaN
postsynaptic,5.575757575757576,post,85.78201149711343,0.14212880032584313,NaN
postsynaptic,5.575757575757576,post,92.81788316919825,0.1298622142377334,NaN
postsynaptic,5.575757575757576,post,100.51835251564988,0.11899694994946289,NaN
postsynaptic,5.575757575757576,post,108.92192924954678,0.11797253818887155,NaN
postsynaptic,5.636363636363637,pre,23.473356761807032,0.17494185842887758,3.673779027006429
postsynaptic,5.636363636363637,pre,29.189541607337006,0.1833063435319475,3.6661268706389496
postsynaptic,5.636363636363637,pre,34.644890182470824,0.18232861153530694,3.8289008422414454
postsynaptic,5.636363636363637,pre,40.129492909269715,0.1821286802587498,3.642573605174996
postsynaptic,5.636363636363637,pre,45.620116344191125,0.18310369374966579,3.6620738749933155
postsynaptic,5.636363636363637,pre,51.081502619484795,0.18296331646289035,3.659266329257807
postsynaptic,5.636363636363637,pre,56.547079104062924,0.18302635305470616,3.6605270610941227
postsynaptic,5.636363636363637,pre,62.010773174944084,0.1835372491736453,3.6707449834729062
postsynaptic,5.636363636363637,pre,67.45925845246884,0.18325887340930755,3.665177468186151
postsynaptic,5.636363636363637,post,78.40630061781064,0.1520168673379433,NaN
postsynaptic,5.636363636363637,post,84.98451800586493,0.14219858592030435,NaN
postsynaptic,5.636363636363637,post,92.01693674285893,0.1295343027039703,NaN
postsynaptic,5.636363636363637,post,99.73689955676575,0.11945528403563827,NaN
postsynaptic,5.636363636363637,post,108.10823288097149,0.11391563693785799,NaN
postsynaptic,5.696969696969697,pre,23.230691207470237,0.18288618273332566,3.657723654666513
postsynaptic,5.696969696969697,pre,28.6985728432204,0.1824155485337439,3.8307265192086217
postsynaptic,5.696969696969697,pre,34.18056167606935,0.18285795869220478,3.657159173844095
postsynaptic,5.696969696969697,pre,39.64928727681418,0.18297917897022128,3.659583579404426
postsynaptic,5.696969696969697,pre,45.11438994930318,0.18357604329961624,3.671520865992325
postsynaptic,5.696969696969697,pre,50.561723828091985,0.18327508891034952,3.6655017782069907
postsynaptic,5.696969696969697,pre,56.01800272527019,0.1840177398901273,3.6803547978025457
postsynaptic,5.696969696969697,pre,61.45226140379258,0.18331895509376755,3.6663791018753513
postsynaptic,5.696969696969697,pre,66.90723467422444,0.182547004372244,3.6509400874448796
postsynaptic,5.696969696969697,post,77.8578125193761,0.15197510868968195,NaN
postsynaptic,5.696969696969697,post,84.43783742359841,0.1414014741410146,NaN
postsynaptic,5.696969696969697,post,91.50989948005714,0.12963493419217734,NaN
postsynaptic,5.696969696969697,post,99.22386953166028,0.11796294463316342,NaN
postsynaptic,5.696969696969697,post,107.70110789757054,0.10320131433553897,NaN
postsynaptic,5.757575757575758,pre,23.831108064148168,0.18614873825822567,3.7229747651645133
postsynaptic,5.757575757575758,pre,29.20315629480982,0.18285293931058755,3.657058786211751
postsynaptic,5.757575757575758,pre,34.67203201411907,0.18213046325925827,3.824739728444424
postsynaptic,5.757575757575758,pre,40.162601697547174,0.18289628225415677,3.6579256450831354
postsynaptic,5.757575757575758,pre,45.63018139722843,0.18319964617298412,3.6639929234596824
postsynaptic,5.757575757575758,pre,51.088707223505196,0.18320303110600666,3.6640606221201337
postsynaptic,5.757575757575758,pre,56.54713219585934,0.183199828314781,3.6639965662956198
postsynaptic,5.757575757575758,pre,62.00565259513483,0.18288879271405956,3.657775854281191
postsynaptic,5.757575757575758,pre,67.47345619950039,0.18233904372986443,3.6467808745972885
postsynaptic,5.757575757575758,post,78.44885535021584,0.1516205817780149,NaN
postsynaptic,5.757575757575758,post,85.04426600141676,0.14153793769533174,NaN
postsynaptic,5.757575757575758,post,92.10950954165087,0.12962058023184603,NaN
postsynaptic,5.757575757575758,post,99.82433382504281,0.12542340181343026,NaN
postsynaptic,5.757575757575758,post,107.79732758491164,0.11473732126931852,NaN
postsynaptic,5.818181818181818,pre,23.17818958959906,0.18571868526612437,3.7143737053224872
postsynaptic,5.818181818181818,pre,28.56267741626581,0.18473552031620438,3.6947104063240874
postsynaptic,5.818181818181818,pre,33.975821560328306,0.1836700680155738,3.6734013603114763
postsynaptic,5.818181818181818,pre,39.420366830030105,0.1835569098499854,3.671138196999708
postsynaptic,5.818181818181818,pre,44.86826852339193,0.18362348213843466,3.672469642768693
postsynaptic,5.818181818181818,pre,50.31419509201073,0.18370267092264583,3.674053418452917
postsynaptic,5.818181818181818,pre,55.757774082874086,0.18374699541577882,3.6749399083155767
postsynaptic,5.818181818181818,pre,61.20003994271697,0.18376561394721497,3.675312278944299
postsynaptic,5.818181818181818,pre,66.64175440996894,0.18375895762372896,3.675179152474579
postsynaptic,5.818181818181818,post,77.5279640553015,0.15229547572355984,NaN
postsynaptic,5.818181818181818,post,84.09414729383155,0.14228325682572185,NaN
postsynaptic,5.818181818181818,post,91.12238113040213,0.12923333243266977,NaN
postsynaptic,5.818181818181818,post,98.86032289183584,0.11948422749745428,NaN
postsynaptic,5.818181818181818,post,107.22962837210356,0.11400123928517149,NaN
postsynaptic,5.878787878787879,pre,22.939591264535313,0.1827687996741249,3.655375993482498
postsynaptic,5.878787878787879,pre,28.41098464121115,0.18301795393746867,3.660359078749373
postsynaptic,5.878787878787879,pre,33.87492945365107,0.18336187517391034,3.850599378652117
postsynaptic,5.878787878787879,pre,39.32862586165053,0.18472348222595925,3.509746162293226
postsynaptic,5.878787878787879,pre,44.74212277038014,0.18486250787029082,3.6972501574058168
postsynaptic,5.878787878787879,pre,50.15154846475432,0.18420562328793647,3.684112465758729
postsynaptic,5.878787878787879,pre,55.580264386400614,0.18331584006290147,3.8496326413209307
postsynaptic,5.878787878787879,pre,61.035330351550535,0.18302603375970283,3.6605206751940567
postsynaptic,5.878787878787879,pre,66.49903395402772,0.18328073215486831,3.665614643097366
postsynaptic,5.878787878787879,post,77.40383923568767,0.15197457342246107,NaN
postsynaptic,5.878787878787879,post,83.98388731531074,0.14190516428385058,NaN
postsynaptic,5.878787878787879,post,91.03084719902375,0.1297245084579029,NaN
postsynaptic,5.878787878787879,post,98.73949078447632,0.12600170201419797,NaN
postsynaptic,5.878787878787879,post,106.67589151569278,0.11487904817594256,NaN
postsynaptic,5.9393939393939394,pre,23.01115067659045,0.18304871070011264,3.8440229247023656
postsynaptic,5.9393939393939394,pre,28.474177409612857,0.18343030538497374,3.6686061076994747
postsynaptic,5.9393939393939394,pre,33.925839270510124,0.18360068822855635,3.6720137645711275
postsynaptic,5.9393939393939394,pre,39.37244194748454,0.1834946191248472,3.669892382496944
postsynaptic,5.9393939393939394,pre,44.82219303429768,0.1749152179784286,3.673219577547001
postsynaptic,5.9393939393939394,pre,50.53924848297411,0.1718993180382512,3.6098856788032756
postsynaptic,5.9393939393939394,pre,56.35660722186962,0.16886681553628144,3.715069941798192
postsynaptic,5.9393939393939394,pre,62.278433821277176,0.171526658367859,3.773586484092898
postsynaptic,5.9393939393939394,pre,68.10843138267887,0.18558634000983665,3.526140460186896
postsynaptic,5.9393939393939394,post,78.95617127770593,0.15163318577906837,NaN
postsynaptic,5.9393939393939394,post,85.55103370747123,0.1423126528717425,NaN
postsynaptic,5.9393939393939394,post,92.57781579480424,0.1296026476181305,NaN
postsynaptic,5.9393939393939394,post,100.29370754839297,0.12147279673365474,NaN
postsynaptic,5.9393939393939394,post,108.52600339478427,0.1136152074460593,NaN
postsynaptic,6.0,pre,22.968141506961405,0.18484140580055786,3.696828116011157
postsynaptic,6.0,pre,28.378184758195875,0.18353250974774024,3.670650194954805
postsynaptic,6.0,pre,33.82681073391249,0.1835173136603423,3.6703462732068455
postsynaptic,6.0,pre,39.27588788121,0.18233443935423388,3.8290232264389115
postsynaptic,6.0,pre,44.7603153077656,0.174530593740023,3.665142468540483
postsynaptic,6.0,pre,50.48996979739381,0.18302929890084593,3.6605859780169188
postsynaptic,6.0,pre,55.953575930430134,0.18216736961990368,3.643347392398074
postsynaptic,6.0,pre,61.44303324699853,0.16851327683187647,3.7072920903012823
postsynaptic,6.0,pre,67.37728376304355,0.17275759160739487,3.627909423755292
postsynaptic,6.0,post,78.64070993946115,0.154644773179761,NaN
postsynaptic,6.0,post,85.10714252194221,0.1431310163852509,NaN
postsynaptic,6.0,post,92.09374839713843,0.12991921036475232,NaN
postsynaptic,6.0,post,99.79083951393685,0.11794901813838198,NaN
postsynaptic,6.0,post,108.26907880565155,0.11372094660408673,NaN
